     - Umcenge Milk: 1 × 18.333 = 18.33 page-4966190e7ca45b28.js:1:14434
     SUBTOTAL: 316.07 page-4966190e7ca45b28.js:1:14530
  5195. DL-00580 (2026-02-22T00:00:00.000Z): page-4966190e7ca45b28.js:1:14168
     - Brown Sugar: 1.1 × 17.8 = 19.58 page-4966190e7ca45b28.js:1:14434
     - FOMO 40: 4 × 0.673 = 2.69 page-4966190e7ca45b28.js:1:14434
     - Still Water 500ml: 3 × 4.167 = 12.50 page-4966190e7ca45b28.js:1:14434
     - Chicken: 1.9 × 45.126 = 85.74 page-4966190e7ca45b28.js:1:14434
     - Brown Bread: 1 × 14.59 = 14.59 page-4966190e7ca45b28.js:1:14434
     - White Bread: 2 × 16.29 = 32.58 page-4966190e7ca45b28.js:1:14434
     - Five Roses Tea: 2 × 0.64 = 1.28 page-4966190e7ca45b28.js:1:14434
     - Rooibos Tea: 5 × 0.475 = 2.38 page-4966190e7ca45b28.js:1:14434
     - Cheese Slice: 7 × 2.889 = 20.22 page-4966190e7ca45b28.js:1:14434
     - Umcenge Milk 500ML: 1 × 18.333 = 18.33 page-4966190e7ca45b28.js:1:14434
     - FOMO 6: 3 × 0.312 = 0.94 page-4966190e7ca45b28.js:1:14434
     SUBTOTAL: 210.83 page-4966190e7ca45b28.js:1:14530
  5196. DL-00584 (2026-02-22T00:00:00.000Z): page-4966190e7ca45b28.js:1:14168
     - Pears: 27 × 13.333 = 359.99 page-4966190e7ca45b28.js:1:14434
     - Banana: 6.05 × 11.901 = 72.00 page-4966190e7ca45b28.js:1:14434
     SUBTOTAL: 431.99 page-4966190e7ca45b28.js:1:14530
  5197. DL-00576 (2026-02-22T00:00:00.000Z): page-4966190e7ca45b28.js:1:14168
     - Jungle Oats: 12 × 38 = 456.00 page-4966190e7ca45b28.js:1:14434
     - Romi: 0.5 × 23.533 = 11.77 page-4966190e7ca45b28.js:1:14434
     - Nespray 1.8kg : 1 × 257 = 257.00 page-4966190e7ca45b28.js:1:14434
     - Top Score Maize Meal: 0.3 × 13.2 = 3.96 page-4966190e7ca45b28.js:1:14434
     SUBTOTAL: 728.73 page-4966190e7ca45b28.js:1:14530
  5198. DL-00591 (2026-02-22T00:00:00.000Z): page-4966190e7ca45b28.js:1:14168
     - Onion: 2 × 4 = 8.00 page-4966190e7ca45b28.js:1:14434
     - Potatoes: 1 × 8.823 = 8.82 page-4966190e7ca45b28.js:1:14434
     - Chicken: 23.22 × 45.126 = 1047.83 page-4966190e7ca45b28.js:1:14434
     - Top Score Maize Meal: 0.94 × 13.2 = 12.41 page-4966190e7ca45b28.js:1:14434
     - Vienna: 1.1 × 90.52 = 99.57 page-4966190e7ca45b28.js:1:14434
     - Liqui Fruit Can 300ml: 2 × 10.25 = 20.50 page-4966190e7ca45b28.js:1:14434
     - Sihlobo Rice: 10 × 10.476 = 104.76 page-4966190e7ca45b28.js:1:14434
     - Plastic Spoons : 250 × 0.144 = 36.00 page-4966190e7ca45b28.js:1:14434
     - Matches: 4 × 15 = 60.00 page-4966190e7ca45b28.js:1:14434
     SUBTOTAL: 1397.89 page-4966190e7ca45b28.js:1:14530
  5199. DL-00589 (2026-02-22T00:00:00.000Z): page-4966190e7ca45b28.js:1:14168
     - Rooibos Tea: 28 × 0.475 = 13.30 page-4966190e7ca45b28.js:1:14434
     - Brown Bread: 15 × 14.19 = 212.85 page-4966190e7ca45b28.js:1:14434
     - White Bread: 5 × 15.916 = 79.58 page-4966190e7ca45b28.js:1:14434
     - Umcenge Milk: 3 × 18.333 = 55.00 page-4966190e7ca45b28.js:1:14434
     - FOMO Cups 250ml: 75 × 0.34 = 25.50 page-4966190e7ca45b28.js:1:14434
     - Cheese Slice: 5 × 2.889 = 14.44 page-4966190e7ca45b28.js:1:14434
     - White Sugar: 0.5 × 19.4 = 9.70 page-4966190e7ca45b28.js:1:14434
     - Brown Sugar: 3 × 17.8 = 53.40 page-4966190e7ca45b28.js:1:14434
     SUBTOTAL: 463.77 page-4966190e7ca45b28.js:1:14530
  5200. DL-00590 (2026-02-22T00:00:00.000Z): page-4966190e7ca45b28.js:1:14168
     - Top Score Maize Meal: 0.94 × 13.2 = 12.41 page-4966190e7ca45b28.js:1:14434
     - Chicken: 2.67 × 45.126 = 120.49 page-4966190e7ca45b28.js:1:14434
     - Pot Scourer: 3 × 1.028 = 3.08 page-4966190e7ca45b28.js:1:14434
     - Sihlobo Rice: 10.72 × 10.476 = 112.30 page-4966190e7ca45b28.js:1:14434
     - Ruchi Sea Food Spice: 1 × 47 = 47.00 page-4966190e7ca45b28.js:1:14434
     - Cake Flour: 0.9 × 14.16 = 12.74 page-4966190e7ca45b28.js:1:14434
     - Jelly: 1.12 × 118.75 = 133.00 page-4966190e7ca45b28.js:1:14434
     - Plastic Spoons : 250 × 0.144 = 36.00 page-4966190e7ca45b28.js:1:14434
     - Custard: 1 × 103.96 = 103.96 page-4966190e7ca45b28.js:1:14434
     - Onion: 3.998 × 4 = 15.99 page-4966190e7ca45b28.js:1:14434
     - Potatoes: 3 × 8.823 = 26.47 page-4966190e7ca45b28.js:1:14434
     - Carrots: 3.3 × 10 = 33.00 page-4966190e7ca45b28.js:1:14434
     - Liqui Fruit Can 300ml: 2 × 10.25 = 20.50 page-4966190e7ca45b28.js:1:14434
     - Cheese Slice: 3 × 2.889 = 8.67 page-4966190e7ca45b28.js:1:14434
     - FOMO 6: 46 × 0.312 = 14.35 page-4966190e7ca45b28.js:1:14434
     - FOMO Cups 250ml: 75 × 0.34 = 25.50 page-4966190e7ca45b28.js:1:14434
     - Mayonnaise: 2.05 × 55.5 = 113.77 page-4966190e7ca45b28.js:1:14434
     - Umcenge Milk: 7 × 18.333 = 128.33 page-4966190e7ca45b28.js:1:14434
     - White Sugar: 0.88 × 19.4 = 17.07 page-4966190e7ca45b28.js:1:14434
     SUBTOTAL: 984.64 page-4966190e7ca45b28.js:1:14530
  5201. DL-00578 (2026-02-22T00:00:00.000Z): page-4966190e7ca45b28.js:1:14168
     - Chicken: 71.35 × 45.105 = 3218.24 page-4966190e7ca45b28.js:1:14434
     - Dish Wash: 4 × 12.32 = 49.28 page-4966190e7ca45b28.js:1:14434
     - Mayonnaise: 4.55 × 55.5 = 252.52 page-4966190e7ca45b28.js:1:14434
     - Carrots: 22.65 × 10 = 226.50 page-4966190e7ca45b28.js:1:14434
     - Onion: 4.3 × 4 = 17.20 page-4966190e7ca45b28.js:1:14434
     - Domestos 750ml : 1 × 42.667 = 42.67 page-4966190e7ca45b28.js:1:14434
     - Cling Wrap: 1 × 300 = 300.00 page-4966190e7ca45b28.js:1:14434
     - Tissue: 3 × 4.896 = 14.69 page-4966190e7ca45b28.js:1:14434
     - Sihlobo Rice: 25 × 10.476 = 261.90 page-4966190e7ca45b28.js:1:14434
     - Cabbage: 7 × 12 = 84.00 page-4966190e7ca45b28.js:1:14434
     - Cake Flour: 2.5 × 14.16 = 35.40 page-4966190e7ca45b28.js:1:14434
     - Crown Six Gun: 1 × 81.5 = 81.50 page-4966190e7ca45b28.js:1:14434
     - Spice Mix: 0.4 × 70 = 28.00 page-4966190e7ca45b28.js:1:14434
     - Soup: 4.34 × 6.774 = 29.40 page-4966190e7ca45b28.js:1:14434
     - Beef Stock Cubes 240g: 0.24 × 28.99 = 6.96 page-4966190e7ca45b28.js:1:14434
     - Exotic Paprika: 1 × 124 = 124.00 page-4966190e7ca45b28.js:1:14434
     - Sun Sun Cooking Oil: 6 × 29.5 = 177.00 page-4966190e7ca45b28.js:1:14434
     - Country Mix: 1 × 62.775 = 62.77 page-4966190e7ca45b28.js:1:14434
     - FOMO 73: 2 × 0.368 = 0.74 page-4966190e7ca45b28.js:1:14434
     - FOMO 40: 5 × 0.673 = 3.37 page-4966190e7ca45b28.js:1:14434
     - Still Water 500ml: 1 × 4.167 = 4.17 page-4966190e7ca45b28.js:1:14434
     SUBTOTAL: 5020.30 page-4966190e7ca45b28.js:1:14530
  5202. DL-00593 (2026-02-22T00:00:00.000Z): page-4966190e7ca45b28.js:1:14168
     - Soft Drink 1L: 1 × 16.375 = 16.38 page-4966190e7ca45b28.js:1:14434
     - Soft Drink 2L: 2 × 23.667 = 47.33 page-4966190e7ca45b28.js:1:14434
     - Eggs: 10 × 1.917 = 19.17 page-4966190e7ca45b28.js:1:14434
     - Cheese Slice: 4 × 2.889 = 11.56 page-4966190e7ca45b28.js:1:14434
     - Russian: 0.1 × 101.5 = 10.15 page-4966190e7ca45b28.js:1:14434
     - Brown Bread: 1 × 14.19 = 14.19 page-4966190e7ca45b28.js:1:14434
     - White Bread: 1 × 15.916 = 15.92 page-4966190e7ca45b28.js:1:14434
     - Plastic Spoons : 250 × 0.144 = 36.00 page-4966190e7ca45b28.js:1:14434
     - Onion: 4 × 4 = 16.00 page-4966190e7ca45b28.js:1:14434
     - Crushed Garlic: 1 × 74.865 = 74.86 page-4966190e7ca45b28.js:1:14434
     - Liqui Fruit Can 300ml: 1 × 10.25 = 10.25 page-4966190e7ca45b28.js:1:14434
     - Sihlobo Rice: 2 × 10.476 = 20.95 page-4966190e7ca45b28.js:1:14434
     SUBTOTAL: 292.76 page-4966190e7ca45b28.js:1:14530
  5203. DL-00582 (2026-02-22T00:00:00.000Z): page-4966190e7ca45b28.js:1:14168
     - Pork Sliced: 3.25 × 80 = 260.00 page-4966190e7ca45b28.js:1:14434
     - Beef Chuck: 1.8 × 121.73 = 219.11 page-4966190e7ca45b28.js:1:14434
     - Braai Wors: 2 × 90 = 180.00 page-4966190e7ca45b28.js:1:14434
     - Chicken: 3.45 × 45.126 = 155.68 page-4966190e7ca45b28.js:1:14434
     - Top Score Maize Meal: 1.5 × 13.2 = 19.80 page-4966190e7ca45b28.js:1:14434
     - Tastic Rice: 1.5 × 18.4 = 27.60 page-4966190e7ca45b28.js:1:14434
     - Cling Wrap: 1 × 300 = 300.00 page-4966190e7ca45b28.js:1:14434
     - Potatoes: 4 × 8.823 = 35.29 page-4966190e7ca45b28.js:1:14434
     - Lettuce: 3 × 5 = 15.00 page-4966190e7ca45b28.js:1:14434
     - Green Pepper: 0.4 × 35.813 = 14.33 page-4966190e7ca45b28.js:1:14434
     - Red Pepper: 0.9 × 62.5 = 56.25 page-4966190e7ca45b28.js:1:14434
     - Yellow Pepper: 0.9 × 50 = 45.00 page-4966190e7ca45b28.js:1:14434
     - Baby Marrow: 0.4 × 62.475 = 24.99 page-4966190e7ca45b28.js:1:14434
     - Carrots: 2 × 10 = 20.00 page-4966190e7ca45b28.js:1:14434
     - Koo Beans 410g: 4 × 14.167 = 56.67 page-4966190e7ca45b28.js:1:14434
     - Spice Mix: 0.4 × 70 = 28.00 page-4966190e7ca45b28.js:1:14434
     - Sweet-Chilli Sauce: 1 × 19 = 19.00 page-4966190e7ca45b28.js:1:14434
     - Still Water 500ml: 21 × 4.167 = 87.51 page-4966190e7ca45b28.js:1:14434
     - Rama: 0.375 × 80 = 30.00 page-4966190e7ca45b28.js:1:14434
     - Mayonnaise: 2 × 55.5 = 111.00 page-4966190e7ca45b28.js:1:14434
     - Liqui Fruit Can 300ml: 1 × 10.25 = 10.25 page-4966190e7ca45b28.js:1:14434
     - Yoghurt Bliss 150g: 1 × 13.605 = 13.61 page-4966190e7ca45b28.js:1:14434
     SUBTOTAL: 1729.09 page-4966190e7ca45b28.js:1:14530
  5204. DL-00577 (2026-02-22T00:00:00.000Z): page-4966190e7ca45b28.js:1:14168
     - Brown Bread: 24 × 14.19 = 340.56 page-4966190e7ca45b28.js:1:14434
     - Lettuce: 7 × 5 = 35.00 page-4966190e7ca45b28.js:1:14434
     - Cheese Slice: 238 × 2.889 = 687.58 page-4966190e7ca45b28.js:1:14434
     - Rooibos Tea: 80 × 0.475 = 38.00 page-4966190e7ca45b28.js:1:14434
     - Five Roses Tea: 30 × 0.64 = 19.20 page-4966190e7ca45b28.js:1:14434
     - Sunny Milk: 6 × 16.667 = 100.00 page-4966190e7ca45b28.js:1:14434
     - Tomatoes: 2.8 × 19.99 = 55.97 page-4966190e7ca45b28.js:1:14434
     SUBTOTAL: 1276.32 page-4966190e7ca45b28.js:1:14530
  5205. DL-00579 (2026-02-22T00:00:00.000Z): page-4966190e7ca45b28.js:1:14168
     - Brown Bread: 3 × 14.19 = 42.57 page-4966190e7ca45b28.js:1:14434
     - White Bread: 1 × 15.915 = 15.91 page-4966190e7ca45b28.js:1:14434
     - Ox-Liver: 0.8 × 70.15 = 56.12 page-4966190e7ca45b28.js:1:14434
     - Umcenge Milk: 5 × 18.333 = 91.66 page-4966190e7ca45b28.js:1:14434
     - Eggs: 30 × 1.917 = 57.51 page-4966190e7ca45b28.js:1:14434
     - Selati Brown Sugar: 120 × 0.26 = 31.20 page-4966190e7ca45b28.js:1:14434
     - Rooibos Tea: 10 × 0.475 = 4.75 page-4966190e7ca45b28.js:1:14434
     - Ellis Brown Sachets 4g: 10 × 1.19 = 11.90 page-4966190e7ca45b28.js:1:14434
     - Canderel Sugar: 8 × 0.772 = 6.18 page-4966190e7ca45b28.js:1:14434
     - Soy Milk: 1 × 46.99 = 46.99 page-4966190e7ca45b28.js:1:14434
     - Jungle Oats: 1 × 38 = 38.00 page-4966190e7ca45b28.js:1:14434
     - Top Score Maize Meal: 1 × 13.2 = 13.20 page-4966190e7ca45b28.js:1:14434
     - All-Bran: 1 × 76 = 76.00 page-4966190e7ca45b28.js:1:14434
     - Red Pepper: 0.4 × 62.5 = 25.00 page-4966190e7ca45b28.js:1:14434
     - Yellow Pepper: 0.4 × 50 = 20.00 page-4966190e7ca45b28.js:1:14434
     - Brocolli: 1 × 32.99 = 32.99 page-4966190e7ca45b28.js:1:14434
     - Cauliflower: 1 × 29.99 = 29.99 page-4966190e7ca45b28.js:1:14434
     - Tomatoes: 1 × 19.99 = 19.99 page-4966190e7ca45b28.js:1:14434
     - Cucumber: 1 × 10 = 10.00 page-4966190e7ca45b28.js:1:14434
     - Bacon: 0.5 × 88.35 = 44.17 page-4966190e7ca45b28.js:1:14434
     - Liqui Fruit Can 300ml: 22 × 10.25 = 225.50 page-4966190e7ca45b28.js:1:14434
     - Krush 200ML: 5 × 7.167 = 35.84 page-4966190e7ca45b28.js:1:14434
     - Still Water 500ml: 6 × 4.167 = 25.00 page-4966190e7ca45b28.js:1:14434
     - Cheese Slice: 4 × 2.889 = 11.56 page-4966190e7ca45b28.js:1:14434
     SUBTOTAL: 972.03 page-4966190e7ca45b28.js:1:14530
  5206. DL-00595 (2026-02-22T00:00:00.000Z): page-4966190e7ca45b28.js:1:14168
     - Umcenge Milk: 2 × 18.333 = 36.67 page-4966190e7ca45b28.js:1:14434
     SUBTOTAL: 36.67 page-4966190e7ca45b28.js:1:14530
  5207. DL-00588 (2026-02-22T00:00:00.000Z): page-4966190e7ca45b28.js:1:14168
     - Top Score Maize Meal: 3.2 × 13.2 = 42.24 page-4966190e7ca45b28.js:1:14434
     - Emabele: 3 × 16 = 48.00 page-4966190e7ca45b28.js:1:14434
     - Jungle Oats: 0.49 × 38 = 18.62 page-4966190e7ca45b28.js:1:14434
     - FOMO 6: 38 × 0.312 = 11.86 page-4966190e7ca45b28.js:1:14434
     - Umcenge Milk: 2 × 18.333 = 36.67 page-4966190e7ca45b28.js:1:14434
     - Low Fat Milk: 1 × 19.667 = 19.67 page-4966190e7ca45b28.js:1:14434
     - Brown Sugar: 4 × 17.8 = 71.20 page-4966190e7ca45b28.js:1:14434
     SUBTOTAL: 248.25 page-4966190e7ca45b28.js:1:14530
  5208. DL-00583 (2026-02-22T00:00:00.000Z): page-4966190e7ca45b28.js:1:14168
     - Makhaya Chicken: 3 × 100 = 300.00 page-4966190e7ca45b28.js:1:14434
     - Chicken: 1.8 × 45.126 = 81.23 page-4966190e7ca45b28.js:1:14434
     - Tastic Rice: 0 × 18.4 = 0.00 page-4966190e7ca45b28.js:1:14434
     - Potatoes: 3 × 8.823 = 26.47 page-4966190e7ca45b28.js:1:14434
     - Carrots: 1.5 × 10 = 15.00 page-4966190e7ca45b28.js:1:14434
     - Lemon juice: 2 × 35.5 = 71.00 page-4966190e7ca45b28.js:1:14434
     - Self Raising Flour: 1.2 × 16 = 19.20 page-4966190e7ca45b28.js:1:14434
     - Eggs: 4 × 1.917 = 7.67 page-4966190e7ca45b28.js:1:14434
     - Umcenge Milk: 1 × 18.333 = 18.33 page-4966190e7ca45b28.js:1:14434
     - Rama: 0 × 80 = 0.00 page-4966190e7ca45b28.js:1:14434
     - Baby Marrow: 0.4 × 62.475 = 24.99 page-4966190e7ca45b28.js:1:14434
     - Hake Fillet: 0.1 × 144.336 = 14.43 page-4966190e7ca45b28.js:1:14434
     - Spring Onion: 1 × 24.99 = 24.99 page-4966190e7ca45b28.js:1:14434
     - Top Score Maize Meal: 1 × 13.2 = 13.20 page-4966190e7ca45b28.js:1:14434
     - Mini Butter 7g: 23 × 1.89 = 43.47 page-4966190e7ca45b28.js:1:14434
     - Krush 200ML: 3 × 7.167 = 21.50 page-4966190e7ca45b28.js:1:14434
     - Still Water 500ml: 3 × 4.167 = 12.50 page-4966190e7ca45b28.js:1:14434
     - Liqui Fruit Can 300ml: 19 × 10.25 = 194.75 page-4966190e7ca45b28.js:1:14434
     SUBTOTAL: 888.73 page-4966190e7ca45b28.js:1:14530
  5209. DL-00594 (2026-02-22T00:00:00.000Z): page-4966190e7ca45b28.js:1:14168
     - Brown Bread: 1 × 14.19 = 14.19 page-4966190e7ca45b28.js:1:14434
     - Low Fat Milk: 1 × 19.667 = 19.67 page-4966190e7ca45b28.js:1:14434
     - Pears: 1.5 × 13.333 = 20.00 page-4966190e7ca45b28.js:1:14434
     SUBTOTAL: 53.86 page-4966190e7ca45b28.js:1:14530
  5210. DL-00585 (2026-02-22T00:00:00.000Z): page-4966190e7ca45b28.js:1:14168
     - Umcenge Milk: 1 × 18.333 = 18.33 page-4966190e7ca45b28.js:1:14434
     - Self Raising Flour: 1.15 × 16 = 18.40 page-4966190e7ca45b28.js:1:14434
     - Eggs: 7 × 1.917 = 13.42 page-4966190e7ca45b28.js:1:14434
     - Ice-Cream: 5 × 44.439 = 222.19 page-4966190e7ca45b28.js:1:14434
     - Grape: 0.5 × 59.98 = 29.99 page-4966190e7ca45b28.js:1:14434
     - Blueberries: 0.125 × 375.92 = 46.99 page-4966190e7ca45b28.js:1:14434
     SUBTOTAL: 349.33 page-4966190e7ca45b28.js:1:14530
  5211. DL-00587 (2026-02-22T00:00:00.000Z): page-4966190e7ca45b28.js:1:14168
     - Brown Bread: 1 × 14.19 = 14.19 page-4966190e7ca45b28.js:1:14434
     - White Bread: 1 × 15.916 = 15.92 page-4966190e7ca45b28.js:1:14434
     - Yeast 10g: 0.03 × 3.43 = 0.10 page-4966190e7ca45b28.js:1:14434
     - Eggs: 8 × 1.917 = 15.34 page-4966190e7ca45b28.js:1:14434
     - Cake Flour: 5 × 14.16 = 70.80 page-4966190e7ca45b28.js:1:14434
     - Brown Sugar: 1.3 × 17.8 = 23.14 page-4966190e7ca45b28.js:1:14434
     - Kingsize 300ml: 4 × 7.396 = 29.58 page-4966190e7ca45b28.js:1:14434
     - Bacon: 0.5 × 88.35 = 44.17 page-4966190e7ca45b28.js:1:14434
     - Ham: 0.5 × 112.995 = 56.50 page-4966190e7ca45b28.js:1:14434
     - Cheese Slice: 8 × 2.889 = 23.11 page-4966190e7ca45b28.js:1:14434
     - Doritos 45g: 1 × 7.438 = 7.44 page-4966190e7ca45b28.js:1:14434
     - Chicken: 3.7 × 45.126 = 166.97 page-4966190e7ca45b28.js:1:14434
     - Tastic Rice: 1 × 18.4 = 18.40 page-4966190e7ca45b28.js:1:14434
     - Lettuce: 1 × 5 = 5.00 page-4966190e7ca45b28.js:1:14434
     - Spice Mix: 0.4 × 70 = 28.00 page-4966190e7ca45b28.js:1:14434
     - Koo Beans 410g: 1 × 14.167 = 14.17 page-4966190e7ca45b28.js:1:14434
     - Red Onion: 1 × 25 = 25.00 page-4966190e7ca45b28.js:1:14434
     - Sweet-Chilli Sauce: 1 × 19 = 19.00 page-4966190e7ca45b28.js:1:14434
     - Mayonnaise: 1 × 55.5 = 55.50 page-4966190e7ca45b28.js:1:14434
     - Soft Drink 2L: 1 × 23.667 = 23.67 page-4966190e7ca45b28.js:1:14434
     - Soft Drink 1L: 1 × 16.375 = 16.38 page-4966190e7ca45b28.js:1:14434
     - Soft Drink 300ml: 1 × 11.833 = 11.83 page-4966190e7ca45b28.js:1:14434
     SUBTOTAL: 684.20 page-4966190e7ca45b28.js:1:14530
  5212. DL-00581 (2026-02-22T00:00:00.000Z): page-4966190e7ca45b28.js:1:14168
     - Braai Wors: 20 × 90 = 1800.00 page-4966190e7ca45b28.js:1:14434
     - Chicken: 1.9 × 45.126 = 85.74 page-4966190e7ca45b28.js:1:14434
     - Carrots: 3.8 × 10 = 38.00 page-4966190e7ca45b28.js:1:14434
     - Onion: 4.6 × 4 = 18.40 page-4966190e7ca45b28.js:1:14434
     - Lettuce: 17 × 5 = 85.00 page-4966190e7ca45b28.js:1:14434
     - Top Score Maize Meal: 24 × 13.2 = 316.80 page-4966190e7ca45b28.js:1:14434
     - Plastic Spoons : 100 × 0.144 = 14.40 page-4966190e7ca45b28.js:1:14434
     - Sun Sun Cooking Oil: 2 × 29.5 = 59.00 page-4966190e7ca45b28.js:1:14434
     - Dish Wash: 5.2 × 12.32 = 64.06 page-4966190e7ca45b28.js:1:14434
     - Red Pepper: 1.1 × 62.5 = 68.75 page-4966190e7ca45b28.js:1:14434
     - Yellow Pepper: 0.9 × 50 = 45.00 page-4966190e7ca45b28.js:1:14434
     - Cake Flour: 0.3 × 14.16 = 4.25 page-4966190e7ca45b28.js:1:14434
     - Soup: 3.2 × 6.774 = 21.68 page-4966190e7ca45b28.js:1:14434
     SUBTOTAL: 2621.08 page-4966190e7ca45b28.js:1:14530
  5213. DL-00586 (2026-02-22T00:00:00.000Z): page-4966190e7ca45b28.js:1:14168
     - Pork Chops: 1.35 × 104.99 = 141.74 page-4966190e7ca45b28.js:1:14434
     - Tastic Rice: 1 × 18.4 = 18.40 page-4966190e7ca45b28.js:1:14434
     - Brown Bread: 1 × 14.19 = 14.19 page-4966190e7ca45b28.js:1:14434
     - Brown Sugar: 1 × 17.8 = 17.80 page-4966190e7ca45b28.js:1:14434
     - Cheese Slice: 4 × 2.889 = 11.56 page-4966190e7ca45b28.js:1:14434
     - Oros: 5 × 18.2 = 91.00 page-4966190e7ca45b28.js:1:14434
     - Top Score Maize Meal: 1 × 13.2 = 13.20 page-4966190e7ca45b28.js:1:14434
     - Chicken: 3.5 × 45.126 = 157.94 page-4966190e7ca45b28.js:1:14434
     SUBTOTAL: 465.82 page-4966190e7ca45b28.js:1:14530
  5214. DL-00572 (2026-02-21T00:00:00.000Z): page-4966190e7ca45b28.js:1:14168
     - Brown Bread: 2 × 14.59 = 29.18 page-4966190e7ca45b28.js:1:14434
     - White Bread: 2 × 16.29 = 32.58 page-4966190e7ca45b28.js:1:14434
     - Brown Sugar: 1 × 17.8 = 17.80 page-4966190e7ca45b28.js:1:14434
     - Sihlobo Rice: 1 × 10.476 = 10.48 page-4966190e7ca45b28.js:1:14434
     - Airoma 250ml: 1 × 19.17 = 19.17 page-4966190e7ca45b28.js:1:14434
     - Oros: 0.5 × 18.2 = 9.10 page-4966190e7ca45b28.js:1:14434
     - Chicken: 5 × 45.105 = 225.52 page-4966190e7ca45b28.js:1:14434
     - Rooibos Tea: 10 × 0.475 = 4.75 page-4966190e7ca45b28.js:1:14434
     SUBTOTAL: 348.58 page-4966190e7ca45b28.js:1:14530
  5215. DL-00567 (2026-02-21T00:00:00.000Z): page-4966190e7ca45b28.js:1:14168
     - Brown Bread: 1 × 14.19 = 14.19 page-4966190e7ca45b28.js:1:14434
     - White Bread: 1 × 14.19 = 14.19 page-4966190e7ca45b28.js:1:14434
     - Yeast 10g: 0.03 × 3.43 = 0.10 page-4966190e7ca45b28.js:1:14434
     - Eggs: 12 × 1.917 = 23.00 page-4966190e7ca45b28.js:1:14434
     - Cake Flour: 5 × 14.16 = 70.80 page-4966190e7ca45b28.js:1:14434
     - Brown Sugar: 1.4 × 17.8 = 24.92 page-4966190e7ca45b28.js:1:14434
     - Cheese Slice: 8 × 3.056 = 24.45 page-4966190e7ca45b28.js:1:14434
     - Eclairs: 50 × 0.53 = 26.50 page-4966190e7ca45b28.js:1:14434
     - FOMO Cups 250ml: 25 × 0.34 = 8.50 page-4966190e7ca45b28.js:1:14434
     - Halls: 72 × 0.243 = 17.50 page-4966190e7ca45b28.js:1:14434
     - Dish Wash: 2.5 × 12.32 = 30.80 page-4966190e7ca45b28.js:1:14434
     - Cooking Oil: 1 × 29.5 = 29.50 page-4966190e7ca45b28.js:1:14434
     - Raisins: 0.25 × 0 = 0.00 page-4966190e7ca45b28.js:1:14434
     - Bacon: 0.5 × 88.35 = 44.17 page-4966190e7ca45b28.js:1:14434
     - Beef Stewing: 1 × 125.494 = 125.49 page-4966190e7ca45b28.js:1:14434
     - Chicken: 3.5 × 45.105 = 157.87 page-4966190e7ca45b28.js:1:14434
     - Onion: 1 × 8 = 8.00 page-4966190e7ca45b28.js:1:14434
     - Lettuce: 1 × 5 = 5.00 page-4966190e7ca45b28.js:1:14434
     - Red Pepper: 0.4 × 35.714 = 14.29 page-4966190e7ca45b28.js:1:14434
     - Yellow Pepper: 0.4 × 41.667 = 16.67 page-4966190e7ca45b28.js:1:14434
     - Tastic Rice: 1 × 18.4 = 18.40 page-4966190e7ca45b28.js:1:14434
     - Kingsize 300ml: 4 × 7.396 = 29.58 page-4966190e7ca45b28.js:1:14434
     - Exotic Paprika: 0.5 × 124 = 62.00 page-4966190e7ca45b28.js:1:14434
     - Red-Bull 250ml: 1 × 16.458 = 16.46 page-4966190e7ca45b28.js:1:14434
     - Aquelle Drink 500ml: 1 × 7.167 = 7.17 page-4966190e7ca45b28.js:1:14434
     - Liqui Fruit 1L: 1 × 22.917 = 22.92 page-4966190e7ca45b28.js:1:14434
     - Liqui Fruit Can 300ml: 2 × 10.417 = 20.83 page-4966190e7ca45b28.js:1:14434
     SUBTOTAL: 833.30 page-4966190e7ca45b28.js:1:14530
  5216. DL-00573 (2026-02-21T00:00:00.000Z): page-4966190e7ca45b28.js:1:14168
     - Chicken: 5 × 45.105 = 225.52 page-4966190e7ca45b28.js:1:14434
     - Russian: 0.3 × 101.5 = 30.45 page-4966190e7ca45b28.js:1:14434
     - Cheese Slice: 7 × 2.889 = 20.22 page-4966190e7ca45b28.js:1:14434
     - Sihlobo Rice: 2 × 10.476 = 20.95 page-4966190e7ca45b28.js:1:14434
     - Eggs: 10 × 1.917 = 19.17 page-4966190e7ca45b28.js:1:14434
     - Cooking Oil: 2 × 29.5 = 59.00 page-4966190e7ca45b28.js:1:14434
     - Brown Bread: 2 × 14.59 = 29.18 page-4966190e7ca45b28.js:1:14434
     - White Bread: 1 × 16.29 = 16.29 page-4966190e7ca45b28.js:1:14434
     - Brown Sugar: 3 × 17.8 = 53.40 page-4966190e7ca45b28.js:1:14434
     - Tomato Sauce: 2 × 9.6 = 19.20 page-4966190e7ca45b28.js:1:14434
     - Umcenge Milk: 1 × 18.333 = 18.33 page-4966190e7ca45b28.js:1:14434
     - Plastic Spoons : 205 × 0.144 = 29.52 page-4966190e7ca45b28.js:1:14434
     - FOMO 40: 50 × 0.673 = 33.65 page-4966190e7ca45b28.js:1:14434
     - Fomo Tubs: 30 × 0.998 = 29.94 page-4966190e7ca45b28.js:1:14434
     SUBTOTAL: 604.83 page-4966190e7ca45b28.js:1:14530
  5217. DL-00574 (2026-02-21T00:00:00.000Z): page-4966190e7ca45b28.js:1:14168
     - Top Score Maize Meal: 1.25 × 13.2 = 16.50 page-4966190e7ca45b28.js:1:14434
     - Sihlobo Rice: 12 × 10.476 = 125.71 page-4966190e7ca45b28.js:1:14434
     - Umndeni Beans: 6 × 30.4 = 182.40 page-4966190e7ca45b28.js:1:14434
     - Chicken: 5 × 45.105 = 225.52 page-4966190e7ca45b28.js:1:14434
     - Umcenge Milk: 1 × 18.333 = 18.33 page-4966190e7ca45b28.js:1:14434
     - Cooking Oil: 1 × 29.5 = 29.50 page-4966190e7ca45b28.js:1:14434
     - Cabbage: 3 × 12 = 36.00 page-4966190e7ca45b28.js:1:14434
     - Doom: 1 × 43.33 = 43.33 page-4966190e7ca45b28.js:1:14434
     - Dishwash Liquid: 3 × 12.32 = 36.96 page-4966190e7ca45b28.js:1:14434
     - Liqui Fruit Can 300ml: 2 × 10.25 = 20.50 page-4966190e7ca45b28.js:1:14434
     - Bleach: 1.5 × 9.28 = 13.92 page-4966190e7ca45b28.js:1:14434
     - Plastic Spoons : 250 × 0.144 = 36.00 page-4966190e7ca45b28.js:1:14434
     - Matches: 4 × 15 = 60.00 page-4966190e7ca45b28.js:1:14434
     SUBTOTAL: 844.68 page-4966190e7ca45b28.js:1:14530
  5218. DL-00568 (2026-02-21T00:00:00.000Z): page-4966190e7ca45b28.js:1:14168
     - Yum-Yum: 2.75 × 35.172 = 96.72 page-4966190e7ca45b28.js:1:14434
     - Rooibos Tea: 48 × 0.475 = 22.80 page-4966190e7ca45b28.js:1:14434
     - Brown Bread: 15 × 14.59 = 218.85 page-4966190e7ca45b28.js:1:14434
     - White Bread: 5 × 16.29 = 81.45 page-4966190e7ca45b28.js:1:14434
     - Umcenge Milk: 3 × 18.333 = 55.00 page-4966190e7ca45b28.js:1:14434
     - Low Fat Milk: 1 × 19.667 = 19.67 page-4966190e7ca45b28.js:1:14434
     - FOMO Cups 250ml: 150 × 0.34 = 51.00 page-4966190e7ca45b28.js:1:14434
     - Cheese Slice: 5 × 2.889 = 14.44 page-4966190e7ca45b28.js:1:14434
     - Brown Sugar: 3 × 17.8 = 53.40 page-4966190e7ca45b28.js:1:14434
     - White Sugar: 0.5 × 19.4 = 9.70 page-4966190e7ca45b28.js:1:14434
     SUBTOTAL: 623.03 page-4966190e7ca45b28.js:1:14530
  5219. DL-00559 (2026-02-21T00:00:00.000Z): page-4966190e7ca45b28.js:1:14168
     - Brown Bread: 1 × 14.19 = 14.19 page-4966190e7ca45b28.js:1:14434
     - White Bread: 2 × 14.19 = 28.38 page-4966190e7ca45b28.js:1:14434
     - Soft Drink 300ml: 1 × 11.646 = 11.65 page-4966190e7ca45b28.js:1:14434
     - Brown Sugar: 1.1 × 17.8 = 19.58 page-4966190e7ca45b28.js:1:14434
     - Ox-Liver: 1.2 × 70.15 = 84.18 page-4966190e7ca45b28.js:1:14434
     - FOMO 40: 3 × 0.66 = 1.98 page-4966190e7ca45b28.js:1:14434
     - FOMO 6: 1 × 0.312 = 0.31 page-4966190e7ca45b28.js:1:14434
     - Rooibos Tea: 4 × 0.475 = 1.90 page-4966190e7ca45b28.js:1:14434
     - Five Roses Tea: 2 × 0.64 = 1.28 page-4966190e7ca45b28.js:1:14434
     - Cheese Slice: 7 × 3.056 = 21.39 page-4966190e7ca45b28.js:1:14434
     SUBTOTAL: 184.84 page-4966190e7ca45b28.js:1:14530
  5220. DL-00569 (2026-02-21T00:00:00.000Z): page-4966190e7ca45b28.js:1:14168
     - Onion: 1 × 4 = 4.00 page-4966190e7ca45b28.js:1:14434
     - Top Score Maize Meal: 4 × 13.2 = 52.80 page-4966190e7ca45b28.js:1:14434
     - Chicken: 16.8 × 45.105 = 757.76 page-4966190e7ca45b28.js:1:14434
     - Green Pepper: 0.36 × 35.813 = 12.89 page-4966190e7ca45b28.js:1:14434
     - Cabbage: 2 × 12 = 24.00 page-4966190e7ca45b28.js:1:14434
     - Chicken Spice: 1 × 77 = 77.00 page-4966190e7ca45b28.js:1:14434
     - Lettuce: 6 × 5 = 30.00 page-4966190e7ca45b28.js:1:14434
     - Chakalaka Koo 410g: 4 × 21.67 = 86.68 page-4966190e7ca45b28.js:1:14434
     - Koo Beans 410g: 4 × 14.167 = 56.67 page-4966190e7ca45b28.js:1:14434
     SUBTOTAL: 1101.80 page-4966190e7ca45b28.js:1:14530
  5221. DL-00562 (2026-02-21T00:00:00.000Z): page-4966190e7ca45b28.js:1:14168
     - Apple: 24 × 15 = 360.00 page-4966190e7ca45b28.js:1:14434
     - Banana: 5 × 14.4 = 72.00 page-4966190e7ca45b28.js:1:14434
     SUBTOTAL: 432.00 page-4966190e7ca45b28.js:1:14530
  5222. DL-00556 (2026-02-21T00:00:00.000Z): page-4966190e7ca45b28.js:1:14168
     - Brown Bread: 25 × 14.19 = 354.75 page-4966190e7ca45b28.js:1:14434
     - Droxford Peanut Butter: 4 × 58.35 = 233.40 page-4966190e7ca45b28.js:1:14434
     - Rooibos Tea: 80 × 0.475 = 38.00 page-4966190e7ca45b28.js:1:14434
     - Five Roses Tea: 30 × 0.64 = 19.20 page-4966190e7ca45b28.js:1:14434
     - Sunny Milk: 6 × 16.667 = 100.00 page-4966190e7ca45b28.js:1:14434
     SUBTOTAL: 745.35 page-4966190e7ca45b28.js:1:14530
  5223. DL-00563 (2026-02-21T00:00:00.000Z): page-4966190e7ca45b28.js:1:14168
     - Brown Bread: 3 × 14.19 = 42.57 page-4966190e7ca45b28.js:1:14434
     - White Bread: 2 × 14.19 = 28.38 page-4966190e7ca45b28.js:1:14434
     - Eggs: 40 × 1.917 = 76.68 page-4966190e7ca45b28.js:1:14434
     - Umcenge Milk: 4 × 18.333 = 73.33 page-4966190e7ca45b28.js:1:14434
     - Soy Milk: 1 × 41.99 = 41.99 page-4966190e7ca45b28.js:1:14434
     - Cheese Slice: 14 × 3.056 = 42.78 page-4966190e7ca45b28.js:1:14434
     - Top Score Maize Meal: 1 × 13.2 = 13.20 page-4966190e7ca45b28.js:1:14434
     - Selati Brown Sugar: 117 × 0.26 = 30.42 page-4966190e7ca45b28.js:1:14434
     - Rooibos Tea: 10 × 0.475 = 4.75 page-4966190e7ca45b28.js:1:14434
     - Ellis Brown Sachets 4g: 8 × 1.19 = 9.52 page-4966190e7ca45b28.js:1:14434
     - Canderel Sugar: 6 × 0.772 = 4.63 page-4966190e7ca45b28.js:1:14434
     - Jungle Oats: 1 × 38 = 38.00 page-4966190e7ca45b28.js:1:14434
     - Onion: 1 × 8 = 8.00 page-4966190e7ca45b28.js:1:14434
     - Green Pepper: 0.6 × 35.813 = 21.49 page-4966190e7ca45b28.js:1:14434
     - Red Pepper: 0.4 × 35.714 = 14.29 page-4966190e7ca45b28.js:1:14434
     - Yellow Pepper: 0.4 × 41.667 = 16.67 page-4966190e7ca45b28.js:1:14434
     - Weet-Bix 900g: 1 × 50 = 50.00 page-4966190e7ca45b28.js:1:14434
     - Corn-flakes: 1 × 65 = 65.00 page-4966190e7ca45b28.js:1:14434
     - Brocolli: 2 × 32.99 = 65.98 page-4966190e7ca45b28.js:1:14434
     - Cauliflower: 1 × 29.99 = 29.99 page-4966190e7ca45b28.js:1:14434
     - Still Water 500ml: 6 × 4.167 = 25.00 page-4966190e7ca45b28.js:1:14434
     - Liqui Fruit Can 300ml: 23 × 10.417 = 239.59 page-4966190e7ca45b28.js:1:14434
     - Emabele: 1 × 16 = 16.00 page-4966190e7ca45b28.js:1:14434
     - Krush 200ML: 6 × 7.167 = 43.00 page-4966190e7ca45b28.js:1:14434
     - Mini Butter 7g: 18 × 270.095 = 4861.71 page-4966190e7ca45b28.js:1:14434
     - Cooking Oil: 2 × 29.5 = 59.00 page-4966190e7ca45b28.js:1:14434
     - Russian: 1 × 101.5 = 101.50 page-4966190e7ca45b28.js:1:14434
     - Hake Fillet: 0.2 × 144.336 = 28.87 page-4966190e7ca45b28.js:1:14434
     - Nolac Milk: 1 × 32.99 = 32.99 page-4966190e7ca45b28.js:1:14434
     SUBTOTAL: 6085.33 page-4966190e7ca45b28.js:1:14530
  5224. DL-00561 (2026-02-21T00:00:00.000Z): page-4966190e7ca45b28.js:1:14168
     - Emabele: 3.5 × 16 = 56.00 page-4966190e7ca45b28.js:1:14434
     - Top Score Maize Meal: 2.5 × 13.2 = 33.00 page-4966190e7ca45b28.js:1:14434
     - Umcenge Milk: 1 × 18.333 = 18.33 page-4966190e7ca45b28.js:1:14434
     - Low Fat Milk: 1 × 19.667 = 19.67 page-4966190e7ca45b28.js:1:14434
     - Brown Sugar: 4 × 17.8 = 71.20 page-4966190e7ca45b28.js:1:14434
     - White Sugar: 0.2 × 19.4 = 3.88 page-4966190e7ca45b28.js:1:14434
     - Fomo Tubs: 35 × 0.998 = 34.93 page-4966190e7ca45b28.js:1:14434
     - FOMO 6: 45 × 0.312 = 14.04 page-4966190e7ca45b28.js:1:14434
     - Plastic Spoons : 250 × 0.144 = 36.00 page-4966190e7ca45b28.js:1:14434
     SUBTOTAL: 287.05 page-4966190e7ca45b28.js:1:14530
  5225. DL-00575 (2026-02-21T00:00:00.000Z): page-4966190e7ca45b28.js:1:14168
     - Brown Bread: 1 × 14.59 = 14.59 page-4966190e7ca45b28.js:1:14434
     - Shredded Tuna : 0.17 × 19.99 = 3.40 page-4966190e7ca45b28.js:1:14434
     SUBTOTAL: 17.99 page-4966190e7ca45b28.js:1:14530
  5226. DL-00564 (2026-02-21T00:00:00.000Z): page-4966190e7ca45b28.js:1:14168
     - Spur Ribs: 5.05 × 123.876 = 625.57 page-4966190e7ca45b28.js:1:14434
     - Chicken: 5.05 × 45.105 = 227.78 page-4966190e7ca45b28.js:1:14434
     - Tastic Rice: 2 × 18.4 = 36.80 page-4966190e7ca45b28.js:1:14434
     - Onion: 1 × 8 = 8.00 page-4966190e7ca45b28.js:1:14434
     - Hp Black Ink: 1 × 480 = 480.00 page-4966190e7ca45b28.js:1:14434
     - Red Onion: 1 × 25 = 25.00 page-4966190e7ca45b28.js:1:14434
     - Pot Scourer: 5 × 1.111 = 5.55 page-4966190e7ca45b28.js:1:14434
     - Dish Wash: 2.5 × 12.32 = 30.80 page-4966190e7ca45b28.js:1:14434
     - Mutton Cloth(roll): 1 × 48.333 = 48.33 page-4966190e7ca45b28.js:1:14434
     - Lettuce: 3 × 5 = 15.00 page-4966190e7ca45b28.js:1:14434
     - Cooking Oil: 1 × 29.5 = 29.50 page-4966190e7ca45b28.js:1:14434
     - Red Pepper: 0.4 × 35.714 = 14.29 page-4966190e7ca45b28.js:1:14434
     - Yellow Pepper: 0.65 × 41.667 = 27.08 page-4966190e7ca45b28.js:1:14434
     - Potatoes: 7 × 9.999 = 69.99 page-4966190e7ca45b28.js:1:14434
     - Cauliflower: 1 × 29.99 = 29.99 page-4966190e7ca45b28.js:1:14434
     - Brocolli: 2 × 32.99 = 65.98 page-4966190e7ca45b28.js:1:14434
     - Top Score Maize Meal: 1.5 × 13.2 = 19.80 page-4966190e7ca45b28.js:1:14434
     - Spice Mix: 0.4 × 70 = 28.00 page-4966190e7ca45b28.js:1:14434
     - Carrots: 1 × 10 = 10.00 page-4966190e7ca45b28.js:1:14434
     - Exotic Paprika: 0.5 × 124 = 62.00 page-4966190e7ca45b28.js:1:14434
     - Serviettes: 1 × 155 = 155.00 page-4966190e7ca45b28.js:1:14434
     - Tidy Cloth Spunlace: 1 × 100 = 100.00 page-4966190e7ca45b28.js:1:14434
     - Banana: 1.2 × 14.4 = 17.28 page-4966190e7ca45b28.js:1:14434
     - Peaches: 1 × 29.99 = 29.99 page-4966190e7ca45b28.js:1:14434
     - Nectarines: 2 × 29.99 = 59.98 page-4966190e7ca45b28.js:1:14434
     - Still Water 500ml: 29 × 4.167 = 120.84 page-4966190e7ca45b28.js:1:14434
     - Liqui Fruit Can 300ml: 5 × 10.417 = 52.09 page-4966190e7ca45b28.js:1:14434
     SUBTOTAL: 2394.65 page-4966190e7ca45b28.js:1:14530
  5227. DL-00560 (2026-02-21T00:00:00.000Z): page-4966190e7ca45b28.js:1:14168
     - Chicken: 27.15 × 45.105 = 1224.60 page-4966190e7ca45b28.js:1:14434
     - Sihlobo Rice: 24.5 × 10.476 = 256.66 page-4966190e7ca45b28.js:1:14434
     - Carrots: 3.5 × 10 = 35.00 page-4966190e7ca45b28.js:1:14434
     - Onion: 4.85 × 8 = 38.80 page-4966190e7ca45b28.js:1:14434
     - Lettuce: 17 × 5 = 85.00 page-4966190e7ca45b28.js:1:14434
     - Tomatoes: 2.5 × 5.983 = 14.96 page-4966190e7ca45b28.js:1:14434
     - Cucumber: 2 × 10 = 20.00 page-4966190e7ca45b28.js:1:14434
     - Cake Flour: 0.45 × 14.16 = 6.37 page-4966190e7ca45b28.js:1:14434
     - Spice Mix: 0.4 × 70 = 28.00 page-4966190e7ca45b28.js:1:14434
     - Ruchi Sea Food Spice: 1 × 47 = 47.00 page-4966190e7ca45b28.js:1:14434
     - Soup: 4.34 × 6.774 = 29.40 page-4966190e7ca45b28.js:1:14434
     - Sun Sun Cooking Oil: 2 × 29.5 = 59.00 page-4966190e7ca45b28.js:1:14434
     - Still Water 500ml: 1 × 4.167 = 4.17 page-4966190e7ca45b28.js:1:14434
     - FOMO 40: 2 × 0.66 = 1.32 page-4966190e7ca45b28.js:1:14434
     SUBTOTAL: 1850.28 page-4966190e7ca45b28.js:1:14530
  5228. DL-00565 (2026-02-21T00:00:00.000Z): page-4966190e7ca45b28.js:1:14168
     - Chicken: 8.8 × 45.105 = 396.92 page-4966190e7ca45b28.js:1:14434
     - Onion: 2 × 8 = 16.00 page-4966190e7ca45b28.js:1:14434
     - Provita 125g: 1 × 16.747 = 16.75 page-4966190e7ca45b28.js:1:14434
     - Brocolli: 2 × 32.99 = 65.98 page-4966190e7ca45b28.js:1:14434
     - Hake Fillet: 0.1 × 144.336 = 14.43 page-4966190e7ca45b28.js:1:14434
     - Cabbage: 1 × 12 = 12.00 page-4966190e7ca45b28.js:1:14434
     - Butternut: 6 × 7 = 42.00 page-4966190e7ca45b28.js:1:14434
     - Sunny Sugar Beans: 1 × 31.2 = 31.20 page-4966190e7ca45b28.js:1:14434
     - Red Pepper: 0.4 × 35.714 = 14.29 page-4966190e7ca45b28.js:1:14434
     - Yellow Pepper: 0.4 × 41.667 = 16.67 page-4966190e7ca45b28.js:1:14434
     - Green Pepper: 0.4 × 35.813 = 14.33 page-4966190e7ca45b28.js:1:14434
     - Red Onion: 1 × 25 = 25.00 page-4966190e7ca45b28.js:1:14434
     - Tomatoes: 1 × 19.99 = 19.99 page-4966190e7ca45b28.js:1:14434
     - Cucumber: 1 × 10 = 10.00 page-4966190e7ca45b28.js:1:14434
     - Still Water 500ml: 3 × 4.167 = 12.50 page-4966190e7ca45b28.js:1:14434
     - Krush 200ML: 6 × 7.167 = 43.00 page-4966190e7ca45b28.js:1:14434
     - Liqui Fruit Can 300ml: 21 × 10.25 = 215.25 page-4966190e7ca45b28.js:1:14434
     - Tastic Rice: 0.7 × 18.4 = 12.88 page-4966190e7ca45b28.js:1:14434
     - Umcenge Milk: 1 × 18.333 = 18.33 page-4966190e7ca45b28.js:1:14434
     - Custard: 0.25 × 103.96 = 25.99 page-4966190e7ca45b28.js:1:14434
     SUBTOTAL: 1023.51 page-4966190e7ca45b28.js:1:14530
  5229. DL-00570 (2026-02-21T00:00:00.000Z): page-4966190e7ca45b28.js:1:14168
     - Top Score Maize Meal: 1.2 × 13.2 = 15.84 page-4966190e7ca45b28.js:1:14434
     - Top Class Aromat: 1 × 70 = 70.00 page-4966190e7ca45b28.js:1:14434
     - Chicken: 22.7 × 45.105 = 1023.88 page-4966190e7ca45b28.js:1:14434
     - Airoma 250ml: 1 × 19.17 = 19.17 page-4966190e7ca45b28.js:1:14434
     - Butternut: 20 × 7 = 140.00 page-4966190e7ca45b28.js:1:14434
     - Pot Scourer: 3 × 1.111 = 3.33 page-4966190e7ca45b28.js:1:14434
     - Potatoes: 4 × 8.823 = 35.29 page-4966190e7ca45b28.js:1:14434
     - Sihlobo Rice: 11 × 10.476 = 115.24 page-4966190e7ca45b28.js:1:14434
     - Cabbage: 3 × 12 = 36.00 page-4966190e7ca45b28.js:1:14434
     - Exotic Six 4 All: 1 × 83 = 83.00 page-4966190e7ca45b28.js:1:14434
     - Beetroot: 1 × 8 = 8.00 page-4966190e7ca45b28.js:1:14434
     - Sweet-Chilli Sauce: 2.5 × 19 = 47.50 page-4966190e7ca45b28.js:1:14434
     - Cake Flour: 0.6 × 14.16 = 8.50 page-4966190e7ca45b28.js:1:14434
     - Mama's BBQ Sauce: 1 × 11.7 = 11.70 page-4966190e7ca45b28.js:1:14434
     - Crushed Garlic: 0.47 × 70.122 = 32.96 page-4966190e7ca45b28.js:1:14434
     - Matches: 8 × 15 = 120.00 page-4966190e7ca45b28.js:1:14434
     - FOMO 6: 75 × 0.312 = 23.40 page-4966190e7ca45b28.js:1:14434
     - Liqui Fruit Can 300ml: 2 × 10.25 = 20.50 page-4966190e7ca45b28.js:1:14434
     - Lemon juice: 1 × 35.5 = 35.50 page-4966190e7ca45b28.js:1:14434
     - Plastic Spoons : 250 × 0.144 = 36.00 page-4966190e7ca45b28.js:1:14434
     SUBTOTAL: 1885.81 page-4966190e7ca45b28.js:1:14530
  5230. DL-00558 (2026-02-21T00:00:00.000Z): page-4966190e7ca45b28.js:1:14168
     - Ox-Liver: 29.69 × 70.15 = 2082.75 page-4966190e7ca45b28.js:1:14434
     - Chicken: 9.15 × 45.105 = 412.71 page-4966190e7ca45b28.js:1:14434
     - Carrots: 3.35 × 14.99 = 50.22 page-4966190e7ca45b28.js:1:14434
     - Onion: 3.75 × 6.5 = 24.38 page-4966190e7ca45b28.js:1:14434
     - Butternut: 20 × 7 = 140.00 page-4966190e7ca45b28.js:1:14434
     - Top Score Maize Meal: 25 × 13.2 = 330.00 page-4966190e7ca45b28.js:1:14434
     - Cabbage: 6 × 12 = 72.00 page-4966190e7ca45b28.js:1:14434
     - FOMO 6: 2 × 0.312 = 0.62 page-4966190e7ca45b28.js:1:14434
     - FOMO 73: 2 × 0.368 = 0.74 page-4966190e7ca45b28.js:1:14434
     - FOMO 40: 6 × 0.66 = 3.96 page-4966190e7ca45b28.js:1:14434
     - Mixed Vegetables: 1 × 52.17 = 52.17 page-4966190e7ca45b28.js:1:14434
     - Dish Wash: 4 × 12.32 = 49.28 page-4966190e7ca45b28.js:1:14434
     - Red Cabbage: 1.2 × 14 = 16.80 page-4966190e7ca45b28.js:1:14434
     - Sun Sun Cooking Oil: 2 × 29.5 = 59.00 page-4966190e7ca45b28.js:1:14434
     - Soup: 4.35 × 6.774 = 29.47 page-4966190e7ca45b28.js:1:14434
     - Exotic Six 4 All: 1 × 83 = 83.00 page-4966190e7ca45b28.js:1:14434
     - Spice Mix: 0.4 × 70 = 28.00 page-4966190e7ca45b28.js:1:14434
     - Rajah (Medium): 0.2 × 200 = 40.00 page-4966190e7ca45b28.js:1:14434
     - Food Gloves: 1 × 7 = 7.00 page-4966190e7ca45b28.js:1:14434
     - Country Mix: 1 × 62.775 = 62.77 page-4966190e7ca45b28.js:1:14434
     - Still Water 500ml: 2 × 4.167 = 8.33 page-4966190e7ca45b28.js:1:14434
     - Mayonnaise: 4.85 × 47 = 227.95 page-4966190e7ca45b28.js:1:14434
     - Mask: 6 × 30 = 180.00 page-4966190e7ca45b28.js:1:14434
     SUBTOTAL: 3961.15 page-4966190e7ca45b28.js:1:14530
  5231. DL-00571 (2026-02-21T00:00:00.000Z): page-4966190e7ca45b28.js:1:14168
     - Five Roses Tea: 150 × 0.64 = 96.00 page-4966190e7ca45b28.js:1:14434
     - Rooibos Tea: 150 × 0.475 = 71.25 page-4966190e7ca45b28.js:1:14434
     - Umcenge Milk: 6 × 18.333 = 110.00 page-4966190e7ca45b28.js:1:14434
     - Brown Sugar: 5 × 17.8 = 89.00 page-4966190e7ca45b28.js:1:14434
     - Plastic Spoons : 250 × 0.144 = 36.00 page-4966190e7ca45b28.js:1:14434
     SUBTOTAL: 402.25 page-4966190e7ca45b28.js:1:14530
  5232. DL-00555 (2026-02-21T00:00:00.000Z): page-4966190e7ca45b28.js:1:14168
     - Top Score Maize Meal: 7.5 × 13.2 = 99.00 page-4966190e7ca45b28.js:1:14434
     - Emabele: 5 × 16 = 80.00 page-4966190e7ca45b28.js:1:14434
     - Romi: 0.5 × 23.533 = 11.77 page-4966190e7ca45b28.js:1:14434
     - Nespray 1.8kg : 1 × 257 = 257.00 page-4966190e7ca45b28.js:1:14434
     SUBTOTAL: 447.77 page-4966190e7ca45b28.js:1:14530
  5233. DL-00566 (2026-02-21T00:00:00.000Z): page-4966190e7ca45b28.js:1:14168
     - Chicken: 7.2 × 45.105 = 324.76 page-4966190e7ca45b28.js:1:14434
     - Tastic Rice: 1 × 18.4 = 18.40 page-4966190e7ca45b28.js:1:14434
     - Eggs: 7 × 1.917 = 13.42 page-4966190e7ca45b28.js:1:14434
     - Cheese Slice: 4 × 3.056 = 12.22 page-4966190e7ca45b28.js:1:14434
     - Umcenge Milk: 1 × 18.333 = 18.33 page-4966190e7ca45b28.js:1:14434
     - Brown Bread: 1 × 14.19 = 14.19 page-4966190e7ca45b28.js:1:14434
     SUBTOTAL: 401.32 page-4966190e7ca45b28.js:1:14530
  5234. DL-00557 (2026-02-21T00:00:00.000Z): page-4966190e7ca45b28.js:1:14168
     - Chicken: 3.9 × 45.105 = 175.91 page-4966190e7ca45b28.js:1:14434
     - Foil Paper: 1 × 239.5 = 239.50 page-4966190e7ca45b28.js:1:14434
     - Liqui Fruit Can 300ml: 6 × 10.25 = 61.50 page-4966190e7ca45b28.js:1:14434
     SUBTOTAL: 476.91 page-4966190e7ca45b28.js:1:14530
  5235. DL-00539 (2026-02-20T00:00:00.000Z): page-4966190e7ca45b28.js:1:14168
     - Chicken: 72.1 × 45.105 = 3252.07 page-4966190e7ca45b28.js:1:14434
     - Carrots: 4 × 14.99 = 59.96 page-4966190e7ca45b28.js:1:14434
     - Onion: 6.1 × 6.5 = 39.65 page-4966190e7ca45b28.js:1:14434
     - Butternut: 20 × 7 = 140.00 page-4966190e7ca45b28.js:1:14434
     - Sihlobo Rice: 25 × 10.476 = 261.90 page-4966190e7ca45b28.js:1:14434
     - Spice Mix: 0.8 × 70 = 56.00 page-4966190e7ca45b28.js:1:14434
     - Mayonnaise: 3.65 × 55.5 = 202.57 page-4966190e7ca45b28.js:1:14434
     - FOMO 40: 20 × 0.66 = 13.20 page-4966190e7ca45b28.js:1:14434
     - FOMO 73: 2 × 0.368 = 0.74 page-4966190e7ca45b28.js:1:14434
     - Domestos 750ml : 2 × 42.667 = 85.33 page-4966190e7ca45b28.js:1:14434
     - Tissue: 3 × 4.896 = 14.69 page-4966190e7ca45b28.js:1:14434
     - Lettuce: 24 × 6 = 144.00 page-4966190e7ca45b28.js:1:14434
     - Red Pepper: 1.25 × 58.14 = 72.67 page-4966190e7ca45b28.js:1:14434
     - Yellow Pepper: 1.66 × 48.276 = 80.14 page-4966190e7ca45b28.js:1:14434
     - Cucumber: 4 × 14.99 = 59.96 page-4966190e7ca45b28.js:1:14434
     - Cooking Oil: 4 × 30.5 = 122.00 page-4966190e7ca45b28.js:1:14434
     - Plastic Spoons : 100 × 0.144 = 14.40 page-4966190e7ca45b28.js:1:14434
     - Country Mix: 1 × 62.775 = 62.77 page-4966190e7ca45b28.js:1:14434
     - Cake Flour: 0.7 × 14.16 = 9.91 page-4966190e7ca45b28.js:1:14434
     - Soup: 3.72 × 4.2 = 15.62 page-4966190e7ca45b28.js:1:14434
     - Tomatoes: 2 × 19.99 = 39.98 page-4966190e7ca45b28.js:1:14434
     - Mask: 9 × 0.5 = 4.50 page-4966190e7ca45b28.js:1:14434
     - Dish Wash: 4 × 12.32 = 49.28 page-4966190e7ca45b28.js:1:14434
     - Still Water 500ml: 3 × 4.167 = 12.50 page-4966190e7ca45b28.js:1:14434
     SUBTOTAL: 4813.86 page-4966190e7ca45b28.js:1:14530
  5236. DL-00549 (2026-02-20T00:00:00.000Z): page-4966190e7ca45b28.js:1:14168
     - Umcenge Milk: 9 × 18.333 = 165.00 page-4966190e7ca45b28.js:1:14434
     - Brown Sugar: 8 × 17.8 = 142.40 page-4966190e7ca45b28.js:1:14434
     - Rooibos Tea: 75 × 0.475 = 35.63 page-4966190e7ca45b28.js:1:14434
     - Ice bag: 1 × 14 = 14.00 page-4966190e7ca45b28.js:1:14434
     - Five Roses Tea: 80 × 0.64 = 51.20 page-4966190e7ca45b28.js:1:14434
     SUBTOTAL: 408.22 page-4966190e7ca45b28.js:1:14530
  5237. DL-00534 (2026-02-20T00:00:00.000Z): page-4966190e7ca45b28.js:1:14168
     - Emabele: 4.379 × 16 = 70.06 page-4966190e7ca45b28.js:1:14434
     - Top Score Maize Meal: 7 × 13.2 = 92.40 page-4966190e7ca45b28.js:1:14434
     - Jungle Oats: 0.5 × 38 = 19.00 page-4966190e7ca45b28.js:1:14434
     - Low Fat Milk: 1 × 19.667 = 19.67 page-4966190e7ca45b28.js:1:14434
     - Umcenge Milk: 2 × 18.333 = 36.67 page-4966190e7ca45b28.js:1:14434
     - Plastic Spoons : 100 × 0.144 = 14.40 page-4966190e7ca45b28.js:1:14434
     - FOMO 6: 40 × 0.312 = 12.48 page-4966190e7ca45b28.js:1:14434
     - Fomo Tubs: 50 × 0.998 = 49.90 page-4966190e7ca45b28.js:1:14434
     - Rama: 1 × 52.667 = 52.67 page-4966190e7ca45b28.js:1:14434
     - Brown Sugar: 5 × 17.8 = 89.00 page-4966190e7ca45b28.js:1:14434
     - White Sugar: 1 × 19.4 = 19.40 page-4966190e7ca45b28.js:1:14434
     - Koo Beans 410g: 1 × 14.167 = 14.17 page-4966190e7ca45b28.js:1:14434
     - FOMO Cups 250ml: 50 × 0.34 = 17.00 page-4966190e7ca45b28.js:1:14434
     SUBTOTAL: 506.81 page-4966190e7ca45b28.js:1:14530
  5238. DL-00541 (2026-02-20T00:00:00.000Z): page-4966190e7ca45b28.js:1:14168
     - Apple: 1.5 × 24.66 = 36.99 page-4966190e7ca45b28.js:1:14434
     - Sihlobo Rice: 3 × 10.476 = 31.43 page-4966190e7ca45b28.js:1:14434
     - Brown Bread: 2 × 14.19 = 28.38 page-4966190e7ca45b28.js:1:14434
     - White Bread: 2 × 14.19 = 28.38 page-4966190e7ca45b28.js:1:14434
     - Tissue: 4 × 4.896 = 19.58 page-4966190e7ca45b28.js:1:14434
     - Brown Sugar: 1.2 × 17.8 = 21.36 page-4966190e7ca45b28.js:1:14434
     - Umcenge Milk: 1 × 18.333 = 18.33 page-4966190e7ca45b28.js:1:14434
     - Chicken: 5 × 45.105 = 225.52 page-4966190e7ca45b28.js:1:14434
     - Cremora: 0.5 × 68 = 34.00 page-4966190e7ca45b28.js:1:14434
     - Halls 1L : 1 × 17 = 17.00 page-4966190e7ca45b28.js:1:14434
     - Cheese Slice: 25 × 3.056 = 76.40 page-4966190e7ca45b28.js:1:14434
     SUBTOTAL: 537.38 page-4966190e7ca45b28.js:1:14530
  5239. DL-00553 (2026-02-20T00:00:00.000Z): page-4966190e7ca45b28.js:1:14168
     - Brown Bread: 2 × 14.19 = 28.38 page-4966190e7ca45b28.js:1:14434
     - White Bread: 1 × 14.19 = 14.19 page-4966190e7ca45b28.js:1:14434
     - Yeast 10g: 0.03 × 3.43 = 0.10 page-4966190e7ca45b28.js:1:14434
     - Rama: 1 × 55.98 = 55.98 page-4966190e7ca45b28.js:1:14434
     - Eggs: 39 × 1.917 = 74.76 page-4966190e7ca45b28.js:1:14434
     - Umcenge Milk: 3 × 18.333 = 55.00 page-4966190e7ca45b28.js:1:14434
     - Cake Flour: 8 × 14.16 = 113.28 page-4966190e7ca45b28.js:1:14434
     - Self Raising Flour: 0.29 × 16 = 4.64 page-4966190e7ca45b28.js:1:14434
     - Brown Sugar: 1.5 × 17.8 = 26.70 page-4966190e7ca45b28.js:1:14434
     - White Sugar: 1.25 × 19.4 = 24.25 page-4966190e7ca45b28.js:1:14434
     - Cheese Slice: 11 × 3.056 = 33.62 page-4966190e7ca45b28.js:1:14434
     - Coconut: 0.2 × 274.95 = 54.99 page-4966190e7ca45b28.js:1:14434
     - Vanilla Essence: 1 × 73.5 = 73.50 page-4966190e7ca45b28.js:1:14434
     - Russian: 1 × 101.5 = 101.50 page-4966190e7ca45b28.js:1:14434
     - Emasi: 2 × 16.5 = 33.00 page-4966190e7ca45b28.js:1:14434
     - Fomo 5: 125 × 0.308 = 38.50 page-4966190e7ca45b28.js:1:14434
     - FOMO 73: 250 × 0.368 = 92.00 page-4966190e7ca45b28.js:1:14434
     - FOMO 6: 125 × 0.312 = 39.00 page-4966190e7ca45b28.js:1:14434
     - Jacobs Sachets: 5 × 4.25 = 21.25 page-4966190e7ca45b28.js:1:14434
     - Hot Cup: 50 × 2.696 = 134.80 page-4966190e7ca45b28.js:1:14434
     - Baking Powder: 0.5 × 39.96 = 19.98 page-4966190e7ca45b28.js:1:14434
     - Cooking Oil: 2 × 30.5 = 61.00 page-4966190e7ca45b28.js:1:14434
     - Beef Stewing: 6.1 × 125.494 = 765.51 page-4966190e7ca45b28.js:1:14434
     - Chicken: 7.05 × 45.105 = 317.99 page-4966190e7ca45b28.js:1:14434
     - Tastic Rice: 3.5 × 18.4 = 64.40 page-4966190e7ca45b28.js:1:14434
     - Chicken Stock: 0.48 × 120.792 = 57.98 page-4966190e7ca45b28.js:1:14434
     - Vinegar Sachet: 400 × 0.158 = 63.20 page-4966190e7ca45b28.js:1:14434
     - Salt Sachets: 1000 × 0.04 = 40.00 page-4966190e7ca45b28.js:1:14434
     - Mega Star Samp: 0.6 × 14.6 = 8.76 page-4966190e7ca45b28.js:1:14434
     - Mayonnaise: 2 × 55.5 = 111.00 page-4966190e7ca45b28.js:1:14434
     - Beetroot: 4 × 14 = 56.00 page-4966190e7ca45b28.js:1:14434
     - Potatoes: 14 × 9.999 = 139.99 page-4966190e7ca45b28.js:1:14434
     - Spice Mix: 0.4 × 70 = 28.00 page-4966190e7ca45b28.js:1:14434
     - Lettuce: 3 × 6 = 18.00 page-4966190e7ca45b28.js:1:14434
     - Red Cabbage: 2 × 14 = 28.00 page-4966190e7ca45b28.js:1:14434
     - Tomatoes: 1 × 19.99 = 19.99 page-4966190e7ca45b28.js:1:14434
     - Red Pepper: 0.4 × 58.14 = 23.26 page-4966190e7ca45b28.js:1:14434
     - Yellow Pepper: 0.4 × 48.276 = 19.31 page-4966190e7ca45b28.js:1:14434
     - Onion: 1.5 × 6.5 = 9.75 page-4966190e7ca45b28.js:1:14434
     - Red Onion: 1 × 25 = 25.00 page-4966190e7ca45b28.js:1:14434
     - Salad Dressing: 1 × 30.99 = 30.99 page-4966190e7ca45b28.js:1:14434
     - Carrots: 2 × 14.99 = 29.98 page-4966190e7ca45b28.js:1:14434
     - Cling Wrap: 1 × 300 = 300.00 page-4966190e7ca45b28.js:1:14434
     - Soft Drink 300ml: 2 × 11.646 = 23.29 page-4966190e7ca45b28.js:1:14434
     - Soft Drink 2L: 4 × 21.667 = 86.67 page-4966190e7ca45b28.js:1:14434
     - Liqui Fruit Can 300ml: 4 × 10.25 = 41.00 page-4966190e7ca45b28.js:1:14434
     - Score 500ml: 1 × 8.333 = 8.33 page-4966190e7ca45b28.js:1:14434
     - Energade 500ml: 1 × 10.5 = 10.50 page-4966190e7ca45b28.js:1:14434
     - Kingsize 300ml: 4 × 7.396 = 29.58 page-4966190e7ca45b28.js:1:14434
     - Cabana: 1 × 13.167 = 13.17 page-4966190e7ca45b28.js:1:14434
     - Still Water 500ml: 2 × 4.167 = 8.33 page-4966190e7ca45b28.js:1:14434
     - Sparkling Water 500ml: 1 × 6.417 = 6.42 page-4966190e7ca45b28.js:1:14434
     SUBTOTAL: 3484.82 page-4966190e7ca45b28.js:1:14530
  5240. DL-00538 (2026-02-20T00:00:00.000Z): page-4966190e7ca45b28.js:1:14168
     - Apple: 10 × 24.66 = 246.60 page-4966190e7ca45b28.js:1:14434
     - Mega Maize Rice: 10 × 17.9 = 179.00 page-4966190e7ca45b28.js:1:14434
     - Chicken: 25 × 45.105 = 1127.63 page-4966190e7ca45b28.js:1:14434
     - Chicken Stock: 1 × 120.792 = 120.79 page-4966190e7ca45b28.js:1:14434
     - Tomato Sauce: 3 × 9.4 = 28.20 page-4966190e7ca45b28.js:1:14434
     - Cling Wrap: 1 × 300 = 300.00 page-4966190e7ca45b28.js:1:14434
     - Rama: 1 × 52.667 = 52.67 page-4966190e7ca45b28.js:1:14434
     - Umcenge Milk: 1 × 18.333 = 18.33 page-4966190e7ca45b28.js:1:14434
     - Spinach: 10 × 8 = 80.00 page-4966190e7ca45b28.js:1:14434
     - Mayonnaise: 2.6 × 55.5 = 144.30 page-4966190e7ca45b28.js:1:14434
     - Carrots: 7 × 14.99 = 104.93 page-4966190e7ca45b28.js:1:14434
     - Dish Wash: 2 × 12.32 = 24.64 page-4966190e7ca45b28.js:1:14434
     - Onion: 4 × 6.5 = 26.00 page-4966190e7ca45b28.js:1:14434
     - Top Score Maize Meal: 2.5 × 12.2 = 30.50 page-4966190e7ca45b28.js:1:14434
     SUBTOTAL: 2483.59 page-4966190e7ca45b28.js:1:14530
  5241. DL-00535 (2026-02-20T00:00:00.000Z): page-4966190e7ca45b28.js:1:14168
     - Rama: 1 × 52.667 = 52.67 page-4966190e7ca45b28.js:1:14434
     - Low Fat Milk: 1 × 19.667 = 19.67 page-4966190e7ca45b28.js:1:14434
     - Brown Bread: 15 × 14.19 = 212.85 page-4966190e7ca45b28.js:1:14434
     - White Bread: 5 × 15.916 = 79.58 page-4966190e7ca45b28.js:1:14434
     - White Sugar: 0.5 × 19.4 = 9.70 page-4966190e7ca45b28.js:1:14434
     - Umcenge Milk: 1 × 18.333 = 18.33 page-4966190e7ca45b28.js:1:14434
     - Rooibos Tea: 35 × 0.475 = 16.63 page-4966190e7ca45b28.js:1:14434
     - Oros: 2.5 × 18.2 = 45.50 page-4966190e7ca45b28.js:1:14434
     - Aprons: 1 × 38 = 38.00 page-4966190e7ca45b28.js:1:14434
     - Cheese Slice: 159 × 3.056 = 485.90 page-4966190e7ca45b28.js:1:14434
     SUBTOTAL: 978.83 page-4966190e7ca45b28.js:1:14530
  5242. DL-00552 (2026-02-20T00:00:00.000Z): page-4966190e7ca45b28.js:1:14168
     - Soft Drink 300ml: 2 × 11.646 = 23.29 page-4966190e7ca45b28.js:1:14434
     - Liqui Fruit Can 300ml: 1 × 10.25 = 10.25 page-4966190e7ca45b28.js:1:14434
     - Still Water 500ml: 6 × 4.167 = 25.00 page-4966190e7ca45b28.js:1:14434
     - Brown Sugar: 0.5 × 17.8 = 8.90 page-4966190e7ca45b28.js:1:14434
     - Umcenge Milk 500ML: 1 × 18.333 = 18.33 page-4966190e7ca45b28.js:1:14434
     - Romi: 0.5 × 23.533 = 11.77 page-4966190e7ca45b28.js:1:14434
     - Eggs: 8 × 1.917 = 15.34 page-4966190e7ca45b28.js:1:14434
     - Chicken: 3.6 × 45.105 = 162.38 page-4966190e7ca45b28.js:1:14434
     - Brown Bread: 1 × 14.19 = 14.19 page-4966190e7ca45b28.js:1:14434
     - White Bread: 2 × 14.19 = 28.38 page-4966190e7ca45b28.js:1:14434
     - Five Roses Tea: 2 × 0.64 = 1.28 page-4966190e7ca45b28.js:1:14434
     - Rooibos Tea: 7 × 0.475 = 3.32 page-4966190e7ca45b28.js:1:14434
     - Cheese Slice: 7 × 3.056 = 21.39 page-4966190e7ca45b28.js:1:14434
     SUBTOTAL: 343.82 page-4966190e7ca45b28.js:1:14530
  5243. DL-00544 (2026-02-20T00:00:00.000Z): page-4966190e7ca45b28.js:1:14168
     - Apple: 24 × 24.66 = 591.84 page-4966190e7ca45b28.js:1:14434
     - Banana: 4.65 × 15.825 = 73.59 page-4966190e7ca45b28.js:1:14434
     SUBTOTAL: 665.43 page-4966190e7ca45b28.js:1:14530
  5244. DL-00546 (2026-02-20T00:00:00.000Z): page-4966190e7ca45b28.js:1:14168
     - Beef Stewing: 4 × 125.494 = 501.98 page-4966190e7ca45b28.js:1:14434
     - Chicken: 3.5 × 45.105 = 157.87 page-4966190e7ca45b28.js:1:14434
     - Mega Star Samp: 1 × 14.6 = 14.60 page-4966190e7ca45b28.js:1:14434
     - Tastic Rice: 2 × 18.4 = 36.80 page-4966190e7ca45b28.js:1:14434
     - Mayonnaise: 1 × 55.5 = 55.50 page-4966190e7ca45b28.js:1:14434
     - Brown Sugar: 1 × 17.8 = 17.80 page-4966190e7ca45b28.js:1:14434
     - Beetroot: 3 × 14 = 42.00 page-4966190e7ca45b28.js:1:14434
     - Cooking Oil: 2 × 30.5 = 61.00 page-4966190e7ca45b28.js:1:14434
     - Red Pepper: 1 × 58.14 = 58.14 page-4966190e7ca45b28.js:1:14434
     - Yellow Pepper: 1 × 48.276 = 48.28 page-4966190e7ca45b28.js:1:14434
     - Top Score Maize Meal: 1.5 × 12.2 = 18.30 page-4966190e7ca45b28.js:1:14434
     - Rama: 0.5 × 52.667 = 26.33 page-4966190e7ca45b28.js:1:14434
     - Cream: 0.5 × 98.02 = 49.01 page-4966190e7ca45b28.js:1:14434
     - Cheese Slice: 8 × 3.056 = 24.45 page-4966190e7ca45b28.js:1:14434
     - Carrots: 1 × 14.99 = 14.99 page-4966190e7ca45b28.js:1:14434
     - Spinach: 5 × 8 = 40.00 page-4966190e7ca45b28.js:1:14434
     - Onion: 1.5 × 6.5 = 9.75 page-4966190e7ca45b28.js:1:14434
     - Peaches: 1 × 29.99 = 29.99 page-4966190e7ca45b28.js:1:14434
     - Red Apples: 1.5 × 29.993 = 44.99 page-4966190e7ca45b28.js:1:14434
     - Still Water 500ml: 21 × 4.167 = 87.51 page-4966190e7ca45b28.js:1:14434
     - Banana: 1.2 × 15.825 = 18.99 page-4966190e7ca45b28.js:1:14434
     - Cling Wrap: 1 × 300 = 300.00 page-4966190e7ca45b28.js:1:14434
     - Liqui Fruit Can 300ml: 2 × 10.25 = 20.50 page-4966190e7ca45b28.js:1:14434
     - Potatoes: 4 × 9.999 = 40.00 page-4966190e7ca45b28.js:1:14434
     SUBTOTAL: 1718.76 page-4966190e7ca45b28.js:1:14530
  5245. DL-00543 (2026-02-20T00:00:00.000Z): page-4966190e7ca45b28.js:1:14168
     - Self Raising Flour: 2.5 × 16 = 40.00 page-4966190e7ca45b28.js:1:14434
     - Brown Sugar: 0.45 × 17.8 = 8.01 page-4966190e7ca45b28.js:1:14434
     - Sunny Milk: 1 × 16.667 = 16.67 page-4966190e7ca45b28.js:1:14434
     - Eggs: 9 × 1.917 = 17.25 page-4966190e7ca45b28.js:1:14434
     - Romi: 0.5 × 23.533 = 11.77 page-4966190e7ca45b28.js:1:14434
     - Mozzarella Cheese: 0.1 × 194.5 = 19.45 page-4966190e7ca45b28.js:1:14434
     - Cheese Slice: 3 × 3.056 = 9.17 page-4966190e7ca45b28.js:1:14434
     - Brown Bread: 1 × 14.19 = 14.19 page-4966190e7ca45b28.js:1:14434
     - Soft Drink 2L: 1 × 21.667 = 21.67 page-4966190e7ca45b28.js:1:14434
     SUBTOTAL: 158.17 page-4966190e7ca45b28.js:1:14530
  5246. DL-00547 (2026-02-20T00:00:00.000Z): page-4966190e7ca45b28.js:1:14168
     - Chicken: 8.8 × 45.105 = 396.92 page-4966190e7ca45b28.js:1:14434
     - Tastic Rice: 2.5 × 18.4 = 46.00 page-4966190e7ca45b28.js:1:14434
     - Mega Maize Rice: 0.5 × 17.9 = 8.95 page-4966190e7ca45b28.js:1:14434
     - Onion: 1.5 × 6.5 = 9.75 page-4966190e7ca45b28.js:1:14434
     - Jumbo roll: 1 × 334.78 = 334.78 page-4966190e7ca45b28.js:1:14434
     - Red Onion: 1 × 25 = 25.00 page-4966190e7ca45b28.js:1:14434
     - Krush 200ML: 9 × 7.167 = 64.50 page-4966190e7ca45b28.js:1:14434
     - Top Score Maize Meal: 2 × 12.2 = 24.40 page-4966190e7ca45b28.js:1:14434
     - Rama: 0.5 × 52.667 = 26.33 page-4966190e7ca45b28.js:1:14434
     - Lemon: 2.5 × 22.796 = 56.99 page-4966190e7ca45b28.js:1:14434
     - Baby Marrow: 1.6 × 62.475 = 99.96 page-4966190e7ca45b28.js:1:14434
     - Red Cabbage: 1 × 14 = 14.00 page-4966190e7ca45b28.js:1:14434
     - Red Pepper: 0.4 × 58.14 = 23.26 page-4966190e7ca45b28.js:1:14434
     - Yellow Pepper: 0.4 × 48.276 = 19.31 page-4966190e7ca45b28.js:1:14434
     - Potatoes: 3 × 9.999 = 30.00 page-4966190e7ca45b28.js:1:14434
     - Refuse Bag Roll: 1 × 27.9 = 27.90 page-4966190e7ca45b28.js:1:14434
     - Still Water 500ml: 4 × 4.167 = 16.67 page-4966190e7ca45b28.js:1:14434
     - Liqui Fruit Can 300ml: 20 × 10.25 = 205.00 page-4966190e7ca45b28.js:1:14434
     - Plain Yoghurt 150G: 1 × 13.604 = 13.60 page-4966190e7ca45b28.js:1:14434
     SUBTOTAL: 1443.33 page-4966190e7ca45b28.js:1:14530
  5247. DL-00542 (2026-02-20T00:00:00.000Z): page-4966190e7ca45b28.js:1:14168
     - Brown Bread: 3 × 14.19 = 42.57 page-4966190e7ca45b28.js:1:14434
     - White Bread: 1 × 14.19 = 14.19 page-4966190e7ca45b28.js:1:14434
     - Chicken Gizzards: 2 × 41.383 = 82.77 page-4966190e7ca45b28.js:1:14434
     - Mushrooms: 1.25 × 115.96 = 144.95 page-4966190e7ca45b28.js:1:14434
     - Umcenge Milk: 4 × 18.333 = 73.33 page-4966190e7ca45b28.js:1:14434
     - Eggs: 38 × 1.917 = 72.85 page-4966190e7ca45b28.js:1:14434
     - Top Score Maize Meal: 1 × 12.2 = 12.20 page-4966190e7ca45b28.js:1:14434
     - Low GI Bread 400g : 1 × 24.99 = 24.99 page-4966190e7ca45b28.js:1:14434
     - Selati Brown Sugar: 104 × 0.26 = 27.04 page-4966190e7ca45b28.js:1:14434
     - Rooibos Tea: 17 × 0.475 = 8.07 page-4966190e7ca45b28.js:1:14434
     - Ellis Brown Sachets 4g: 8 × 1.19 = 9.52 page-4966190e7ca45b28.js:1:14434
     - Canderel Sugar: 8 × 0.772 = 6.18 page-4966190e7ca45b28.js:1:14434
     - Jungle Oats: 1.5 × 38 = 57.00 page-4966190e7ca45b28.js:1:14434
     - Brocolli: 1 × 32.99 = 32.99 page-4966190e7ca45b28.js:1:14434
     - Cauliflower: 1 × 29.99 = 29.99 page-4966190e7ca45b28.js:1:14434
     - Hake Fillet: 0.1 × 144.336 = 14.43 page-4966190e7ca45b28.js:1:14434
     - Red Pepper: 0.4 × 58.14 = 23.26 page-4966190e7ca45b28.js:1:14434
     - Yellow Pepper: 0.4 × 48.276 = 19.31 page-4966190e7ca45b28.js:1:14434
     - All-Bran: 1 × 76 = 76.00 page-4966190e7ca45b28.js:1:14434
     - Cucumber: 1 × 14.99 = 14.99 page-4966190e7ca45b28.js:1:14434
     - Mayonnaise: 1 × 55.5 = 55.50 page-4966190e7ca45b28.js:1:14434
     - Still Water 500ml: 5 × 4.167 = 20.84 page-4966190e7ca45b28.js:1:14434
     - Krush 200ML: 5 × 7.167 = 35.84 page-4966190e7ca45b28.js:1:14434
     - Liqui Fruit Can 300ml: 17 × 10.25 = 174.25 page-4966190e7ca45b28.js:1:14434
     - Green Pepper: 0.4 × 35.813 = 14.33 page-4966190e7ca45b28.js:1:14434
     - Cooking Oil: 1 × 30.5 = 30.50 page-4966190e7ca45b28.js:1:14434
     - Rama: 0.5 × 52.667 = 26.33 page-4966190e7ca45b28.js:1:14434
     - Onion: 1 × 6.5 = 6.50 page-4966190e7ca45b28.js:1:14434
     SUBTOTAL: 1150.70 page-4966190e7ca45b28.js:1:14530
  5248. DL-00537 (2026-02-20T00:00:00.000Z): page-4966190e7ca45b28.js:1:14168
     - Brown Bread: 25 × 14.19 = 354.75 page-4966190e7ca45b28.js:1:14434
     - Eggs: 246 × 1.917 = 471.58 page-4966190e7ca45b28.js:1:14434
     - Romi: 1 × 23.533 = 23.53 page-4966190e7ca45b28.js:1:14434
     - Five Roses Tea: 30 × 0.64 = 19.20 page-4966190e7ca45b28.js:1:14434
     - Rooibos Tea: 80 × 0.475 = 38.00 page-4966190e7ca45b28.js:1:14434
     - Sunny Milk: 12 × 16.667 = 200.00 page-4966190e7ca45b28.js:1:14434
     - Cooking Oil: 0.75 × 30.5 = 22.88 page-4966190e7ca45b28.js:1:14434
     SUBTOTAL: 1129.94 page-4966190e7ca45b28.js:1:14530
  5249. DL-00550 (2026-02-20T00:00:00.000Z): page-4966190e7ca45b28.js:1:14168
     - Ox-Liver: 7.78 × 70 = 544.60 page-4966190e7ca45b28.js:1:14434
     - Sihlobo Rice: 11 × 10.476 = 115.24 page-4966190e7ca45b28.js:1:14434
     - Chicken: 12.6 × 45.105 = 568.32 page-4966190e7ca45b28.js:1:14434
     - Liqui Fruit Can 300ml: 3 × 10.25 = 30.75 page-4966190e7ca45b28.js:1:14434
     - Lettuce: 9 × 6 = 54.00 page-4966190e7ca45b28.js:1:14434
     - Onion: 3 × 6.5 = 19.50 page-4966190e7ca45b28.js:1:14434
     - Carrots: 2 × 14.99 = 29.98 page-4966190e7ca45b28.js:1:14434
     - Potatoes: 3 × 9.999 = 30.00 page-4966190e7ca45b28.js:1:14434
     - Bleach: 1 × 9.28 = 9.28 page-4966190e7ca45b28.js:1:14434
     - Umcenge Milk: 1 × 18.333 = 18.33 page-4966190e7ca45b28.js:1:14434
     SUBTOTAL: 1420.00 page-4966190e7ca45b28.js:1:14530
  5250. DL-00548 (2026-02-20T00:00:00.000Z): page-4966190e7ca45b28.js:1:14168
     - Chicken: 10.35 × 45.105 = 466.84 page-4966190e7ca45b28.js:1:14434
     - Tastic Rice: 2 × 18.4 = 36.80 page-4966190e7ca45b28.js:1:14434
     - Brown Sugar: 1 × 17.8 = 17.80 page-4966190e7ca45b28.js:1:14434
     - Eggs: 10 × 1.917 = 19.17 page-4966190e7ca45b28.js:1:14434
     - Brown Bread: 2 × 14.19 = 28.38 page-4966190e7ca45b28.js:1:14434
     - Onion: 0.5 × 6.5 = 3.25 page-4966190e7ca45b28.js:1:14434
     - Cheese Slice: 9 × 3.056 = 27.50 page-4966190e7ca45b28.js:1:14434
     - Umcenge Milk: 1 × 18.333 = 18.33 page-4966190e7ca45b28.js:1:14434
     SUBTOTAL: 618.07 page-4966190e7ca45b28.js:1:14530
  5251. DL-00554 (2026-02-20T00:00:00.000Z): page-4966190e7ca45b28.js:1:14168
     - Custard: 1 × 19 = 19.00 page-4966190e7ca45b28.js:1:14434
     - Umcenge Milk: 2 × 18.333 = 36.67 page-4966190e7ca45b28.js:1:14434
     SUBTOTAL: 55.67 page-4966190e7ca45b28.js:1:14530
  5252. DL-00540 (2026-02-20T00:00:00.000Z): page-4966190e7ca45b28.js:1:14168
     - Chicken Breast: 1.55 × 45.11 = 69.92 page-4966190e7ca45b28.js:1:14434
     - Tomatoes: 0.6 × 19.99 = 11.99 page-4966190e7ca45b28.js:1:14434
     - Cheese Slice: 12 × 3.056 = 36.67 page-4966190e7ca45b28.js:1:14434
     - Eggs: 6 × 1.917 = 11.50 page-4966190e7ca45b28.js:1:14434
     - Sihlobo Rice: 2.5 × 10.476 = 26.19 page-4966190e7ca45b28.js:1:14434
     - Mayonnaise: 0.4 × 55.5 = 22.20 page-4966190e7ca45b28.js:1:14434
     - Baloons: 1 × 18 = 18.00 page-4966190e7ca45b28.js:1:14434
     - Smarties sweets: 2 × 132 = 264.00 page-4966190e7ca45b28.js:1:14434
     - Onion: 0.55 × 6.5 = 3.58 page-4966190e7ca45b28.js:1:14434
     - Cucumber: 1 × 14.99 = 14.99 page-4966190e7ca45b28.js:1:14434
     - Red Pepper: 0.49 × 58.14 = 28.49 page-4966190e7ca45b28.js:1:14434
     - Yellow Pepper: 0.55 × 48.276 = 26.55 page-4966190e7ca45b28.js:1:14434
     - Self Raising Flour: 2.5 × 16 = 40.00 page-4966190e7ca45b28.js:1:14434
     SUBTOTAL: 574.08 page-4966190e7ca45b28.js:1:14530
  5253. DL-00551 (2026-02-20T00:00:00.000Z): page-4966190e7ca45b28.js:1:14168
     - Cake Flour: 3.6 × 14.16 = 50.98 page-4966190e7ca45b28.js:1:14434
     - Raisins: 0.3 × 0 = 0.00 page-4966190e7ca45b28.js:1:14434
     - Self Raising Flour: 1.5 × 16 = 24.00 page-4966190e7ca45b28.js:1:14434
     - Umcenge Milk: 1 × 18.333 = 18.33 page-4966190e7ca45b28.js:1:14434
     - Eggs: 20 × 1.917 = 38.34 page-4966190e7ca45b28.js:1:14434
     - Top Class Aromat: 1 × 70 = 70.00 page-4966190e7ca45b28.js:1:14434
     - Top Score Maize Meal: 3 × 12.2 = 36.60 page-4966190e7ca45b28.js:1:14434
     - Cooking Oil: 4 × 30.5 = 122.00 page-4966190e7ca45b28.js:1:14434
     - Onion: 5 × 6.5 = 32.50 page-4966190e7ca45b28.js:1:14434
     - Carrots: 3 × 14.99 = 44.97 page-4966190e7ca45b28.js:1:14434
     - Potatoes: 2.5 × 9.999 = 25.00 page-4966190e7ca45b28.js:1:14434
     - Chicken: 20 × 45.105 = 902.10 page-4966190e7ca45b28.js:1:14434
     - Hake zero: 0.24 × 67.797 = 16.27 page-4966190e7ca45b28.js:1:14434
     - Brown Sugar: 1 × 17.8 = 17.80 page-4966190e7ca45b28.js:1:14434
     - White Sugar: 1 × 19.4 = 19.40 page-4966190e7ca45b28.js:1:14434
     - Braai Wors: 2.91 × 89.999 = 261.90 page-4966190e7ca45b28.js:1:14434
     - Yeast 10g: 0.02 × 3.43 = 0.07 page-4966190e7ca45b28.js:1:14434
     - Sweet-Chilli Sauce: 2 × 19 = 38.00 page-4966190e7ca45b28.js:1:14434
     - Russian: 0.12 × 101.5 = 12.18 page-4966190e7ca45b28.js:1:14434
     - Rama: 1 × 52.667 = 52.67 page-4966190e7ca45b28.js:1:14434
     - Butternut: 10 × 7 = 70.00 page-4966190e7ca45b28.js:1:14434
     - Sihlobo Rice: 1 × 10.476 = 10.48 page-4966190e7ca45b28.js:1:14434
     - Rajah (Medium): 0.1 × 200 = 20.00 page-4966190e7ca45b28.js:1:14434
     - Dishwash Liquid: 1 × 12.32 = 12.32 page-4966190e7ca45b28.js:1:14434
     - Soft Drink 1L: 3 × 16.375 = 49.13 page-4966190e7ca45b28.js:1:14434
     - Soft Drink 2L: 2 × 21.667 = 43.33 page-4966190e7ca45b28.js:1:14434
     - Soft Drink 300ml: 1 × 11.646 = 11.65 page-4966190e7ca45b28.js:1:14434
     - Liqui Fruit Can 300ml: 1 × 10.25 = 10.25 page-4966190e7ca45b28.js:1:14434
     - Liqui Fruit 1L: 1 × 22.917 = 22.92 page-4966190e7ca45b28.js:1:14434
     - Sparkling 500ml : 1 × 6.25 = 6.25 page-4966190e7ca45b28.js:1:14434
     - Still Water 500ml: 2 × 4.167 = 8.33 page-4966190e7ca45b28.js:1:14434
     - Mahewu 500ml: 2 × 9.1 = 18.20 page-4966190e7ca45b28.js:1:14434
     SUBTOTAL: 2065.95 page-4966190e7ca45b28.js:1:14530
  5254. DL-00536 (2026-02-20T00:00:00.000Z): page-4966190e7ca45b28.js:1:14168
     - Top Score Maize Meal: 7.5 × 12.2 = 91.50 page-4966190e7ca45b28.js:1:14434
     - Emabele: 5 × 16 = 80.00 page-4966190e7ca45b28.js:1:14434
     - Romi: 0.5 × 23.533 = 11.77 page-4966190e7ca45b28.js:1:14434
     - Nespray 1.8kg : 1 × 314.99 = 314.99 page-4966190e7ca45b28.js:1:14434
     SUBTOTAL: 498.26 page-4966190e7ca45b28.js:1:14530
  5255. DL-00545 (2026-02-20T00:00:00.000Z): page-4966190e7ca45b28.js:1:14168
     - Braai Wors: 20 × 89.999 = 1799.98 page-4966190e7ca45b28.js:1:14434
     - Chicken: 1.7 × 45.105 = 76.68 page-4966190e7ca45b28.js:1:14434
     - Sihlobo Rice: 25.4 × 10.476 = 266.09 page-4966190e7ca45b28.js:1:14434
     - Carrots: 3.8 × 14.99 = 56.96 page-4966190e7ca45b28.js:1:14434
     - Onion: 3.9 × 6.5 = 25.35 page-4966190e7ca45b28.js:1:14434
     - FOMO 40: 6 × 0.66 = 3.96 page-4966190e7ca45b28.js:1:14434
     - Fomo 5: 2 × 0.308 = 0.62 page-4966190e7ca45b28.js:1:14434
     - Crown Six Gun: 1 × 81.5 = 81.50 page-4966190e7ca45b28.js:1:14434
     - Ruchi Tumeric: 1 × 93 = 93.00 page-4966190e7ca45b28.js:1:14434
     - Exotic Paprika: 1 × 124 = 124.00 page-4966190e7ca45b28.js:1:14434
     - Soup: 4.34 × 4.2 = 18.23 page-4966190e7ca45b28.js:1:14434
     - Chicken Stock: 0.24 × 120.792 = 28.99 page-4966190e7ca45b28.js:1:14434
     - Cake Flour: 0.45 × 14.16 = 6.37 page-4966190e7ca45b28.js:1:14434
     - Lettuce: 20 × 6 = 120.00 page-4966190e7ca45b28.js:1:14434
     - Tomatoes: 5.05 × 19.99 = 100.95 page-4966190e7ca45b28.js:1:14434
     - Cucumber: 2 × 14.99 = 29.98 page-4966190e7ca45b28.js:1:14434
     - Refuse Bag Roll: 2 × 27.9 = 55.80 page-4966190e7ca45b28.js:1:14434
     - Bleach: 5 × 9.28 = 46.40 page-4966190e7ca45b28.js:1:14434
     - FOMO 73: 1 × 0.368 = 0.37 page-4966190e7ca45b28.js:1:14434
     - Still Water 500ml: 1 × 4.167 = 4.17 page-4966190e7ca45b28.js:1:14434
     SUBTOTAL: 2939.39 page-4966190e7ca45b28.js:1:14530
  5256. DL-00525 (2026-02-19T00:00:00.000Z): page-4966190e7ca45b28.js:1:14168
     - Low Fat Milk: 2 × 19.667 = 39.33 page-4966190e7ca45b28.js:1:14434
     - Umcenge Milk: 6 × 18.333 = 110.00 page-4966190e7ca45b28.js:1:14434
     - Brown Sugar: 8 × 17.8 = 142.40 page-4966190e7ca45b28.js:1:14434
     SUBTOTAL: 291.73 page-4966190e7ca45b28.js:1:14530
  5257. DL-00524 (2026-02-19T00:00:00.000Z): page-4966190e7ca45b28.js:1:14168
     - Mince Meat: 13.37 × 132.99 = 1778.08 page-4966190e7ca45b28.js:1:14434
     - Chicken: 1.8 × 45.105 = 81.19 page-4966190e7ca45b28.js:1:14434
     - Carrots: 4.25 × 14.99 = 63.71 page-4966190e7ca45b28.js:1:14434
     - Onion: 4.15 × 6.5 = 26.98 page-4966190e7ca45b28.js:1:14434
     - Cabbage: 17 × 16 = 272.00 page-4966190e7ca45b28.js:1:14434
     - Red Cabbage: 1.5 × 15.19 = 22.79 page-4966190e7ca45b28.js:1:14434
     - Top Score Maize Meal: 25 × 13.2 = 330.00 page-4966190e7ca45b28.js:1:14434
     - Jumbo roll: 1 × 318 = 318.00 page-4966190e7ca45b28.js:1:14434
     - Cooking Oil: 2 × 32.5 = 65.00 page-4966190e7ca45b28.js:1:14434
     - Exotic Paprika: 1 × 124 = 124.00 page-4966190e7ca45b28.js:1:14434
     - Spice Mix: 0.4 × 70 = 28.00 page-4966190e7ca45b28.js:1:14434
     - Soup: 4.44 × 4.2 = 18.65 page-4966190e7ca45b28.js:1:14434
     - Cake Flour: 0.4 × 14.16 = 5.66 page-4966190e7ca45b28.js:1:14434
     - FOMO 40: 2 × 0.66 = 1.32 page-4966190e7ca45b28.js:1:14434
     - Still Water 500ml: 1 × 4.167 = 4.17 page-4966190e7ca45b28.js:1:14434
     - Dish Wash: 2 × 12.32 = 24.64 page-4966190e7ca45b28.js:1:14434
     SUBTOTAL: 3164.17 page-4966190e7ca45b28.js:1:14530
  5258. DL-00532 (2026-02-19T00:00:00.000Z): page-4966190e7ca45b28.js:1:14168
     - Brown Bread: 1 × 14.19 = 14.19 page-4966190e7ca45b28.js:1:14434
     - White Bread: 1 × 15.916 = 15.92 page-4966190e7ca45b28.js:1:14434
     - Yeast 10g: 0.04 × 3.43 = 0.14 page-4966190e7ca45b28.js:1:14434
     - Rama: 1 × 52.667 = 52.67 page-4966190e7ca45b28.js:1:14434
     - Eggs: 48 × 1.917 = 92.02 page-4966190e7ca45b28.js:1:14434
     - Umcenge Milk: 2 × 18.333 = 36.67 page-4966190e7ca45b28.js:1:14434
     - Cake Flour: 5 × 14.16 = 70.80 page-4966190e7ca45b28.js:1:14434
     - Self Raising Flour: 2.6 × 16 = 41.60 page-4966190e7ca45b28.js:1:14434
     - Brown Sugar: 1.3 × 17.8 = 23.14 page-4966190e7ca45b28.js:1:14434
     - White Sugar: 1 × 19.4 = 19.40 page-4966190e7ca45b28.js:1:14434
     - Cheese Slice: 8 × 3.056 = 24.45 page-4966190e7ca45b28.js:1:14434
     - Bacon: 1 × 88.35 = 88.35 page-4966190e7ca45b28.js:1:14434
     - Nik-Naks 50g: 5 × 5.583 = 27.91 page-4966190e7ca45b28.js:1:14434
     - Cream: 0.5 × 98.02 = 49.01 page-4966190e7ca45b28.js:1:14434
     - Dish Wash: 2.5 × 12.32 = 30.80 page-4966190e7ca45b28.js:1:14434
     - Doritos 45g: 5 × 7.438 = 37.19 page-4966190e7ca45b28.js:1:14434
     - Beef Stewing: 6.3 × 108.69 = 684.75 page-4966190e7ca45b28.js:1:14434
     - Chicken: 6.8 × 45.105 = 306.71 page-4966190e7ca45b28.js:1:14434
     - Tastic Rice: 3.85 × 18.4 = 70.84 page-4966190e7ca45b28.js:1:14434
     - Potatoes: 14 × 9.999 = 139.99 page-4966190e7ca45b28.js:1:14434
     - Spice Mix: 0.4 × 70 = 28.00 page-4966190e7ca45b28.js:1:14434
     - Lettuce: 6 × 5 = 30.00 page-4966190e7ca45b28.js:1:14434
     - Red Pepper: 0.6 × 58.14 = 34.88 page-4966190e7ca45b28.js:1:14434
     - Yellow Pepper: 0.6 × 48.276 = 28.97 page-4966190e7ca45b28.js:1:14434
     - Green Pepper: 0.55 × 39.98 = 21.99 page-4966190e7ca45b28.js:1:14434
     - Cheddar Cheese: 0.1 × 227.047 = 22.70 page-4966190e7ca45b28.js:1:14434
     - Red Onion: 1 × 25 = 25.00 page-4966190e7ca45b28.js:1:14434
     - Cabbage: 1 × 16 = 16.00 page-4966190e7ca45b28.js:1:14434
     - Sweet-Chilli Sauce: 1 × 19 = 19.00 page-4966190e7ca45b28.js:1:14434
     - Tomato Sauce: 0.7 × 9.4 = 6.58 page-4966190e7ca45b28.js:1:14434
     - FOMO 40: 75 × 0.66 = 49.50 page-4966190e7ca45b28.js:1:14434
     - Sunny Green Bar: 1 × 18.75 = 18.75 page-4966190e7ca45b28.js:1:14434
     - Carrots: 1 × 14.99 = 14.99 page-4966190e7ca45b28.js:1:14434
     - Kingsize 300ml: 3 × 7.396 = 22.19 page-4966190e7ca45b28.js:1:14434
     - Beef Stock Cubes 240g: 1 × 28.99 = 28.99 page-4966190e7ca45b28.js:1:14434
     - Cooking Oil: 5 × 32.5 = 162.50 page-4966190e7ca45b28.js:1:14434
     - Soft Drink 300ml: 5 × 11.646 = 58.23 page-4966190e7ca45b28.js:1:14434
     - Soft Drink 1L: 1 × 16.375 = 16.38 page-4966190e7ca45b28.js:1:14434
     - Soft Drink 2L: 1 × 23.667 = 23.67 page-4966190e7ca45b28.js:1:14434
     - Liqui Fruit Can 300ml: 2 × 10.417 = 20.83 page-4966190e7ca45b28.js:1:14434
     - Sparkling Water 1.5l: 1 × 10.833 = 10.83 page-4966190e7ca45b28.js:1:14434
     - Sparkling Water 500ml: 1 × 6.417 = 6.42 page-4966190e7ca45b28.js:1:14434
     - Ginger Shots 100ml: 1 × 22.273 = 22.27 page-4966190e7ca45b28.js:1:14434
     - Ginger shots 250ml : 1 × 30 = 30.00 page-4966190e7ca45b28.js:1:14434
     SUBTOTAL: 2545.20 page-4966190e7ca45b28.js:1:14530
  5259. DL-00516 (2026-02-19T00:00:00.000Z): page-4966190e7ca45b28.js:1:14168
     - Brown Bread: 2 × 14.59 = 29.18 page-4966190e7ca45b28.js:1:14434
     - White Bread: 2 × 16.29 = 32.58 page-4966190e7ca45b28.js:1:14434
     - Beef Sausages: 2 × 104.34 = 208.68 page-4966190e7ca45b28.js:1:14434
     - Pork Sausages: 2 × 91.563 = 183.13 page-4966190e7ca45b28.js:1:14434
     - Umcenge Milk: 5 × 18.333 = 91.66 page-4966190e7ca45b28.js:1:14434
     - Eggs: 27 × 1.917 = 51.76 page-4966190e7ca45b28.js:1:14434
     - Top Score Maize Meal: 1 × 13.2 = 13.20 page-4966190e7ca45b28.js:1:14434
     - Selati Brown Sugar: 97 × 0.26 = 25.22 page-4966190e7ca45b28.js:1:14434
     - Rooibos Tea: 12 × 0.475 = 5.70 page-4966190e7ca45b28.js:1:14434
     - Ellis Brown Sachets 4g: 12 × 1.19 = 14.28 page-4966190e7ca45b28.js:1:14434
     - Canderel Sugar: 9 × 0.772 = 6.95 page-4966190e7ca45b28.js:1:14434
     - Weet-Bix 900g: 0.45 × 53.333 = 24.00 page-4966190e7ca45b28.js:1:14434
     - Liqui Fruit Can 300ml: 22 × 10.417 = 229.17 page-4966190e7ca45b28.js:1:14434
     - Brocolli: 1 × 32.99 = 32.99 page-4966190e7ca45b28.js:1:14434
     - Cauliflower: 1 × 29.99 = 29.99 page-4966190e7ca45b28.js:1:14434
     - Cheese Slice: 15 × 3.056 = 45.84 page-4966190e7ca45b28.js:1:14434
     - Rama: 1 × 52.667 = 52.67 page-4966190e7ca45b28.js:1:14434
     - Bacon: 0.5 × 88.35 = 44.17 page-4966190e7ca45b28.js:1:14434
     - Koo Beans 410g: 4 × 14.167 = 56.67 page-4966190e7ca45b28.js:1:14434
     - Red Pepper: 0.4 × 58.14 = 23.26 page-4966190e7ca45b28.js:1:14434
     - Yellow Pepper: 0.4 × 48.276 = 19.31 page-4966190e7ca45b28.js:1:14434
     - Still Water 500ml: 2 × 4.167 = 8.33 page-4966190e7ca45b28.js:1:14434
     - Krush 200ML: 3 × 7.167 = 21.50 page-4966190e7ca45b28.js:1:14434
     - Green Pepper: 0.4 × 39.98 = 15.99 page-4966190e7ca45b28.js:1:14434
     SUBTOTAL: 1266.24 page-4966190e7ca45b28.js:1:14530
  5260. DL-00533 (2026-02-19T00:00:00.000Z): page-4966190e7ca45b28.js:1:14168
     - Brown Bread: 3 × 14.19 = 42.57 page-4966190e7ca45b28.js:1:14434
     - White Bread: 2 × 15.916 = 31.83 page-4966190e7ca45b28.js:1:14434
     - Rooibos Tea: 9 × 0.475 = 4.27 page-4966190e7ca45b28.js:1:14434
     - Brown Sugar: 1 × 17.8 = 17.80 page-4966190e7ca45b28.js:1:14434
     - Five Roses Tea: 3 × 0.64 = 1.92 page-4966190e7ca45b28.js:1:14434
     - Apple: 3.2 × 24.66 = 78.91 page-4966190e7ca45b28.js:1:14434
     - Cheese Slice: 5 × 3.056 = 15.28 page-4966190e7ca45b28.js:1:14434
     - Eggs: 4 × 1.917 = 7.67 page-4966190e7ca45b28.js:1:14434
     - Umcenge Milk 500ML: 1 × 23 = 23.00 page-4966190e7ca45b28.js:1:14434
     - Russian: 0.2 × 101.5 = 20.30 page-4966190e7ca45b28.js:1:14434
     - Soft Drink 300ml: 2 × 11.646 = 23.29 page-4966190e7ca45b28.js:1:14434
     - Mayonnaise: 2 × 55.5 = 111.00 page-4966190e7ca45b28.js:1:14434
     SUBTOTAL: 377.85 page-4966190e7ca45b28.js:1:14530
  5261. DL-00522 (2026-02-19T00:00:00.000Z): page-4966190e7ca45b28.js:1:14168
     - Top Score Maize Meal: 14 × 13.2 = 184.80 page-4966190e7ca45b28.js:1:14434
     - Emasi: 28 × 16.5 = 462.00 page-4966190e7ca45b28.js:1:14434
     - Dishwash Liquid: 2 × 12.32 = 24.64 page-4966190e7ca45b28.js:1:14434
     - Cabbage: 1 × 16 = 16.00 page-4966190e7ca45b28.js:1:14434
     - FOMO 6: 85 × 0.312 = 26.52 page-4966190e7ca45b28.js:1:14434
     - Umcenge Milk: 1 × 18.333 = 18.33 page-4966190e7ca45b28.js:1:14434
     - Low Fat Milk: 1 × 19.667 = 19.67 page-4966190e7ca45b28.js:1:14434
     - Chicken: 1.3 × 45.105 = 58.64 page-4966190e7ca45b28.js:1:14434
     - Chicken Drumsticks: 2.33 × 58.96 = 137.38 page-4966190e7ca45b28.js:1:14434
     - Plastic Spoons : 100 × 0.144 = 14.40 page-4966190e7ca45b28.js:1:14434
     - Liqui Fruit Can 300ml: 2 × 10.417 = 20.83 page-4966190e7ca45b28.js:1:14434
     - Fomo Tubs: 7 × 0.998 = 6.99 page-4966190e7ca45b28.js:1:14434
     SUBTOTAL: 990.19 page-4966190e7ca45b28.js:1:14530
  5262. DL-00521 (2026-02-19T00:00:00.000Z): page-4966190e7ca45b28.js:1:14168
     - Pork Sliced: 2.05 × 80 = 164.00 page-4966190e7ca45b28.js:1:14434
     - Hake Fillet: 1.5 × 144.336 = 216.50 page-4966190e7ca45b28.js:1:14434
     - Chicken: 1.75 × 45.105 = 78.93 page-4966190e7ca45b28.js:1:14434
     - Sihlobo Rice: 2.5 × 10.476 = 26.19 page-4966190e7ca45b28.js:1:14434
     - Butternut: 4.6 × 7 = 32.20 page-4966190e7ca45b28.js:1:14434
     - Lettuce: 3 × 5 = 15.00 page-4966190e7ca45b28.js:1:14434
     - Red Pepper: 0.45 × 58.14 = 26.16 page-4966190e7ca45b28.js:1:14434
     - Yellow Pepper: 0.55 × 48.276 = 26.55 page-4966190e7ca45b28.js:1:14434
     - Red Onion: 0.3 × 25 = 7.50 page-4966190e7ca45b28.js:1:14434
     - Cucumber: 1 × 14.99 = 14.99 page-4966190e7ca45b28.js:1:14434
     - Honey 375g: 1 × 63.333 = 63.33 page-4966190e7ca45b28.js:1:14434
     - Onion: 0.15 × 6.5 = 0.97 page-4966190e7ca45b28.js:1:14434
     - FOMO 40: 12 × 0.66 = 7.92 page-4966190e7ca45b28.js:1:14434
     - Still Water 500ml: 11 × 4.167 = 45.84 page-4966190e7ca45b28.js:1:14434
     - FOMO 73: 11 × 0.368 = 4.05 page-4966190e7ca45b28.js:1:14434
     - Apple: 1.5 × 24.66 = 36.99 page-4966190e7ca45b28.js:1:14434
     SUBTOTAL: 767.14 page-4966190e7ca45b28.js:1:14530
  5263. DL-00528 (2026-02-19T00:00:00.000Z): page-4966190e7ca45b28.js:1:14168
     - Chicken: 12.45 × 45.105 = 561.56 page-4966190e7ca45b28.js:1:14434
     - Tastic Rice: 1.55 × 18.4 = 28.52 page-4966190e7ca45b28.js:1:14434
     - Potatoes: 7 × 9.999 = 69.99 page-4966190e7ca45b28.js:1:14434
     - Lettuce: 3 × 5 = 15.00 page-4966190e7ca45b28.js:1:14434
     - Eggs: 12 × 1.917 = 23.00 page-4966190e7ca45b28.js:1:14434
     - Rama: 0.5 × 52.667 = 26.33 page-4966190e7ca45b28.js:1:14434
     - Cream: 0.5 × 98.02 = 49.01 page-4966190e7ca45b28.js:1:14434
     - Carrots: 1 × 14.99 = 14.99 page-4966190e7ca45b28.js:1:14434
     - Red Pepper: 0.2 × 58.14 = 11.63 page-4966190e7ca45b28.js:1:14434
     - Yellow Pepper: 0.2 × 48.276 = 9.66 page-4966190e7ca45b28.js:1:14434
     - Tomatoes: 1 × 19.99 = 19.99 page-4966190e7ca45b28.js:1:14434
     - Cucumber: 1 × 14.99 = 14.99 page-4966190e7ca45b28.js:1:14434
     - Cooking Oil: 1 × 32.5 = 32.50 page-4966190e7ca45b28.js:1:14434
     - Brown Sugar: 1 × 17.8 = 17.80 page-4966190e7ca45b28.js:1:14434
     - Plastic Spoons : 1 × 0.144 = 0.14 page-4966190e7ca45b28.js:1:14434
     - Still Water 500ml: 7 × 4.167 = 29.17 page-4966190e7ca45b28.js:1:14434
     - Krush 200ML: 6 × 7.167 = 43.00 page-4966190e7ca45b28.js:1:14434
     - Liqui Fruit Can 300ml: 30 × 10.417 = 312.51 page-4966190e7ca45b28.js:1:14434
     SUBTOTAL: 1279.80 page-4966190e7ca45b28.js:1:14530
  5264. DL-00513 (2026-02-19T00:00:00.000Z): page-4966190e7ca45b28.js:1:14168
     - Brown Bread: 25 × 14.19 = 354.75 page-4966190e7ca45b28.js:1:14434
     - Droxford Peanut Butter: 5.05 × 58.35 = 294.67 page-4966190e7ca45b28.js:1:14434
     - Rooibos Tea: 80 × 0.475 = 38.00 page-4966190e7ca45b28.js:1:14434
     - Five Roses Tea: 30 × 0.64 = 19.20 page-4966190e7ca45b28.js:1:14434
     - Sunny Milk: 6 × 16.667 = 100.00 page-4966190e7ca45b28.js:1:14434
     SUBTOTAL: 806.62 page-4966190e7ca45b28.js:1:14530
  5265. DL-00529 (2026-02-19T00:00:00.000Z): page-4966190e7ca45b28.js:1:14168
     - Apple: 28.5 × 24.66 = 702.81 page-4966190e7ca45b28.js:1:14434
     - Banana: 4.8 × 15.825 = 75.96 page-4966190e7ca45b28.js:1:14434
     SUBTOTAL: 778.77 page-4966190e7ca45b28.js:1:14530
  5266. DL-00517 (2026-02-19T00:00:00.000Z): page-4966190e7ca45b28.js:1:14168
     - Onion: 4 × 6.5 = 26.00 page-4966190e7ca45b28.js:1:14434
     - Pot Scourer: 2 × 1.028 = 2.06 page-4966190e7ca45b28.js:1:14434
     - Potatoes: 4 × 7 = 28.00 page-4966190e7ca45b28.js:1:14434
     - Braai Wors: 6 × 89.999 = 539.99 page-4966190e7ca45b28.js:1:14434
     - Salt: 1 × 6.7 = 6.70 page-4966190e7ca45b28.js:1:14434
     - Ruchi Sea Food Spice: 1 × 47 = 47.00 page-4966190e7ca45b28.js:1:14434
     - Chicken: 3.28 × 45.105 = 147.94 page-4966190e7ca45b28.js:1:14434
     - Dishwash Liquid: 2 × 12.32 = 24.64 page-4966190e7ca45b28.js:1:14434
     - Bleach: 1 × 9.28 = 9.28 page-4966190e7ca45b28.js:1:14434
     - Tomato Sauce: 1 × 9.4 = 9.40 page-4966190e7ca45b28.js:1:14434
     - Beetroot: 7 × 14 = 98.00 page-4966190e7ca45b28.js:1:14434
     - Carrots: 4 × 4 = 16.00 page-4966190e7ca45b28.js:1:14434
     - Cooking Oil: 2 × 32.5 = 65.00 page-4966190e7ca45b28.js:1:14434
     - Sihlobo Rice: 11 × 10.476 = 115.24 page-4966190e7ca45b28.js:1:14434
     - Exotic Tumeric: 1 × 82 = 82.00 page-4966190e7ca45b28.js:1:14434
     - Mama's BBQ Sauce: 1 × 11.7 = 11.70 page-4966190e7ca45b28.js:1:14434
     - Peas: 1 × 67.053 = 67.05 page-4966190e7ca45b28.js:1:14434
     - Eggs: 4 × 1.917 = 7.67 page-4966190e7ca45b28.js:1:14434
     - FOMO 6: 13 × 0.312 = 4.06 page-4966190e7ca45b28.js:1:14434
     - Fomo Tubs: 5 × 0.998 = 4.99 page-4966190e7ca45b28.js:1:14434
     - Mayonnaise: 1 × 55.5 = 55.50 page-4966190e7ca45b28.js:1:14434
     SUBTOTAL: 1368.22 page-4966190e7ca45b28.js:1:14530
  5267. DL-00519 (2026-02-19T00:00:00.000Z): page-4966190e7ca45b28.js:1:14168
     - Cake Flour: 2 × 14.16 = 28.32 page-4966190e7ca45b28.js:1:14434
     - Self Raising Flour: 1.5 × 16 = 24.00 page-4966190e7ca45b28.js:1:14434
     - Eggs: 22 × 1.917 = 42.17 page-4966190e7ca45b28.js:1:14434
     - Yeast 10g: 0.01 × 3.43 = 0.03 page-4966190e7ca45b28.js:1:14434
     - Umcenge Milk: 2 × 18.333 = 36.67 page-4966190e7ca45b28.js:1:14434
     - White Bread: 2 × 15.916 = 31.83 page-4966190e7ca45b28.js:1:14434
     - White Sugar: 1 × 19.4 = 19.40 page-4966190e7ca45b28.js:1:14434
     - Rama: 1 × 52.667 = 52.67 page-4966190e7ca45b28.js:1:14434
     - Russian: 0.02 × 101.5 = 2.03 page-4966190e7ca45b28.js:1:14434
     - Crushed Garlic: 2 × 70.122 = 140.24 page-4966190e7ca45b28.js:1:14434
     - Cooking Oil: 4 × 32.5 = 130.00 page-4966190e7ca45b28.js:1:14434
     - Brown Bread: 4 × 14.19 = 56.76 page-4966190e7ca45b28.js:1:14434
     - FOMO Cups 350ml: 25 × 0.64 = 16.00 page-4966190e7ca45b28.js:1:14434
     - Fomo 5: 13 × 0.308 = 4.00 page-4966190e7ca45b28.js:1:14434
     - FOMO 6: 6 × 0.312 = 1.87 page-4966190e7ca45b28.js:1:14434
     - FOMO 40: 51 × 0.66 = 33.66 page-4966190e7ca45b28.js:1:14434
     - Plastic Spoons : 150 × 0.144 = 21.60 page-4966190e7ca45b28.js:1:14434
     - Chicken: 18.75 × 45.105 = 845.72 page-4966190e7ca45b28.js:1:14434
     - Hake zero: 1.95 × 67.797 = 132.20 page-4966190e7ca45b28.js:1:14434
     - Butternut: 10 × 7 = 70.00 page-4966190e7ca45b28.js:1:14434
     - Potatoes: 8.14 × 7 = 56.98 page-4966190e7ca45b28.js:1:14434
     - Pork Sliced: 1.18 × 80 = 94.40 page-4966190e7ca45b28.js:1:14434
     - Top Score Maize Meal: 3 × 13.2 = 39.60 page-4966190e7ca45b28.js:1:14434
     - Beetroot: 2 × 14 = 28.00 page-4966190e7ca45b28.js:1:14434
     - Carrots: 4 × 4 = 16.00 page-4966190e7ca45b28.js:1:14434
     - Mayonnaise: 1 × 55.5 = 55.50 page-4966190e7ca45b28.js:1:14434
     - FOMO 73: 11 × 0.368 = 4.05 page-4966190e7ca45b28.js:1:14434
     - Sihlobo Rice: 7 × 10.476 = 73.33 page-4966190e7ca45b28.js:1:14434
     - Sweet-Chilli Sauce: 1.35 × 19 = 25.65 page-4966190e7ca45b28.js:1:14434
     - Cabbage: 4 × 16 = 64.00 page-4966190e7ca45b28.js:1:14434
     - Onion: 2 × 6.5 = 13.00 page-4966190e7ca45b28.js:1:14434
     - Rajah (Hot): 0.2 × 32.7 = 6.54 page-4966190e7ca45b28.js:1:14434
     - Soft Drink 1L: 2 × 16.375 = 32.75 page-4966190e7ca45b28.js:1:14434
     - Soft Drink 2L: 3 × 23.667 = 71.00 page-4966190e7ca45b28.js:1:14434
     - Soft Drink 300ml: 4 × 11.646 = 46.58 page-4966190e7ca45b28.js:1:14434
     - Liqui Fruit Can 300ml: 2 × 10.417 = 20.83 page-4966190e7ca45b28.js:1:14434
     - Score 500ml: 2 × 8.333 = 16.67 page-4966190e7ca45b28.js:1:14434
     - Still Water 500ml: 1 × 4.167 = 4.17 page-4966190e7ca45b28.js:1:14434
     - Brown Sugar: 3 × 17.8 = 53.40 page-4966190e7ca45b28.js:1:14434
     SUBTOTAL: 2411.64 page-4966190e7ca45b28.js:1:14530
  5268. DL-00518 (2026-02-19T00:00:00.000Z): page-4966190e7ca45b28.js:1:14168
     - Hake Fillet: 1.65 × 144.336 = 238.15 page-4966190e7ca45b28.js:1:14434
     - Chicken: 3.45 × 45.105 = 155.61 page-4966190e7ca45b28.js:1:14434
     - Macaroni: 0.5 × 33.6 = 16.80 page-4966190e7ca45b28.js:1:14434
     - Tastic Rice: 1 × 18.4 = 18.40 page-4966190e7ca45b28.js:1:14434
     - Red Onion: 1 × 25 = 25.00 page-4966190e7ca45b28.js:1:14434
     - Brocolli: 5 × 32.99 = 164.95 page-4966190e7ca45b28.js:1:14434
     - Cauliflower: 1 × 29.99 = 29.99 page-4966190e7ca45b28.js:1:14434
     - Baby Marrow: 0.8 × 39.975 = 31.98 page-4966190e7ca45b28.js:1:14434
     - Red Pepper: 0.4 × 58.14 = 23.26 page-4966190e7ca45b28.js:1:14434
     - Yellow Pepper: 0.4 × 48.276 = 19.31 page-4966190e7ca45b28.js:1:14434
     - Dish Wash: 2.5 × 12.32 = 30.80 page-4966190e7ca45b28.js:1:14434
     - Cheddar Cheese: 0.5 × 227.047 = 113.52 page-4966190e7ca45b28.js:1:14434
     - Mozzarella Cheese: 0.3 × 194.5 = 58.35 page-4966190e7ca45b28.js:1:14434
     - Umcenge Milk: 2 × 18.333 = 36.67 page-4966190e7ca45b28.js:1:14434
     - Mushrooms: 0.25 × 115.96 = 28.99 page-4966190e7ca45b28.js:1:14434
     - Cream: 0.5 × 98.02 = 49.01 page-4966190e7ca45b28.js:1:14434
     - Cooking Oil: 2 × 32.5 = 65.00 page-4966190e7ca45b28.js:1:14434
     - Top Score Maize Meal: 1 × 13.2 = 13.20 page-4966190e7ca45b28.js:1:14434
     - Sweet-Chilli Sauce: 1 × 19 = 19.00 page-4966190e7ca45b28.js:1:14434
     - Still Water 500ml: 16 × 4.167 = 66.67 page-4966190e7ca45b28.js:1:14434
     - Pears: 1.5 × 25.327 = 37.99 page-4966190e7ca45b28.js:1:14434
     - Nectarines: 3 × 29.99 = 89.97 page-4966190e7ca45b28.js:1:14434
     - Cake Flour: 0.5 × 14.16 = 7.08 page-4966190e7ca45b28.js:1:14434
     - Liqui Fruit Can 300ml: 5 × 10.417 = 52.09 page-4966190e7ca45b28.js:1:14434
     SUBTOTAL: 1391.79 page-4966190e7ca45b28.js:1:14530
  5269. DL-00523 (2026-02-19T00:00:00.000Z): page-4966190e7ca45b28.js:1:14168
     - Pears: 1.5 × 23.327 = 34.99 page-4966190e7ca45b28.js:1:14434
     - Yoghurt 1kg Low fat: 1 × 40 = 40.00 page-4966190e7ca45b28.js:1:14434
     - Brown Bread: 1 × 14.19 = 14.19 page-4966190e7ca45b28.js:1:14434
     SUBTOTAL: 89.18 page-4966190e7ca45b28.js:1:14530
  5270. DL-00526 (2026-02-19T00:00:00.000Z): page-4966190e7ca45b28.js:1:14168
     - Brown Sugar: 0.45 × 17.8 = 8.01 page-4966190e7ca45b28.js:1:14434
     - Romi: 0.5 × 23.533 = 11.77 page-4966190e7ca45b28.js:1:14434
     - Self Raising Flour: 2.5 × 16 = 40.00 page-4966190e7ca45b28.js:1:14434
     - Eggs: 13 × 1.917 = 24.92 page-4966190e7ca45b28.js:1:14434
     - Sunny Milk: 1 × 16.667 = 16.67 page-4966190e7ca45b28.js:1:14434
     - Cheese Slice: 2 × 3.056 = 6.11 page-4966190e7ca45b28.js:1:14434
     - Mozzarella Cheese: 0.1 × 194.5 = 19.45 page-4966190e7ca45b28.js:1:14434
     - Soft Drink 1L: 1 × 16.375 = 16.38 page-4966190e7ca45b28.js:1:14434
     SUBTOTAL: 143.30 page-4966190e7ca45b28.js:1:14530
  5271. DL-00527 (2026-02-19T00:00:00.000Z): page-4966190e7ca45b28.js:1:14168
     - Smarties sweets: 2 × 132 = 264.00 page-4966190e7ca45b28.js:1:14434
     SUBTOTAL: 264.00 page-4966190e7ca45b28.js:1:14530
  5272. DL-00530 (2026-02-19T00:00:00.000Z): page-4966190e7ca45b28.js:1:14168
     - Yoghurt Bliss 150g: 1 × 14.49 = 14.49 page-4966190e7ca45b28.js:1:14434
     - Liqui Fruit Can 300ml: 1 × 10.417 = 10.42 page-4966190e7ca45b28.js:1:14434
     SUBTOTAL: 24.91 page-4966190e7ca45b28.js:1:14530
  5273. DL-00520 (2026-02-19T00:00:00.000Z): page-4966190e7ca45b28.js:1:14168
     - Hake Fillet: 25 × 144.336 = 3608.40 page-4966190e7ca45b28.js:1:14434
     - Butternut: 20 × 7 = 140.00 page-4966190e7ca45b28.js:1:14434
     - Mega Star Samp: 20 × 14.6 = 292.00 page-4966190e7ca45b28.js:1:14434
     - Chicken: 9.45 × 45.105 = 426.24 page-4966190e7ca45b28.js:1:14434
     - Carrots: 3 × 14.99 = 44.97 page-4966190e7ca45b28.js:1:14434
     - Onion: 3.4 × 6.5 = 22.10 page-4966190e7ca45b28.js:1:14434
     - FOMO 40: 20 × 0.66 = 13.20 page-4966190e7ca45b28.js:1:14434
     - Fomo 5: 4 × 0.308 = 1.23 page-4966190e7ca45b28.js:1:14434
     - FOMO 6: 2 × 0.312 = 0.62 page-4966190e7ca45b28.js:1:14434
     - FOMO 73: 5 × 0.368 = 1.84 page-4966190e7ca45b28.js:1:14434
     - Still Water 500ml: 4 × 4.167 = 16.67 page-4966190e7ca45b28.js:1:14434
     - Domestos 750ml : 3 × 42.667 = 128.00 page-4966190e7ca45b28.js:1:14434
     - Bleach: 5 × 9.28 = 46.40 page-4966190e7ca45b28.js:1:14434
     - Country Mix: 1 × 62.775 = 62.77 page-4966190e7ca45b28.js:1:14434
     - Cabbage: 15 × 16 = 240.00 page-4966190e7ca45b28.js:1:14434
     - Ruchi Sea Food Spice: 1 × 47 = 47.00 page-4966190e7ca45b28.js:1:14434
     - Cooking Oil: 6 × 32.5 = 195.00 page-4966190e7ca45b28.js:1:14434
     - Soup: 7 × 4.2 = 29.40 page-4966190e7ca45b28.js:1:14434
     - Spice Mix: 0.4 × 70 = 28.00 page-4966190e7ca45b28.js:1:14434
     - Rajah (Medium): 0.1 × 200 = 20.00 page-4966190e7ca45b28.js:1:14434
     - Exotic Six 4 All: 1 × 83 = 83.00 page-4966190e7ca45b28.js:1:14434
     - Cake Flour: 5.95 × 14.16 = 84.25 page-4966190e7ca45b28.js:1:14434
     - Tomato Sauce: 5 × 9.4 = 47.00 page-4966190e7ca45b28.js:1:14434
     - Umcenge Milk 500ML: 1 × 23 = 23.00 page-4966190e7ca45b28.js:1:14434
     - Red Cabbage: 1.75 × 15.19 = 26.58 page-4966190e7ca45b28.js:1:14434
     - Mayonnaise: 6.45 × 55.5 = 357.98 page-4966190e7ca45b28.js:1:14434
     - Chicken Stock: 0.24 × 120.792 = 28.99 page-4966190e7ca45b28.js:1:14434
     - Mask: 11 × 0.5 = 5.50 page-4966190e7ca45b28.js:1:14434
     - Refuse Bag Roll: 1 × 27.9 = 27.90 page-4966190e7ca45b28.js:1:14434
     - Cling Wrap: 1 × 300 = 300.00 page-4966190e7ca45b28.js:1:14434
     SUBTOTAL: 6348.05 page-4966190e7ca45b28.js:1:14530
  5274. DL-00515 (2026-02-19T00:00:00.000Z): page-4966190e7ca45b28.js:1:14168
     - Brown Bread: 11 × 14.59 = 160.49 page-4966190e7ca45b28.js:1:14434
     - Dishwash Liquid: 1 × 12.32 = 12.32 page-4966190e7ca45b28.js:1:14434
     - Plastic Spoons : 100 × 0.144 = 14.40 page-4966190e7ca45b28.js:1:14434
     - FOMO Cups 250ml: 105 × 0.34 = 35.70 page-4966190e7ca45b28.js:1:14434
     - Polony: 1.75 × 35 = 61.25 page-4966190e7ca45b28.js:1:14434
     - Low Fat Milk: 1 × 19.667 = 19.67 page-4966190e7ca45b28.js:1:14434
     - Umcenge Milk: 1 × 18.333 = 18.33 page-4966190e7ca45b28.js:1:14434
     SUBTOTAL: 322.16 page-4966190e7ca45b28.js:1:14530
  5275. DL-00512 (2026-02-19T00:00:00.000Z): page-4966190e7ca45b28.js:1:14168
     - Top Score Maize Meal: 7.5 × 13.2 = 99.00 page-4966190e7ca45b28.js:1:14434
     - Emabele: 5 × 16 = 80.00 page-4966190e7ca45b28.js:1:14434
     - Romi: 0.5 × 23.533 = 11.77 page-4966190e7ca45b28.js:1:14434
     - Nespray 1.8kg : 1 × 314.99 = 314.99 page-4966190e7ca45b28.js:1:14434
     SUBTOTAL: 505.76 page-4966190e7ca45b28.js:1:14530
  5276. DL-00531 (2026-02-19T00:00:00.000Z): page-4966190e7ca45b28.js:1:14168
     - Chicken: 11 × 45.105 = 496.15 page-4966190e7ca45b28.js:1:14434
     - Tastic Rice: 1 × 18.4 = 18.40 page-4966190e7ca45b28.js:1:14434
     - Cheese Slice: 6 × 3.056 = 18.34 page-4966190e7ca45b28.js:1:14434
     - Rooibos Tea: 10 × 0.475 = 4.75 page-4966190e7ca45b28.js:1:14434
     - Five Roses Tea: 10 × 0.64 = 6.40 page-4966190e7ca45b28.js:1:14434
     - Brown Bread: 1 × 14.19 = 14.19 page-4966190e7ca45b28.js:1:14434
     SUBTOTAL: 558.23 page-4966190e7ca45b28.js:1:14530
  5277. DL-00514 (2026-02-19T00:00:00.000Z): page-4966190e7ca45b28.js:1:14168
     - Emabele: 2 × 16 = 32.00 page-4966190e7ca45b28.js:1:14434
     - Top Score Maize Meal: 4.64 × 13.2 = 61.25 page-4966190e7ca45b28.js:1:14434
     - Rama: 1 × 52.667 = 52.67 page-4966190e7ca45b28.js:1:14434
     - Jungle Oats: 0.5 × 38 = 19.00 page-4966190e7ca45b28.js:1:14434
     - White Bread: 4 × 16.29 = 65.16 page-4966190e7ca45b28.js:1:14434
     - Rooibos Tea: 20 × 0.475 = 9.50 page-4966190e7ca45b28.js:1:14434
     - Koo Beans 410g: 1 × 14.167 = 14.17 page-4966190e7ca45b28.js:1:14434
     - Eggs: 2 × 1.917 = 3.83 page-4966190e7ca45b28.js:1:14434
     - Low Fat Milk: 1 × 19.667 = 19.67 page-4966190e7ca45b28.js:1:14434
     - Fomo Tubs: 25 × 0.998 = 24.95 page-4966190e7ca45b28.js:1:14434
     - FOMO 6: 73 × 0.312 = 22.78 page-4966190e7ca45b28.js:1:14434
     - FOMO Cups 250ml: 50 × 0.34 = 17.00 page-4966190e7ca45b28.js:1:14434
     - Umcenge Milk: 1 × 18.333 = 18.33 page-4966190e7ca45b28.js:1:14434
     - Dishwash Liquid: 2 × 12.32 = 24.64 page-4966190e7ca45b28.js:1:14434
     - Oros: 0.5 × 18.2 = 9.10 page-4966190e7ca45b28.js:1:14434
     SUBTOTAL: 394.04 page-4966190e7ca45b28.js:1:14530
  5278. DL-00501 (2026-02-18T00:00:00.000Z): page-4966190e7ca45b28.js:1:14168
     - Cake Flour: 2.3 × 14.16 = 32.57 page-4966190e7ca45b28.js:1:14434
     - Yeast 10g: 2 × 3.43 = 6.86 page-4966190e7ca45b28.js:1:14434
     - Brown Sugar: 0.45 × 17.8 = 8.01 page-4966190e7ca45b28.js:1:14434
     - Soft Drink 300ml: 2 × 11.646 = 23.29 page-4966190e7ca45b28.js:1:14434
     - Soft Drink 1L: 3 × 16.375 = 49.13 page-4966190e7ca45b28.js:1:14434
     - Still Water 500ml: 1 × 4.167 = 4.17 page-4966190e7ca45b28.js:1:14434
     SUBTOTAL: 124.02 page-4966190e7ca45b28.js:1:14530
  5279. DL-00494 (2026-02-18T00:00:00.000Z): page-4966190e7ca45b28.js:1:14168
     - Red Pepper: 0.6 × 58.14 = 34.88 page-4966190e7ca45b28.js:1:14434
     - Tomatoes: 1 × 19.995 = 20.00 page-4966190e7ca45b28.js:1:14434
     - Yellow Pepper: 0.6 × 48.276 = 28.97 page-4966190e7ca45b28.js:1:14434
     - Brown Bread: 1 × 14.19 = 14.19 page-4966190e7ca45b28.js:1:14434
     - White Bread: 1 × 16.29 = 16.29 page-4966190e7ca45b28.js:1:14434
     - Mince Meat: 1 × 132.99 = 132.99 page-4966190e7ca45b28.js:1:14434
     - Hake Fillet: 1 × 144.336 = 144.34 page-4966190e7ca45b28.js:1:14434
     - Selati Brown Sugar: 1 × 0.26 = 0.26 page-4966190e7ca45b28.js:1:14434
     - Rooibos Tea: 1 × 0.475 = 0.47 page-4966190e7ca45b28.js:1:14434
     - Ellis Brown Sachets 4g: 1 × 1.19 = 1.19 page-4966190e7ca45b28.js:1:14434
     - Canderel Sugar: 1 × 0.772 = 0.77 page-4966190e7ca45b28.js:1:14434
     - Jungle Oats: 1 × 38 = 38.00 page-4966190e7ca45b28.js:1:14434
     - Top Score Maize Meal: 1 × 13.2 = 13.20 page-4966190e7ca45b28.js:1:14434
     - Emabele: 1 × 16 = 16.00 page-4966190e7ca45b28.js:1:14434
     SUBTOTAL: 461.55 page-4966190e7ca45b28.js:1:14530
  5280. DL-00504 (2026-02-18T00:00:00.000Z): page-4966190e7ca45b28.js:1:14168
     - Umcenge Milk: 2 × 18.333 = 36.67 page-4966190e7ca45b28.js:1:14434
     - Future-life : 0.5 × 84 = 42.00 page-4966190e7ca45b28.js:1:14434
     - Umndeni Beans: 5 × 30.4 = 152.00 page-4966190e7ca45b28.js:1:14434
     - Chicken: 1.79 × 45.105 = 80.74 page-4966190e7ca45b28.js:1:14434
     - Cabbage: 4 × 16 = 64.00 page-4966190e7ca45b28.js:1:14434
     - Dishwash Liquid: 1.5 × 12.32 = 18.48 page-4966190e7ca45b28.js:1:14434
     - Liqui Fruit Can 300ml: 3 × 10.417 = 31.25 page-4966190e7ca45b28.js:1:14434
     - Onion: 3 × 7.5 = 22.50 page-4966190e7ca45b28.js:1:14434
     - Carrots: 2.5 × 17.99 = 44.97 page-4966190e7ca45b28.js:1:14434
     - FOMO 6: 42 × 0.312 = 13.10 page-4966190e7ca45b28.js:1:14434
     - Fomo Tubs: 7 × 0.998 = 6.99 page-4966190e7ca45b28.js:1:14434
     - Pears: 1 × 25.327 = 25.33 page-4966190e7ca45b28.js:1:14434
     - Sihlobo Rice: 10 × 10.476 = 104.76 page-4966190e7ca45b28.js:1:14434
     SUBTOTAL: 642.79 page-4966190e7ca45b28.js:1:14530
  5281. DL-00507 (2026-02-18T00:00:00.000Z): page-4966190e7ca45b28.js:1:14168
     - Chicken: 1 × 45.105 = 45.10 page-4966190e7ca45b28.js:1:14434
     - Makhaya Chicken: 1 × 100 = 100.00 page-4966190e7ca45b28.js:1:14434
     - Sunny Sugar Beans: 1 × 31.2 = 31.20 page-4966190e7ca45b28.js:1:14434
     - Tastic Rice: 1 × 18.4 = 18.40 page-4966190e7ca45b28.js:1:14434
     - Self Raising Flour: 1 × 16 = 16.00 page-4966190e7ca45b28.js:1:14434
     - Umcenge Milk: 1 × 18.333 = 18.33 page-4966190e7ca45b28.js:1:14434
     - Eggs: 1 × 1.917 = 1.92 page-4966190e7ca45b28.js:1:14434
     - Brocolli: 1 × 32.99 = 32.99 page-4966190e7ca45b28.js:1:14434
     - Cauliflower: 1 × 29.99 = 29.99 page-4966190e7ca45b28.js:1:14434
     - Baby Marrow: 1.002 × 39.975 = 40.05 page-4966190e7ca45b28.js:1:14434
     - Onion: 1 × 7.5 = 7.50 page-4966190e7ca45b28.js:1:14434
     - Red Onion: 1 × 25 = 25.00 page-4966190e7ca45b28.js:1:14434
     - Liqui Fruit Can 300ml: 1 × 10.417 = 10.42 page-4966190e7ca45b28.js:1:14434
     - Krush 200ML: 1 × 7.167 = 7.17 page-4966190e7ca45b28.js:1:14434
     - Domestos 750ml : 1 × 42.667 = 42.67 page-4966190e7ca45b28.js:1:14434
     - Mop Refill: 1 × 39 = 39.00 page-4966190e7ca45b28.js:1:14434
     - Dishwash Liquid: 1 × 12.32 = 12.32 page-4966190e7ca45b28.js:1:14434
     - Still Water 500ml: 1 × 4.167 = 4.17 page-4966190e7ca45b28.js:1:14434
     SUBTOTAL: 482.23 page-4966190e7ca45b28.js:1:14530
  5282. DL-00511 (2026-02-18T00:00:00.000Z): page-4966190e7ca45b28.js:1:14168
     - Shredded Tuna : 0.17 × 123.471 = 20.99 page-4966190e7ca45b28.js:1:14434
     - Brown Bread: 1 × 14.59 = 14.59 page-4966190e7ca45b28.js:1:14434
     SUBTOTAL: 35.58 page-4966190e7ca45b28.js:1:14530
  5283. DL-00497 (2026-02-18T00:00:00.000Z): page-4966190e7ca45b28.js:1:14168
     - Braai Wors: 41 × 90 = 3690.00 page-4966190e7ca45b28.js:1:14434
     - Chicken: 8.65 × 45.105 = 390.16 page-4966190e7ca45b28.js:1:14434
     - Carrots: 3.6 × 6.598 = 23.75 page-4966190e7ca45b28.js:1:14434
     - Onion: 3.9 × 7.5 = 29.25 page-4966190e7ca45b28.js:1:14434
     - Butternut: 20 × 7 = 140.00 page-4966190e7ca45b28.js:1:14434
     - Dish Wash: 3.5 × 12.32 = 43.12 page-4966190e7ca45b28.js:1:14434
     - Domestos 750ml : 1 × 42.667 = 42.67 page-4966190e7ca45b28.js:1:14434
     - Cabbage: 14 × 16 = 224.00 page-4966190e7ca45b28.js:1:14434
     - Red Cabbage: 1.6 × 15.19 = 24.30 page-4966190e7ca45b28.js:1:14434
     - Country Mix: 1 × 62.775 = 62.77 page-4966190e7ca45b28.js:1:14434
     - Salt: 1 × 6.7 = 6.70 page-4966190e7ca45b28.js:1:14434
     - Soup: 3.72 × 4.2 = 15.62 page-4966190e7ca45b28.js:1:14434
     - Chicken Stock: 0.6 × 120.792 = 72.48 page-4966190e7ca45b28.js:1:14434
     - Spice Mix: 0.4 × 70 = 28.00 page-4966190e7ca45b28.js:1:14434
     - Ruchi Tumeric: 1 × 93 = 93.00 page-4966190e7ca45b28.js:1:14434
     - Mama's BBQ Sauce: 5 × 11.7 = 58.50 page-4966190e7ca45b28.js:1:14434
     - Cooking Oil: 2 × 32.5 = 65.00 page-4966190e7ca45b28.js:1:14434
     - Rajah (Medium): 0.1 × 200 = 20.00 page-4966190e7ca45b28.js:1:14434
     - Sweet-Chilli Sauce: 5 × 19 = 95.00 page-4966190e7ca45b28.js:1:14434
     - Cake Flour: 0.5 × 14.16 = 7.08 page-4966190e7ca45b28.js:1:14434
     - Hake Fillet: 0.1 × 144.336 = 14.43 page-4966190e7ca45b28.js:1:14434
     - Exotic Paprika: 1 × 124 = 124.00 page-4966190e7ca45b28.js:1:14434
     - FOMO 40: 13 × 0.66 = 8.58 page-4966190e7ca45b28.js:1:14434
     - FOMO 73: 2 × 0.368 = 0.74 page-4966190e7ca45b28.js:1:14434
     - Mayonnaise: 5.85 × 55.5 = 324.67 page-4966190e7ca45b28.js:1:14434
     - Still Water 500ml: 3 × 4.167 = 12.50 page-4966190e7ca45b28.js:1:14434
     - Window Cleaner : 1 × 40 = 40.00 page-4966190e7ca45b28.js:1:14434
     SUBTOTAL: 5656.33 page-4966190e7ca45b28.js:1:14530
  5284. DL-00505 (2026-02-18T00:00:00.000Z): page-4966190e7ca45b28.js:1:14168
     - Mushrooms: 0.25 × 115.96 = 28.99 page-4966190e7ca45b28.js:1:14434
     - Pears: 0.5 × 25.327 = 12.66 page-4966190e7ca45b28.js:1:14434
     - Red Pepper: 0.5 × 58.14 = 29.07 page-4966190e7ca45b28.js:1:14434
     - Yellow Pepper: 0.5 × 48.276 = 24.14 page-4966190e7ca45b28.js:1:14434
     - Ox-tail: 1 × 104.34 = 104.34 page-4966190e7ca45b28.js:1:14434
     - Carrots: 1 × 6.598 = 6.60 page-4966190e7ca45b28.js:1:14434
     - Refuse Bag Roll: 1 × 27.9 = 27.90 page-4966190e7ca45b28.js:1:14434
     SUBTOTAL: 233.70 page-4966190e7ca45b28.js:1:14530
  5285. DL-00510 (2026-02-18T00:00:00.000Z): page-4966190e7ca45b28.js:1:14168
     - Brown Bread: 1 × 14.59 = 14.59 page-4966190e7ca45b28.js:1:14434
     - White Bread: 1 × 16.29 = 16.29 page-4966190e7ca45b28.js:1:14434
     - Eggs: 22 × 1.917 = 42.17 page-4966190e7ca45b28.js:1:14434
     - Cheese Slice: 10 × 3.056 = 30.56 page-4966190e7ca45b28.js:1:14434
     - Yeast 10g: 0.04 × 3.43 = 0.14 page-4966190e7ca45b28.js:1:14434
     - Rama: 1 × 52.667 = 52.67 page-4966190e7ca45b28.js:1:14434
     - Cake Flour: 5 × 14.16 = 70.80 page-4966190e7ca45b28.js:1:14434
     - Brown Sugar: 1.3 × 17.8 = 23.14 page-4966190e7ca45b28.js:1:14434
     - White Sugar: 1.2 × 19.4 = 23.28 page-4966190e7ca45b28.js:1:14434
     - Umcenge Milk: 2 × 18.333 = 36.67 page-4966190e7ca45b28.js:1:14434
     - Lettuce: 2 × 5 = 10.00 page-4966190e7ca45b28.js:1:14434
     - Cooking Oil: 5 × 32.5 = 162.50 page-4966190e7ca45b28.js:1:14434
     - Russian: 1 × 101.5 = 101.50 page-4966190e7ca45b28.js:1:14434
     - Dishwash Liquid: 5 × 12.32 = 61.60 page-4966190e7ca45b28.js:1:14434
     - Selati Brown Sugar: 4 × 0.26 = 1.04 page-4966190e7ca45b28.js:1:14434
     - Nik-Naks 50g: 3 × 5.583 = 16.75 page-4966190e7ca45b28.js:1:14434
     - Doritos 45g: 9 × 7.438 = 66.94 page-4966190e7ca45b28.js:1:14434
     - Beef Stewing: 3.5 × 108.69 = 380.41 page-4966190e7ca45b28.js:1:14434
     - Chicken: 7.1 × 45.105 = 320.25 page-4966190e7ca45b28.js:1:14434
     - Tastic Rice: 3 × 18.4 = 55.20 page-4966190e7ca45b28.js:1:14434
     - Pumpkin Leaves : 10 × 10 = 100.00 page-4966190e7ca45b28.js:1:14434
     - Carrots: 2 × 6.598 = 13.20 page-4966190e7ca45b28.js:1:14434
     - Red Pepper: 0.5 × 58.14 = 29.07 page-4966190e7ca45b28.js:1:14434
     - Yellow Pepper: 0.5 × 48.276 = 24.14 page-4966190e7ca45b28.js:1:14434
     - Butternut: 5 × 5.713 = 28.57 page-4966190e7ca45b28.js:1:14434
     - Spice Mix: 0.4 × 70 = 28.00 page-4966190e7ca45b28.js:1:14434
     - Ox-tail: 1 × 104.34 = 104.34 page-4966190e7ca45b28.js:1:14434
     - Top Score Maize Meal: 0.5 × 13.2 = 6.60 page-4966190e7ca45b28.js:1:14434
     - FOMO 40: 75 × 0.66 = 49.50 page-4966190e7ca45b28.js:1:14434
     - Domestos 750ml : 0.75 × 42.667 = 32.00 page-4966190e7ca45b28.js:1:14434
     - Pot Scourer: 6 × 1.028 = 6.17 page-4966190e7ca45b28.js:1:14434
     - Potatoes: 10 × 9.999 = 99.99 page-4966190e7ca45b28.js:1:14434
     - Soft Drink 2L: 2 × 23.667 = 47.33 page-4966190e7ca45b28.js:1:14434
     - Soft Drink 300ml: 1 × 11.646 = 11.65 page-4966190e7ca45b28.js:1:14434
     - Kingsize 300ml: 7 × 7.396 = 51.77 page-4966190e7ca45b28.js:1:14434
     - Ice-Tea 500ml: 13 × 16.5 = 214.50 page-4966190e7ca45b28.js:1:14434
     - Sparkling Water 1.5l: 1 × 10.833 = 10.83 page-4966190e7ca45b28.js:1:14434
     - Sparkling Water 500ml: 1 × 6.417 = 6.42 page-4966190e7ca45b28.js:1:14434
     - Mahewu 500ml: 1 × 9.1 = 9.10 page-4966190e7ca45b28.js:1:14434
     - Still Water 500ml: 6 × 4.167 = 25.00 page-4966190e7ca45b28.js:1:14434
     - Cabana: 2 × 13.167 = 26.33 page-4966190e7ca45b28.js:1:14434
     SUBTOTAL: 2411.00 page-4966190e7ca45b28.js:1:14530
  5286. DL-00489 (2026-02-18T00:00:00.000Z): page-4966190e7ca45b28.js:1:14168
     - Jungle Oats: 12 × 38 = 456.00 page-4966190e7ca45b28.js:1:14434
     - Top Score Maize Meal: 0.4 × 13.2 = 5.28 page-4966190e7ca45b28.js:1:14434
     - Romi: 0.5 × 23.533 = 11.77 page-4966190e7ca45b28.js:1:14434
     - Nespray 1.8kg : 1 × 314.99 = 314.99 page-4966190e7ca45b28.js:1:14434
     SUBTOTAL: 788.04 page-4966190e7ca45b28.js:1:14530
  5287. DL-00492 (2026-02-18T00:00:00.000Z): page-4966190e7ca45b28.js:1:14168
     - Eggs: 58 × 1.917 = 111.19 page-4966190e7ca45b28.js:1:14434
     - Rooibos Tea: 76 × 0.475 = 36.10 page-4966190e7ca45b28.js:1:14434
     - Brown Bread: 12 × 14.45 = 173.40 page-4966190e7ca45b28.js:1:14434
     - Mayonnaise: 1 × 55.5 = 55.50 page-4966190e7ca45b28.js:1:14434
     - Dishwash Liquid: 2 × 12.32 = 24.64 page-4966190e7ca45b28.js:1:14434
     - Bleach: 1.5 × 9.28 = 13.92 page-4966190e7ca45b28.js:1:14434
     - Umcenge Milk: 2 × 18.333 = 36.67 page-4966190e7ca45b28.js:1:14434
     - FOMO Cups 250ml: 50 × 0.34 = 17.00 page-4966190e7ca45b28.js:1:14434
     - Brown Sugar: 3 × 17.8 = 53.40 page-4966190e7ca45b28.js:1:14434
     SUBTOTAL: 521.81 page-4966190e7ca45b28.js:1:14530
  5288. DL-00509 (2026-02-18T00:00:00.000Z): page-4966190e7ca45b28.js:1:14168
     - Umcenge Milk: 1 × 18.333 = 18.33 page-4966190e7ca45b28.js:1:14434
     - Plain Yoghurt 150G: 2.999 × 11.83 = 35.48 page-4966190e7ca45b28.js:1:14434
     SUBTOTAL: 53.81 page-4966190e7ca45b28.js:1:14530
  5289. DL-00493 (2026-02-18T00:00:00.000Z): page-4966190e7ca45b28.js:1:14168
     - Umcenge Milk: 2 × 18.333 = 36.67 page-4966190e7ca45b28.js:1:14434
     - Cake Flour: 3.02 × 14.16 = 42.76 page-4966190e7ca45b28.js:1:14434
     - Yeast 10g: 0.01 × 3.43 = 0.03 page-4966190e7ca45b28.js:1:14434
     - Self Raising Flour: 1.5 × 16 = 24.00 page-4966190e7ca45b28.js:1:14434
     - Eggs: 22 × 1.917 = 42.17 page-4966190e7ca45b28.js:1:14434
     - White Bread: 2 × 16.29 = 32.58 page-4966190e7ca45b28.js:1:14434
     - White Sugar: 0.3 × 19.4 = 5.82 page-4966190e7ca45b28.js:1:14434
     - Cooking Oil: 2 × 32.5 = 65.00 page-4966190e7ca45b28.js:1:14434
     - Exotic Tumeric: 1 × 82 = 82.00 page-4966190e7ca45b28.js:1:14434
     - Brown Bread: 3 × 14.19 = 42.57 page-4966190e7ca45b28.js:1:14434
     - FOMO 40: 2 × 0.66 = 1.32 page-4966190e7ca45b28.js:1:14434
     - Fomo 5: 16 × 0.308 = 4.93 page-4966190e7ca45b28.js:1:14434
     - FOMO 6: 7 × 0.312 = 2.18 page-4966190e7ca45b28.js:1:14434
     - Fomo Tubs: 36 × 0.998 = 35.93 page-4966190e7ca45b28.js:1:14434
     - FOMO Cups 350ml: 12 × 0.64 = 7.68 page-4966190e7ca45b28.js:1:14434
     - FOMO 73: 11 × 0.368 = 4.05 page-4966190e7ca45b28.js:1:14434
     - Russian: 0.02 × 101.5 = 2.03 page-4966190e7ca45b28.js:1:14434
     - Chicken: 19.24 × 45.105 = 867.82 page-4966190e7ca45b28.js:1:14434
     - Brown Sugar: 3.42 × 17.8 = 60.88 page-4966190e7ca45b28.js:1:14434
     - Potatoes: 9.01 × 8.5 = 76.58 page-4966190e7ca45b28.js:1:14434
     - Onion: 3 × 7.5 = 22.50 page-4966190e7ca45b28.js:1:14434
     - Sihlobo Rice: 7 × 10.476 = 73.33 page-4966190e7ca45b28.js:1:14434
     - Hake zero: 1.75 × 67.797 = 118.64 page-4966190e7ca45b28.js:1:14434
     - Mayonnaise: 2 × 55.5 = 111.00 page-4966190e7ca45b28.js:1:14434
     - Top Score Maize Meal: 3 × 13.2 = 39.60 page-4966190e7ca45b28.js:1:14434
     - Raisins: 0.5 × 0 = 0.00 page-4966190e7ca45b28.js:1:14434
     - Beef Stewing: 2 × 108.69 = 217.38 page-4966190e7ca45b28.js:1:14434
     - Rajah (Medium): 0.1 × 200 = 20.00 page-4966190e7ca45b28.js:1:14434
     - Top Class Aromat: 0.4 × 70 = 28.00 page-4966190e7ca45b28.js:1:14434
     - Dishwash Liquid: 2.2 × 12.32 = 27.10 page-4966190e7ca45b28.js:1:14434
     - Bleach: 1.5 × 9.28 = 13.92 page-4966190e7ca45b28.js:1:14434
     - Carrots: 0.85 × 6.598 = 5.61 page-4966190e7ca45b28.js:1:14434
     - Lemon juice: 1 × 35.5 = 35.50 page-4966190e7ca45b28.js:1:14434
     - Rama: 1 × 52.667 = 52.67 page-4966190e7ca45b28.js:1:14434
     - Soft Drink 1L: 2 × 16.375 = 32.75 page-4966190e7ca45b28.js:1:14434
     - Soft Drink 300ml: 4 × 11.646 = 46.58 page-4966190e7ca45b28.js:1:14434
     - Liqui Fruit Can 300ml: 3 × 10.417 = 31.25 page-4966190e7ca45b28.js:1:14434
     - Still Water 500ml: 1 × 4.167 = 4.17 page-4966190e7ca45b28.js:1:14434
     - Score 500ml: 2 × 8.333 = 16.67 page-4966190e7ca45b28.js:1:14434
     - Braai Wors: 2 × 90 = 180.00 page-4966190e7ca45b28.js:1:14434
     SUBTOTAL: 2513.68 page-4966190e7ca45b28.js:1:14530
  5290. DL-00502 (2026-02-18T00:00:00.000Z): page-4966190e7ca45b28.js:1:14168
     - Sihlobo Rice: 25 × 10.476 = 261.90 page-4966190e7ca45b28.js:1:14434
     - Chicken: 27.2 × 45.105 = 1226.86 page-4966190e7ca45b28.js:1:14434
     - Carrots: 3.85 × 6.598 = 25.40 page-4966190e7ca45b28.js:1:14434
     - Onion: 3.9 × 7.5 = 29.25 page-4966190e7ca45b28.js:1:14434
     - Dish Wash: 8.25 × 12.32 = 101.64 page-4966190e7ca45b28.js:1:14434
     - Cooking Oil: 2 × 32.5 = 65.00 page-4966190e7ca45b28.js:1:14434
     - Cabbage: 17 × 16 = 272.00 page-4966190e7ca45b28.js:1:14434
     - Koo Beans 410g: 1 × 14.167 = 14.17 page-4966190e7ca45b28.js:1:14434
     - Cake Flour: 0.4 × 14.16 = 5.66 page-4966190e7ca45b28.js:1:14434
     - Soup: 3.1 × 4.2 = 13.02 page-4966190e7ca45b28.js:1:14434
     - Mask: 1 × 0.5 = 0.50 page-4966190e7ca45b28.js:1:14434
     SUBTOTAL: 2015.40 page-4966190e7ca45b28.js:1:14530
  5291. DL-00503 (2026-02-18T00:00:00.000Z): page-4966190e7ca45b28.js:1:14168
     - Apple: 0 × 24.66 = 0.00 page-4966190e7ca45b28.js:1:14434
     - Banana: 0 × 15.825 = 0.00 page-4966190e7ca45b28.js:1:14434
     SUBTOTAL: 0.00 page-4966190e7ca45b28.js:1:14530
  5292. DL-00490 (2026-02-18T00:00:00.000Z): page-4966190e7ca45b28.js:1:14168
     - Brown Bread: 25 × 14.45 = 361.25 page-4966190e7ca45b28.js:1:14434
     - Tomatoes: 5.6 × 19.995 = 111.97 page-4966190e7ca45b28.js:1:14434
     - Lettuce: 9 × 5 = 45.00 page-4966190e7ca45b28.js:1:14434
     - Cheese Slice: 247 × 3.056 = 754.83 page-4966190e7ca45b28.js:1:14434
     - Sunny Milk: 6 × 16.667 = 100.00 page-4966190e7ca45b28.js:1:14434
     - Rooibos Tea: 80 × 0.475 = 38.00 page-4966190e7ca45b28.js:1:14434
     - Five Roses Tea: 30 × 0.64 = 19.20 page-4966190e7ca45b28.js:1:14434
     SUBTOTAL: 1430.26 page-4966190e7ca45b28.js:1:14530
  5293. DL-00508 (2026-02-18T00:00:00.000Z): page-4966190e7ca45b28.js:1:14168
     - Chicken: 5.4 × 45.105 = 243.57 page-4966190e7ca45b28.js:1:14434
     - Brown Bread: 1 × 14.59 = 14.59 page-4966190e7ca45b28.js:1:14434
     - White Bread: 1 × 16.29 = 16.29 page-4966190e7ca45b28.js:1:14434
     - Eggs: 6 × 1.917 = 11.50 page-4966190e7ca45b28.js:1:14434
     - Cheese Slice: 8 × 3.056 = 24.45 page-4966190e7ca45b28.js:1:14434
     - Braai Wors: 2 × 90 = 180.00 page-4966190e7ca45b28.js:1:14434
     - Domestos 750ml : 0.75 × 42.667 = 32.00 page-4966190e7ca45b28.js:1:14434
     - Tastic Rice: 1 × 18.4 = 18.40 page-4966190e7ca45b28.js:1:14434
     - Brown Sugar: 1 × 17.8 = 17.80 page-4966190e7ca45b28.js:1:14434
     - Yellow Gloves: 6 × 30 = 180.00 page-4966190e7ca45b28.js:1:14434
     SUBTOTAL: 738.60 page-4966190e7ca45b28.js:1:14530
  5294. DL-00499 (2026-02-18T00:00:00.000Z): page-4966190e7ca45b28.js:1:14168
     - Self Raising Flour: 5 × 16 = 80.00 page-4966190e7ca45b28.js:1:14434
     - Romi: 1 × 23.533 = 23.53 page-4966190e7ca45b28.js:1:14434
     - Eggs: 12 × 1.917 = 23.00 page-4966190e7ca45b28.js:1:14434
     - Sunny Milk: 2 × 16.667 = 33.33 page-4966190e7ca45b28.js:1:14434
     - Umcenge Milk 500ML: 1 × 23 = 23.00 page-4966190e7ca45b28.js:1:14434
     - Brown Sugar: 0.9 × 17.8 = 16.02 page-4966190e7ca45b28.js:1:14434
     SUBTOTAL: 198.89 page-4966190e7ca45b28.js:1:14530
  5295. DL-00500 (2026-02-18T00:00:00.000Z): page-4966190e7ca45b28.js:1:14168
     - Soft Drink 300ml: 2 × 11.646 = 23.29 page-4966190e7ca45b28.js:1:14434
     - Liqui Fruit Can 300ml: 3 × 10.417 = 31.25 page-4966190e7ca45b28.js:1:14434
     - Apple: 1.5 × 24.66 = 36.99 page-4966190e7ca45b28.js:1:14434
     - Brown Sugar: 1.15 × 17.8 = 20.47 page-4966190e7ca45b28.js:1:14434
     - Brown Bread: 2 × 14.45 = 28.90 page-4966190e7ca45b28.js:1:14434
     - White Bread: 2 × 16.29 = 32.58 page-4966190e7ca45b28.js:1:14434
     - Chicken Drumsticks: 2.1 × 58.96 = 123.82 page-4966190e7ca45b28.js:1:14434
     - Cheese Slice: 5 × 3.056 = 15.28 page-4966190e7ca45b28.js:1:14434
     - Eggs: 6 × 1.917 = 11.50 page-4966190e7ca45b28.js:1:14434
     - Five Roses Tea: 2 × 0.64 = 1.28 page-4966190e7ca45b28.js:1:14434
     - Rooibos Tea: 7 × 0.475 = 3.32 page-4966190e7ca45b28.js:1:14434
     - Umcenge Milk 500ML: 1 × 23 = 23.00 page-4966190e7ca45b28.js:1:14434
     - Still Water 500ml: 3 × 4.167 = 12.50 page-4966190e7ca45b28.js:1:14434
     - Jacobs Sachets: 2 × 4.25 = 8.50 page-4966190e7ca45b28.js:1:14434
     - Braai Wors: 3 × 90 = 270.00 page-4966190e7ca45b28.js:1:14434
     SUBTOTAL: 642.69 page-4966190e7ca45b28.js:1:14530
  5296. DL-00506 (2026-02-18T00:00:00.000Z): page-4966190e7ca45b28.js:1:14168
     - Apple: 25.5 × 24.66 = 628.83 page-4966190e7ca45b28.js:1:14434
     - Banana: 4.8 × 15.825 = 75.96 page-4966190e7ca45b28.js:1:14434
     SUBTOTAL: 704.79 page-4966190e7ca45b28.js:1:14530
  5297. DL-00496 (2026-02-18T00:00:00.000Z): page-4966190e7ca45b28.js:1:14168
     - Brown Sugar: 8.55 × 17.8 = 152.19 page-4966190e7ca45b28.js:1:14434
     - Rooibos Tea: 160 × 0.475 = 76.00 page-4966190e7ca45b28.js:1:14434
     - Umcenge Milk: 10 × 18.333 = 183.33 page-4966190e7ca45b28.js:1:14434
     - Fomo Tubs: 1 × 0.998 = 1.00 page-4966190e7ca45b28.js:1:14434
     SUBTOTAL: 412.52 page-4966190e7ca45b28.js:1:14530
  5298. DL-00491 (2026-02-18T00:00:00.000Z): page-4966190e7ca45b28.js:1:14168
     - White Bread: 4 × 16.29 = 65.16 page-4966190e7ca45b28.js:1:14434
     - Top Score Maize Meal: 3 × 13.2 = 39.60 page-4966190e7ca45b28.js:1:14434
     - Jungle Oats: 1.5 × 38 = 57.00 page-4966190e7ca45b28.js:1:14434
     - Umcenge Milk: 1 × 18.333 = 18.33 page-4966190e7ca45b28.js:1:14434
     - Rooibos Tea: 20 × 0.475 = 9.50 page-4966190e7ca45b28.js:1:14434
     - Vienna: 0.05 × 88.257 = 4.41 page-4966190e7ca45b28.js:1:14434
     - Ham: 0.001 × 112.995 = 0.11 page-4966190e7ca45b28.js:1:14434
     - FOMO 6: 68 × 0.312 = 21.22 page-4966190e7ca45b28.js:1:14434
     - Fomo Tubs: 22 × 0.998 = 21.96 page-4966190e7ca45b28.js:1:14434
     - FOMO Cups 250ml: 50 × 0.34 = 17.00 page-4966190e7ca45b28.js:1:14434
     - White Sugar: 0.5 × 19.4 = 9.70 page-4966190e7ca45b28.js:1:14434
     - Low Fat Milk: 2 × 19.667 = 39.33 page-4966190e7ca45b28.js:1:14434
     - Cling Wrap: 1 × 300 = 300.00 page-4966190e7ca45b28.js:1:14434
     - Emabele: 2.5 × 16 = 40.00 page-4966190e7ca45b28.js:1:14434
     SUBTOTAL: 643.32 page-4966190e7ca45b28.js:1:14530
  5299. DL-00498 (2026-02-18T00:00:00.000Z): page-4966190e7ca45b28.js:1:14168
     - Chicken Drumsticks: 1.6 × 58.96 = 94.34 page-4966190e7ca45b28.js:1:14434
     - Bacon: 2 × 88.35 = 176.70 page-4966190e7ca45b28.js:1:14434
     - Eggs: 20 × 1.917 = 38.34 page-4966190e7ca45b28.js:1:14434
     - Tomatoes: 0.25 × 19.995 = 5.00 page-4966190e7ca45b28.js:1:14434
     - Onion: 0.3 × 7.5 = 2.25 page-4966190e7ca45b28.js:1:14434
     - Cheddar Cheese: 0.15 × 227.047 = 34.06 page-4966190e7ca45b28.js:1:14434
     - Brown Bread: 1 × 14.45 = 14.45 page-4966190e7ca45b28.js:1:14434
     - White Bread: 1 × 16.29 = 16.29 page-4966190e7ca45b28.js:1:14434
     - Cheese Slice: 14 × 3.056 = 42.78 page-4966190e7ca45b28.js:1:14434
     - Mozzarella Cheese: 0.35 × 194.5 = 68.07 page-4966190e7ca45b28.js:1:14434
     - Chicken Breast: 0.25 × 45.11 = 11.28 page-4966190e7ca45b28.js:1:14434
     - Jacobs Sachets: 13 × 4.25 = 55.25 page-4966190e7ca45b28.js:1:14434
     SUBTOTAL: 558.81 page-4966190e7ca45b28.js:1:14530
  5300. DL-00495 (2026-02-18T00:00:00.000Z): page-4966190e7ca45b28.js:1:14168
     - Pot Scourer: 1 × 1.028 = 1.03 page-4966190e7ca45b28.js:1:14434
     - Potatoes: 4 × 8.5 = 34.00 page-4966190e7ca45b28.js:1:14434
     - Onion: 4.61 × 7.5 = 34.58 page-4966190e7ca45b28.js:1:14434
     - Sihlobo Rice: 1 × 10.476 = 10.48 page-4966190e7ca45b28.js:1:14434
     - Chicken: 1 × 45.105 = 45.10 page-4966190e7ca45b28.js:1:14434
     - Country Mix: 1 × 62.775 = 62.77 page-4966190e7ca45b28.js:1:14434
     - Rajah (Medium): 0.01 × 200 = 2.00 page-4966190e7ca45b28.js:1:14434
     - Top Class Aromat: 0.4 × 70 = 28.00 page-4966190e7ca45b28.js:1:14434
     - FOMO 6: 17 × 0.312 = 5.30 page-4966190e7ca45b28.js:1:14434
     - Fomo Tubs: 7 × 0.998 = 6.99 page-4966190e7ca45b28.js:1:14434
     - Carrots: 0.849 × 6.598 = 5.60 page-4966190e7ca45b28.js:1:14434
     - Exotic Six 4 All: 1 × 83 = 83.00 page-4966190e7ca45b28.js:1:14434
     - Cooking Oil: 2 × 32.5 = 65.00 page-4966190e7ca45b28.js:1:14434
     - Dishwash Liquid: 1 × 12.32 = 12.32 page-4966190e7ca45b28.js:1:14434
     - Bleach: 0.5 × 9.28 = 4.64 page-4966190e7ca45b28.js:1:14434
     - Mayonnaise: 2 × 55.5 = 111.00 page-4966190e7ca45b28.js:1:14434
     - Umcenge Milk: 1 × 18.333 = 18.33 page-4966190e7ca45b28.js:1:14434
     - Vienna: 0.2 × 88.257 = 17.65 page-4966190e7ca45b28.js:1:14434
     - Pears: 4.5 × 25.327 = 113.97 page-4966190e7ca45b28.js:1:14434
     - Plastic Spoons : 100 × 0.144 = 14.40 page-4966190e7ca45b28.js:1:14434
     SUBTOTAL: 676.17 page-4966190e7ca45b28.js:1:14530
  5301. DL-00467 (2026-02-17T00:00:00.000Z): page-4966190e7ca45b28.js:1:14168
     - White Bread: 5 × 15.916 = 79.58 page-4966190e7ca45b28.js:1:14434
     - Top Score Maize Meal: 6.21 × 13.2 = 81.97 page-4966190e7ca45b28.js:1:14434
     - Emabele: 5.05 × 16 = 80.80 page-4966190e7ca45b28.js:1:14434
     - Clover Milk: 2 × 19.67 = 39.34 page-4966190e7ca45b28.js:1:14434
     - FOMO 6: 51 × 0.312 = 15.91 page-4966190e7ca45b28.js:1:14434
     - Fomo Tubs: 30 × 0.998 = 29.94 page-4966190e7ca45b28.js:1:14434
     - FOMO Cups 250ml: 50 × 0.34 = 17.00 page-4966190e7ca45b28.js:1:14434
     - Rooibos Tea: 20 × 0.475 = 9.50 page-4966190e7ca45b28.js:1:14434
     - White Sugar: 0.5 × 19.4 = 9.70 page-4966190e7ca45b28.js:1:14434
     - Oros: 0.5 × 18.2 = 9.10 page-4966190e7ca45b28.js:1:14434
     - Plastic Spoons : 100 × 0.144 = 14.40 page-4966190e7ca45b28.js:1:14434
     - Koo Beans 410g: 1 × 14.167 = 14.17 page-4966190e7ca45b28.js:1:14434
     - Umcenge Milk: 2 × 18.333 = 36.67 page-4966190e7ca45b28.js:1:14434
     - Brown Sugar: 3 × 17.8 = 53.40 page-4966190e7ca45b28.js:1:14434
     SUBTOTAL: 491.48 page-4966190e7ca45b28.js:1:14530
  5302. DL-00471 (2026-02-17T00:00:00.000Z): page-4966190e7ca45b28.js:1:14168
     - Brown Bread: 14 × 14.19 = 198.66 page-4966190e7ca45b28.js:1:14434
     - Yum-Yum: 2.75 × 35.172 = 96.72 page-4966190e7ca45b28.js:1:14434
     - FOMO Cups 250ml: 1 × 0.34 = 0.34 page-4966190e7ca45b28.js:1:14434
     - Rooibos Tea: 12 × 0.475 = 5.70 page-4966190e7ca45b28.js:1:14434
     - Umcenge Milk: 2 × 18.333 = 36.67 page-4966190e7ca45b28.js:1:14434
     - Brown Sugar: 2.93 × 17.8 = 52.15 page-4966190e7ca45b28.js:1:14434
     SUBTOTAL: 390.24 page-4966190e7ca45b28.js:1:14530
  5303. DL-00466 (2026-02-17T00:00:00.000Z): page-4966190e7ca45b28.js:1:14168
     - Brown Bread: 1 × 14.19 = 14.19 page-4966190e7ca45b28.js:1:14434
     - White Bread: 2 × 15.917 = 31.83 page-4966190e7ca45b28.js:1:14434
     - Self Raising Flour: 1.5 × 16 = 24.00 page-4966190e7ca45b28.js:1:14434
     - Cake Flour: 2 × 14.16 = 28.32 page-4966190e7ca45b28.js:1:14434
     - Yeast 10g: 0.2 × 3.43 = 0.69 page-4966190e7ca45b28.js:1:14434
     - Brown Sugar: 0.5 × 17.8 = 8.90 page-4966190e7ca45b28.js:1:14434
     - Cheese Slice: 5 × 3.056 = 15.28 page-4966190e7ca45b28.js:1:14434
     - Russian: 0.2 × 101.5 = 20.30 page-4966190e7ca45b28.js:1:14434
     - Eggs: 22 × 1.917 = 42.17 page-4966190e7ca45b28.js:1:14434
     - Butternut: 10 × 7 = 70.00 page-4966190e7ca45b28.js:1:14434
     - Beetroot: 5 × 12 = 60.00 page-4966190e7ca45b28.js:1:14434
     - Carrots: 1 × 6.598 = 6.60 page-4966190e7ca45b28.js:1:14434
     - Chicken: 19.81 × 45.105 = 893.53 page-4966190e7ca45b28.js:1:14434
     - FOMO 40: 46 × 0.66 = 30.36 page-4966190e7ca45b28.js:1:14434
     - FOMO 6: 8 × 0.312 = 2.50 page-4966190e7ca45b28.js:1:14434
     - FOMO Cups 350ml: 25 × 0.64 = 16.00 page-4966190e7ca45b28.js:1:14434
     - Plastic Spoons : 250 × 0.144 = 36.00 page-4966190e7ca45b28.js:1:14434
     - Cooking Oil: 2 × 32.5 = 65.00 page-4966190e7ca45b28.js:1:14434
     - Mayonnaise: 1.65 × 55.5 = 91.57 page-4966190e7ca45b28.js:1:14434
     - Tomato Sauce: 2 × 9.4 = 18.80 page-4966190e7ca45b28.js:1:14434
     - Sihlobo Rice: 8 × 10.476 = 83.81 page-4966190e7ca45b28.js:1:14434
     - Cabbage: 14 × 14 = 196.00 page-4966190e7ca45b28.js:1:14434
     - Ice bag: 2 × 14 = 28.00 page-4966190e7ca45b28.js:1:14434
     - Hake zero: 1.26 × 67.797 = 85.42 page-4966190e7ca45b28.js:1:14434
     - Lemon juice: 0.5 × 35.5 = 17.75 page-4966190e7ca45b28.js:1:14434
     - Fomo Tubs: 4 × 0.998 = 3.99 page-4966190e7ca45b28.js:1:14434
     - FOMO 73: 14 × 0.368 = 5.15 page-4966190e7ca45b28.js:1:14434
     - Beef Stewing: 4 × 108.69 = 434.76 page-4966190e7ca45b28.js:1:14434
     - Top Class Aromat: 0.4 × 73 = 29.20 page-4966190e7ca45b28.js:1:14434
     - Top Score Maize Meal: 3 × 13.2 = 39.60 page-4966190e7ca45b28.js:1:14434
     - Rama: 0.5 × 52.667 = 26.33 page-4966190e7ca45b28.js:1:14434
     - Soft Drink 300ml: 2 × 11.646 = 23.29 page-4966190e7ca45b28.js:1:14434
     - Soft Drink 1L: 3 × 16.375 = 49.13 page-4966190e7ca45b28.js:1:14434
     - Liqui Fruit Can 300ml: 2 × 10.417 = 20.83 page-4966190e7ca45b28.js:1:14434
     - Sparkling 500ml : 2 × 6.25 = 12.50 page-4966190e7ca45b28.js:1:14434
     - Still Water 500ml: 1 × 4.167 = 4.17 page-4966190e7ca45b28.js:1:14434
     SUBTOTAL: 2535.98 page-4966190e7ca45b28.js:1:14530
  5304. DL-00487 (2026-02-17T00:00:00.000Z): page-4966190e7ca45b28.js:1:14168
     - Chicken: 10.6 × 45.105 = 478.11 page-4966190e7ca45b28.js:1:14434
     - Tastic Rice: 1 × 18.4 = 18.40 page-4966190e7ca45b28.js:1:14434
     - Cheese Slice: 9 × 3.056 = 27.50 page-4966190e7ca45b28.js:1:14434
     - Eggs: 6 × 1.917 = 11.50 page-4966190e7ca45b28.js:1:14434
     - Brown Bread: 1 × 14.45 = 14.45 page-4966190e7ca45b28.js:1:14434
     - Five Roses Tea: 6 × 0.64 = 3.84 page-4966190e7ca45b28.js:1:14434
     - Rooibos Tea: 10 × 0.475 = 4.75 page-4966190e7ca45b28.js:1:14434
     - Cremora: 0.375 × 68 = 25.50 page-4966190e7ca45b28.js:1:14434
     SUBTOTAL: 584.06 page-4966190e7ca45b28.js:1:14530
  5305. DL-00479 (2026-02-17T00:00:00.000Z): page-4966190e7ca45b28.js:1:14168
     - Chicken: 1 × 45.105 = 45.10 page-4966190e7ca45b28.js:1:14434
     SUBTOTAL: 45.10 page-4966190e7ca45b28.js:1:14530
  5306. DL-00469 (2026-02-17T00:00:00.000Z): page-4966190e7ca45b28.js:1:14168
     - Onion: 4 × 7.5 = 30.00 page-4966190e7ca45b28.js:1:14434
     - Potatoes: 5 × 8.5 = 42.50 page-4966190e7ca45b28.js:1:14434
     - Carrots: 2 × 6.598 = 13.20 page-4966190e7ca45b28.js:1:14434
     - Beef Stewing: 12 × 108.69 = 1304.28 page-4966190e7ca45b28.js:1:14434
     - Cooking Oil: 3 × 32.5 = 97.50 page-4966190e7ca45b28.js:1:14434
     - Mega Star Samp: 5 × 14.6 = 73.00 page-4966190e7ca45b28.js:1:14434
     - Sihlobo Rice: 5 × 10.476 = 52.38 page-4966190e7ca45b28.js:1:14434
     - Plastic Spoons : 150 × 0.144 = 21.60 page-4966190e7ca45b28.js:1:14434
     - Exotic Six 4 All: 1 × 83 = 83.00 page-4966190e7ca45b28.js:1:14434
     - Rajah (Medium): 0.01 × 200 = 2.00 page-4966190e7ca45b28.js:1:14434
     - Butternut: 15 × 7 = 105.00 page-4966190e7ca45b28.js:1:14434
     - Cabbage: 4 × 14 = 56.00 page-4966190e7ca45b28.js:1:14434
     - Exotic Paprika: 1 × 124 = 124.00 page-4966190e7ca45b28.js:1:14434
     - Pot Scourer: 2 × 1.028 = 2.06 page-4966190e7ca45b28.js:1:14434
     - Mayonnaise: 2 × 55.5 = 111.00 page-4966190e7ca45b28.js:1:14434
     - Country Mix: 1 × 62.775 = 62.77 page-4966190e7ca45b28.js:1:14434
     - Cake Flour: 1 × 14.16 = 14.16 page-4966190e7ca45b28.js:1:14434
     - Top Class Aromat: 0.4 × 73 = 29.20 page-4966190e7ca45b28.js:1:14434
     - FOMO 6: 14 × 0.312 = 4.37 page-4966190e7ca45b28.js:1:14434
     - Bleach: 1 × 9.28 = 9.28 page-4966190e7ca45b28.js:1:14434
     - Dishwash Liquid: 2 × 12.32 = 24.64 page-4966190e7ca45b28.js:1:14434
     - Cheese Slice: 5 × 3.056 = 15.28 page-4966190e7ca45b28.js:1:14434
     SUBTOTAL: 2277.21 page-4966190e7ca45b28.js:1:14530
  5307. DL-00485 (2026-02-17T00:00:00.000Z): page-4966190e7ca45b28.js:1:14168
     - Chicken: 7.65 × 45.105 = 345.05 page-4966190e7ca45b28.js:1:14434
     - Mega Maize Rice: 0.7 × 17.9 = 12.53 page-4966190e7ca45b28.js:1:14434
     - Top Score Maize Meal: 1.2 × 13.2 = 15.84 page-4966190e7ca45b28.js:1:14434
     - Onion: 1.5 × 7.5 = 11.25 page-4966190e7ca45b28.js:1:14434
     - Spinach: 7 × 8 = 56.00 page-4966190e7ca45b28.js:1:14434
     - Pork Chops: 0.4 × 104.99 = 42.00 page-4966190e7ca45b28.js:1:14434
     - Carrots: 2 × 6.598 = 13.20 page-4966190e7ca45b28.js:1:14434
     - Dish Wash: 2.5 × 12.32 = 30.80 page-4966190e7ca45b28.js:1:14434
     - Banana: 1.2 × 15.825 = 18.99 page-4966190e7ca45b28.js:1:14434
     - Cake Flour: 1 × 14.16 = 14.16 page-4966190e7ca45b28.js:1:14434
     - Tastic Rice: 1.5 × 18.4 = 27.60 page-4966190e7ca45b28.js:1:14434
     - Hake Fillet: 0.1 × 144.336 = 14.43 page-4966190e7ca45b28.js:1:14434
     - Umcenge Milk: 2 × 18.333 = 36.67 page-4966190e7ca45b28.js:1:14434
     - Custard: 0.25 × 19 = 4.75 page-4966190e7ca45b28.js:1:14434
     - Krush 200ML: 4 × 7.167 = 28.67 page-4966190e7ca45b28.js:1:14434
     - Still Water 500ml: 3 × 4.167 = 12.50 page-4966190e7ca45b28.js:1:14434
     - Liqui Fruit Can 300ml: 19 × 10.417 = 197.92 page-4966190e7ca45b28.js:1:14434
     SUBTOTAL: 882.36 page-4966190e7ca45b28.js:1:14530
  5308. DL-00488 (2026-02-17T00:00:00.000Z): page-4966190e7ca45b28.js:1:14168
     - Brown Bread: 1 × 14.45 = 14.45 page-4966190e7ca45b28.js:1:14434
     - White Bread: 1 × 16.29 = 16.29 page-4966190e7ca45b28.js:1:14434
     - Yeast 10g: 0.04 × 3.43 = 0.14 page-4966190e7ca45b28.js:1:14434
     - Rama: 1.5 × 52.667 = 79.00 page-4966190e7ca45b28.js:1:14434
     - Eggs: 21 × 1.917 = 40.26 page-4966190e7ca45b28.js:1:14434
     - Tomatoes: 1 × 19.995 = 20.00 page-4966190e7ca45b28.js:1:14434
     - Chicken: 10.15 × 45.105 = 457.82 page-4966190e7ca45b28.js:1:14434
     - Cake Flour: 6 × 14.16 = 84.96 page-4966190e7ca45b28.js:1:14434
     - Self Raising Flour: 2.6 × 16 = 41.60 page-4966190e7ca45b28.js:1:14434
     - Brown Sugar: 1.3 × 17.8 = 23.14 page-4966190e7ca45b28.js:1:14434
     - White Sugar: 1 × 19.4 = 19.40 page-4966190e7ca45b28.js:1:14434
     - Coconut: 0.2 × 274.95 = 54.99 page-4966190e7ca45b28.js:1:14434
     - Umcenge Milk: 1 × 18.333 = 18.33 page-4966190e7ca45b28.js:1:14434
     - Cream: 0.5 × 98.02 = 49.01 page-4966190e7ca45b28.js:1:14434
     - Lettuce: 5 × 5 = 25.00 page-4966190e7ca45b28.js:1:14434
     - Cheese Slice: 12 × 3.056 = 36.67 page-4966190e7ca45b28.js:1:14434
     - Cooking Oil: 2 × 32.5 = 65.00 page-4966190e7ca45b28.js:1:14434
     - Spray & Cook 300ml: 1 × 43 = 43.00 page-4966190e7ca45b28.js:1:14434
     - Kingsize 300ml: 9 × 7.396 = 66.56 page-4966190e7ca45b28.js:1:14434
     - Ice-Tea 500ml: 3 × 16.5 = 49.50 page-4966190e7ca45b28.js:1:14434
     - Dish Wash: 2.5 × 12.32 = 30.80 page-4966190e7ca45b28.js:1:14434
     - Nik-Naks 50g: 2 × 5.583 = 11.17 page-4966190e7ca45b28.js:1:14434
     - Brocolli: 1 × 35.99 = 35.99 page-4966190e7ca45b28.js:1:14434
     - Cauliflower: 1 × 29.99 = 29.99 page-4966190e7ca45b28.js:1:14434
     - Beef Stewing: 3.5 × 108.69 = 380.41 page-4966190e7ca45b28.js:1:14434
     - Jimmy's SAUCE (Steakhouse): 1 × 63.5 = 63.50 page-4966190e7ca45b28.js:1:14434
     - Pork Chops: 0.4 × 104.99 = 42.00 page-4966190e7ca45b28.js:1:14434
     - Tastic Rice: 5 × 18.4 = 92.00 page-4966190e7ca45b28.js:1:14434
     - Onion: 1.5 × 7.5 = 11.25 page-4966190e7ca45b28.js:1:14434
     - Tomato Paste: 1.05 × 89.524 = 94.00 page-4966190e7ca45b28.js:1:14434
     - Hake Fillet: 0.3 × 144.336 = 43.30 page-4966190e7ca45b28.js:1:14434
     - Red Onion: 1 × 25 = 25.00 page-4966190e7ca45b28.js:1:14434
     - Shredded Tuna : 0.34 × 123.471 = 41.98 page-4966190e7ca45b28.js:1:14434
     - Red Pepper: 0.3 × 58.14 = 17.44 page-4966190e7ca45b28.js:1:14434
     - Yellow Pepper: 0.3 × 48.276 = 14.48 page-4966190e7ca45b28.js:1:14434
     - Cucumber: 1 × 14.99 = 14.99 page-4966190e7ca45b28.js:1:14434
     - Selati Brown Sugar: 6 × 0.26 = 1.56 page-4966190e7ca45b28.js:1:14434
     - Doritos 45g: 6 × 7.438 = 44.63 page-4966190e7ca45b28.js:1:14434
     - Salad Dressing: 1 × 33.99 = 33.99 page-4966190e7ca45b28.js:1:14434
     - Spur Ribs: 0.35 × 118.017 = 41.31 page-4966190e7ca45b28.js:1:14434
     - Soft Drink 300ml: 4 × 11.646 = 46.58 page-4966190e7ca45b28.js:1:14434
     - Soft Drink 1L: 1 × 16.375 = 16.38 page-4966190e7ca45b28.js:1:14434
     - Soft Drink 2L: 1 × 23.667 = 23.67 page-4966190e7ca45b28.js:1:14434
     - Liqui Fruit Can 300ml: 3 × 10.417 = 31.25 page-4966190e7ca45b28.js:1:14434
     - Still Water 500ml: 3 × 4.167 = 12.50 page-4966190e7ca45b28.js:1:14434
     - Sparkling Water 500ml: 3 × 6.417 = 19.25 page-4966190e7ca45b28.js:1:14434
     - Sparkling Water 1.5l: 1 × 10.833 = 10.83 page-4966190e7ca45b28.js:1:14434
     - Ginger shots 250ml : 1 × 30 = 30.00 page-4966190e7ca45b28.js:1:14434
     SUBTOTAL: 2465.36 page-4966190e7ca45b28.js:1:14530
  5309. DL-00476 (2026-02-17T00:00:00.000Z): page-4966190e7ca45b28.js:1:14168
     - Brown Bread: 2 × 14.19 = 28.38 page-4966190e7ca45b28.js:1:14434
     - White Bread: 3 × 15.916 = 47.75 page-4966190e7ca45b28.js:1:14434
     - Brown Sugar: 0.8 × 17.8 = 14.24 page-4966190e7ca45b28.js:1:14434
     - Cheese Slice: 6 × 3.056 = 18.34 page-4966190e7ca45b28.js:1:14434
     - Sihlobo Rice: 3 × 10.476 = 31.43 page-4966190e7ca45b28.js:1:14434
     - Chicken Breast: 0.35 × 45.11 = 15.79 page-4966190e7ca45b28.js:1:14434
     - Eggs: 8 × 1.917 = 15.34 page-4966190e7ca45b28.js:1:14434
     - Cheddar Cheese: 0.15 × 180.885 = 27.13 page-4966190e7ca45b28.js:1:14434
     - Lettuce: 1 × 5 = 5.00 page-4966190e7ca45b28.js:1:14434
     - Cucumber: 1 × 14.99 = 14.99 page-4966190e7ca45b28.js:1:14434
     - Soft Drink 300ml: 2 × 11.646 = 23.29 page-4966190e7ca45b28.js:1:14434
     - Five Roses Tea: 7 × 0.64 = 4.48 page-4966190e7ca45b28.js:1:14434
     - Rooibos Tea: 2 × 0.475 = 0.95 page-4966190e7ca45b28.js:1:14434
     - Still Water 500ml: 1 × 4.167 = 4.17 page-4966190e7ca45b28.js:1:14434
     - Umcenge Milk 500ML: 1 × 23 = 23.00 page-4966190e7ca45b28.js:1:14434
     - Chicken: 5.2 × 45.105 = 234.55 page-4966190e7ca45b28.js:1:14434
     SUBTOTAL: 508.81 page-4966190e7ca45b28.js:1:14530
  5310. DL-00477 (2026-02-17T00:00:00.000Z): page-4966190e7ca45b28.js:1:14168
     - Mega Star Samp: 20 × 14.6 = 292.00 page-4966190e7ca45b28.js:1:14434
     - Chicken: 75 × 45.105 = 3382.87 page-4966190e7ca45b28.js:1:14434
     - Butternut: 20 × 7 = 140.00 page-4966190e7ca45b28.js:1:14434
     - Carrots: 4.2 × 6.598 = 27.71 page-4966190e7ca45b28.js:1:14434
     - Onion: 4.75 × 7.5 = 35.63 page-4966190e7ca45b28.js:1:14434
     - Cabbage: 13 × 14 = 182.00 page-4966190e7ca45b28.js:1:14434
     - FOMO 40: 12 × 0.66 = 7.92 page-4966190e7ca45b28.js:1:14434
     - Mask: 7 × 0.5 = 3.50 page-4966190e7ca45b28.js:1:14434
     - Doom: 1 × 43.33 = 43.33 page-4966190e7ca45b28.js:1:14434
     - Still Water 500ml: 2 × 4.167 = 8.33 page-4966190e7ca45b28.js:1:14434
     - Domestos 750ml : 1 × 42.667 = 42.67 page-4966190e7ca45b28.js:1:14434
     - Sun Sun Cooking Oil: 2 × 30.5 = 61.00 page-4966190e7ca45b28.js:1:14434
     - Soup: 3.1 × 4.2 = 13.02 page-4966190e7ca45b28.js:1:14434
     - Spice Mix: 0.4 × 70 = 28.00 page-4966190e7ca45b28.js:1:14434
     - Chicken Stock: 0.6 × 120.792 = 72.48 page-4966190e7ca45b28.js:1:14434
     - Exotic Six 4 All: 1 × 83 = 83.00 page-4966190e7ca45b28.js:1:14434
     - Country Mix: 1 × 62.775 = 62.77 page-4966190e7ca45b28.js:1:14434
     - Red Pepper: 0.5 × 58.14 = 29.07 page-4966190e7ca45b28.js:1:14434
     - Cake Flour: 0.4 × 14.16 = 5.66 page-4966190e7ca45b28.js:1:14434
     - Hake Fillet: 0.1 × 144.336 = 14.43 page-4966190e7ca45b28.js:1:14434
     - Tomatoes: 0.7 × 19.995 = 14.00 page-4966190e7ca45b28.js:1:14434
     - Aprons: 1 × 38 = 38.00 page-4966190e7ca45b28.js:1:14434
     - Red Cabbage: 1.7 × 15.19 = 25.82 page-4966190e7ca45b28.js:1:14434
     - Dish Wash: 6 × 12.32 = 73.92 page-4966190e7ca45b28.js:1:14434
     - Mayonnaise: 6.35 × 55.5 = 352.42 page-4966190e7ca45b28.js:1:14434
     - Fomo 5: 3 × 0.308 = 0.92 page-4966190e7ca45b28.js:1:14434
     SUBTOTAL: 5040.49 page-4966190e7ca45b28.js:1:14530
  5311. DL-00470 (2026-02-17T00:00:00.000Z): page-4966190e7ca45b28.js:1:14168
     - Brown Bread: 2 × 14.19 = 28.38 page-4966190e7ca45b28.js:1:14434
     - White Bread: 2 × 15.916 = 31.83 page-4966190e7ca45b28.js:1:14434
     - Chicken: 9.5 × 45.105 = 428.50 page-4966190e7ca45b28.js:1:14434
     - Sihlobo Rice: 3 × 10.476 = 31.43 page-4966190e7ca45b28.js:1:14434
     - Brown Sugar: 0.8 × 17.8 = 14.24 page-4966190e7ca45b28.js:1:14434
     SUBTOTAL: 534.38 page-4966190e7ca45b28.js:1:14530
  5312. DL-00473 (2026-02-17T00:00:00.000Z): page-4966190e7ca45b28.js:1:14168
     - Brown Bread: 25 × 14.19 = 354.75 page-4966190e7ca45b28.js:1:14434
     - Droxford Peanut Butter: 4 × 58.35 = 233.40 page-4966190e7ca45b28.js:1:14434
     - Sunny Milk: 6 × 16.667 = 100.00 page-4966190e7ca45b28.js:1:14434
     - Five Roses Tea: 30 × 0.64 = 19.20 page-4966190e7ca45b28.js:1:14434
     - Rooibos Tea: 80 × 0.475 = 38.00 page-4966190e7ca45b28.js:1:14434
     SUBTOTAL: 745.35 page-4966190e7ca45b28.js:1:14530
  5313. DL-00484 (2026-02-17T00:00:00.000Z): page-4966190e7ca45b28.js:1:14168
     - Pears: 30.15 × 25.327 = 763.61 page-4966190e7ca45b28.js:1:14434
     - Banana: 5.2 × 13.846 = 72.00 page-4966190e7ca45b28.js:1:14434
     SUBTOTAL: 835.61 page-4966190e7ca45b28.js:1:14530
  5314. DL-00486 (2026-02-17T00:00:00.000Z): page-4966190e7ca45b28.js:1:14168
     - Yoghurt Bliss 150g: 3 × 14.49 = 43.47 page-4966190e7ca45b28.js:1:14434
     - Liqui Fruit Can 300ml: 3 × 10.417 = 31.25 page-4966190e7ca45b28.js:1:14434
     SUBTOTAL: 74.72 page-4966190e7ca45b28.js:1:14530
  5315. DL-00474 (2026-02-17T00:00:00.000Z): page-4966190e7ca45b28.js:1:14168
     - Brown Bread: 1 × 14.19 = 14.19 page-4966190e7ca45b28.js:1:14434
     - White Bread: 3 × 15.916 = 47.75 page-4966190e7ca45b28.js:1:14434
     - Cake Flour: 2.65 × 14.16 = 37.52 page-4966190e7ca45b28.js:1:14434
     - Yeast 10g: 0.1 × 3.43 = 0.34 page-4966190e7ca45b28.js:1:14434
     - Brown Sugar: 0.5 × 17.8 = 8.90 page-4966190e7ca45b28.js:1:14434
     - Self Raising Flour: 1.52 × 16 = 24.32 page-4966190e7ca45b28.js:1:14434
     - Eggs: 20 × 1.917 = 38.34 page-4966190e7ca45b28.js:1:14434
     - Beef Stewing: 3.4 × 108.69 = 369.55 page-4966190e7ca45b28.js:1:14434
     - Rama: 0.5 × 52.667 = 26.33 page-4966190e7ca45b28.js:1:14434
     - Top Score Maize Meal: 3.03 × 13.2 = 40.00 page-4966190e7ca45b28.js:1:14434
     - Cooking Oil: 3 × 32.5 = 97.50 page-4966190e7ca45b28.js:1:14434
     - FOMO 6: 7 × 0.312 = 2.18 page-4966190e7ca45b28.js:1:14434
     - FOMO 40: 61 × 0.66 = 40.26 page-4966190e7ca45b28.js:1:14434
     - Fomo Tubs: 33 × 0.998 = 32.93 page-4966190e7ca45b28.js:1:14434
     - FOMO Cups 350ml: 25 × 0.64 = 16.00 page-4966190e7ca45b28.js:1:14434
     - Sihlobo Rice: 8 × 10.476 = 83.81 page-4966190e7ca45b28.js:1:14434
     - Hake zero: 1.31 × 67.797 = 88.81 page-4966190e7ca45b28.js:1:14434
     - Cabbage: 3 × 14 = 42.00 page-4966190e7ca45b28.js:1:14434
     - FOMO 73: 18 × 0.368 = 6.62 page-4966190e7ca45b28.js:1:14434
     - Ice bag: 1 × 14 = 14.00 page-4966190e7ca45b28.js:1:14434
     - Chicken: 1 × 45.105 = 45.10 page-4966190e7ca45b28.js:1:14434
     - Mayonnaise: 2 × 55.5 = 111.00 page-4966190e7ca45b28.js:1:14434
     - Bleach: 1 × 9.28 = 9.28 page-4966190e7ca45b28.js:1:14434
     - Dishwash Liquid: 2 × 12.32 = 24.64 page-4966190e7ca45b28.js:1:14434
     - Onion: 3 × 7.5 = 22.50 page-4966190e7ca45b28.js:1:14434
     - Carrots: 2 × 6.598 = 13.20 page-4966190e7ca45b28.js:1:14434
     - Potatoes: 8 × 8.5 = 68.00 page-4966190e7ca45b28.js:1:14434
     SUBTOTAL: 1325.09 page-4966190e7ca45b28.js:1:14530
  5316. DL-00472 (2026-02-17T00:00:00.000Z): page-4966190e7ca45b28.js:1:14168
     - Top Score Maize Meal: 7.3 × 13.2 = 96.36 page-4966190e7ca45b28.js:1:14434
     - Emabele: 5 × 16 = 80.00 page-4966190e7ca45b28.js:1:14434
     - Romi: 0.5 × 23.533 = 11.77 page-4966190e7ca45b28.js:1:14434
     - Nespray 1.8kg : 1 × 314.99 = 314.99 page-4966190e7ca45b28.js:1:14434
     SUBTOTAL: 503.12 page-4966190e7ca45b28.js:1:14530
  5317. DL-00478 (2026-02-17T00:00:00.000Z): page-4966190e7ca45b28.js:1:14168
     - Top Score Maize Meal: 10 × 13.2 = 132.00 page-4966190e7ca45b28.js:1:14434
     - Onion: 3 × 7.5 = 22.50 page-4966190e7ca45b28.js:1:14434
     - Potatoes: 2 × 8.5 = 17.00 page-4966190e7ca45b28.js:1:14434
     - Future-life : 0.5 × 84 = 42.00 page-4966190e7ca45b28.js:1:14434
     - Sihlobo Rice: 2 × 10.476 = 20.95 page-4966190e7ca45b28.js:1:14434
     - Bleach: 5 × 9.28 = 46.40 page-4966190e7ca45b28.js:1:14434
     - Chicken: 4.46 × 45.105 = 201.17 page-4966190e7ca45b28.js:1:14434
     - Emasi Enkhomo: 13 × 17.5 = 227.50 page-4966190e7ca45b28.js:1:14434
     - Cabbage: 2 × 14 = 28.00 page-4966190e7ca45b28.js:1:14434
     - Emasi: 12 × 16.5 = 198.00 page-4966190e7ca45b28.js:1:14434
     - Umcenge Milk: 1 × 18.333 = 18.33 page-4966190e7ca45b28.js:1:14434
     - FOMO 6: 30 × 0.312 = 9.36 page-4966190e7ca45b28.js:1:14434
     SUBTOTAL: 963.21 page-4966190e7ca45b28.js:1:14530
  5318. DL-00475 (2026-02-17T00:00:00.000Z): page-4966190e7ca45b28.js:1:14168
     - Rooibos Tea: 80 × 0.475 = 38.00 page-4966190e7ca45b28.js:1:14434
     - Five Roses Tea: 100 × 0.64 = 64.00 page-4966190e7ca45b28.js:1:14434
     - Brown Sugar: 8 × 17.8 = 142.40 page-4966190e7ca45b28.js:1:14434
     SUBTOTAL: 244.40 page-4966190e7ca45b28.js:1:14530
  5319. DL-00481 (2026-02-17T00:00:00.000Z): page-4966190e7ca45b28.js:1:14168
     - Top Score Maize Meal: 25 × 13.2 = 330.00 page-4966190e7ca45b28.js:1:14434
     - Mince Meat: 7 × 132.99 = 930.93 page-4966190e7ca45b28.js:1:14434
     - Umndeni Beans: 10 × 30.4 = 304.00 page-4966190e7ca45b28.js:1:14434
     - Chicken: 2.05 × 45.105 = 92.47 page-4966190e7ca45b28.js:1:14434
     - Cooking Oil: 2 × 32.5 = 65.00 page-4966190e7ca45b28.js:1:14434
     - Carrots: 3.8 × 6.598 = 25.07 page-4966190e7ca45b28.js:1:14434
     - Onion: 4.85 × 7.5 = 36.38 page-4966190e7ca45b28.js:1:14434
     - Cling Wrap: 1 × 300 = 300.00 page-4966190e7ca45b28.js:1:14434
     - FOMO 40: 4 × 0.66 = 2.64 page-4966190e7ca45b28.js:1:14434
     - FOMO 73: 1 × 0.368 = 0.37 page-4966190e7ca45b28.js:1:14434
     - Dish Wash: 4 × 12.32 = 49.28 page-4966190e7ca45b28.js:1:14434
     - Mop Caps: 1 × 30 = 30.00 page-4966190e7ca45b28.js:1:14434
     - Lettuce: 20 × 5 = 100.00 page-4966190e7ca45b28.js:1:14434
     - Red Pepper: 0.85 × 58.14 = 49.42 page-4966190e7ca45b28.js:1:14434
     - Yellow Pepper: 0.95 × 48.276 = 45.86 page-4966190e7ca45b28.js:1:14434
     - Cucumber: 4 × 14.99 = 59.96 page-4966190e7ca45b28.js:1:14434
     - Still Water 500ml: 1 × 4.167 = 4.17 page-4966190e7ca45b28.js:1:14434
     - Spice Mix: 0.4 × 70 = 28.00 page-4966190e7ca45b28.js:1:14434
     - Crown Six Gun: 1 × 81.5 = 81.50 page-4966190e7ca45b28.js:1:14434
     SUBTOTAL: 2535.04 page-4966190e7ca45b28.js:1:14530
  5320. DL-00483 (2026-02-17T00:00:00.000Z): page-4966190e7ca45b28.js:1:14168
     - Hake Fillet: 2.1 × 144.336 = 303.11 page-4966190e7ca45b28.js:1:14434
     - Chicken: 3.55 × 45.105 = 160.12 page-4966190e7ca45b28.js:1:14434
     - Onion: 1 × 7.5 = 7.50 page-4966190e7ca45b28.js:1:14434
     - Macaroni: 0.5 × 33.6 = 16.80 page-4966190e7ca45b28.js:1:14434
     - Tastic Rice: 1 × 18.4 = 18.40 page-4966190e7ca45b28.js:1:14434
     - Red Apples: 1.5 × 29.993 = 44.99 page-4966190e7ca45b28.js:1:14434
     - Brocolli: 4 × 35.99 = 143.96 page-4966190e7ca45b28.js:1:14434
     - Cauliflower: 2 × 29.99 = 59.98 page-4966190e7ca45b28.js:1:14434
     - Baby Marrow: 0.4 × 39.975 = 15.99 page-4966190e7ca45b28.js:1:14434
     - Red Pepper: 0.5 × 58.14 = 29.07 page-4966190e7ca45b28.js:1:14434
     - Yellow Pepper: 0.5 × 48.276 = 24.14 page-4966190e7ca45b28.js:1:14434
     - Cheddar Cheese: 0.65 × 227.047 = 147.58 page-4966190e7ca45b28.js:1:14434
     - Mozzarella Cheese: 0.35 × 194.5 = 68.07 page-4966190e7ca45b28.js:1:14434
     - Cooking Oil: 2 × 32.5 = 65.00 page-4966190e7ca45b28.js:1:14434
     - Cake Flour: 1 × 14.16 = 14.16 page-4966190e7ca45b28.js:1:14434
     - Still Water 500ml: 25 × 4.167 = 104.17 page-4966190e7ca45b28.js:1:14434
     - Cabbage: 1 × 16 = 16.00 page-4966190e7ca45b28.js:1:14434
     - Peaches: 1 × 39.99 = 39.99 page-4966190e7ca45b28.js:1:14434
     - Banana: 1.2 × 15.825 = 18.99 page-4966190e7ca45b28.js:1:14434
     - Liqui Fruit Can 300ml: 4 × 10.417 = 41.67 page-4966190e7ca45b28.js:1:14434
     - Mushrooms: 0.25 × 115.96 = 28.99 page-4966190e7ca45b28.js:1:14434
     - Cream: 0.5 × 98.02 = 49.01 page-4966190e7ca45b28.js:1:14434
     - Top Score Maize Meal: 1 × 13.2 = 13.20 page-4966190e7ca45b28.js:1:14434
     - Plain Yoghurt 150G: 3 × 11.83 = 35.49 page-4966190e7ca45b28.js:1:14434
     SUBTOTAL: 1466.38 page-4966190e7ca45b28.js:1:14530
  5321. DL-00480 (2026-02-17T00:00:00.000Z): page-4966190e7ca45b28.js:1:14168
     - Brown Bread: 3 × 14.45 = 43.35 page-4966190e7ca45b28.js:1:14434
     - White Bread: 1 × 16.29 = 16.29 page-4966190e7ca45b28.js:1:14434
     - Chicken Gizzards: 1 × 41.383 = 41.38 page-4966190e7ca45b28.js:1:14434
     - Mushrooms: 0.75 × 115.96 = 86.97 page-4966190e7ca45b28.js:1:14434
     - Umcenge Milk: 4 × 18.333 = 73.33 page-4966190e7ca45b28.js:1:14434
     - Eggs: 35 × 1.917 = 67.09 page-4966190e7ca45b28.js:1:14434
     - Selati Brown Sugar: 95 × 0.26 = 24.70 page-4966190e7ca45b28.js:1:14434
     - Rooibos Tea: 10 × 0.475 = 4.75 page-4966190e7ca45b28.js:1:14434
     - Ellis Brown Sachets 4g: 6 × 1.19 = 7.14 page-4966190e7ca45b28.js:1:14434
     - Canderel Sugar: 6 × 0.772 = 4.63 page-4966190e7ca45b28.js:1:14434
     - Jungle Oats: 1 × 38 = 38.00 page-4966190e7ca45b28.js:1:14434
     - Tomatoes: 1 × 19.995 = 20.00 page-4966190e7ca45b28.js:1:14434
     - Corn-flakes: 1 × 65 = 65.00 page-4966190e7ca45b28.js:1:14434
     - Cauliflower: 1 × 29.99 = 29.99 page-4966190e7ca45b28.js:1:14434
     - Brocolli: 1 × 35.99 = 35.99 page-4966190e7ca45b28.js:1:14434
     - Red Pepper: 0.4 × 58.14 = 23.26 page-4966190e7ca45b28.js:1:14434
     - Yellow Pepper: 0.5 × 48.276 = 24.14 page-4966190e7ca45b28.js:1:14434
     - Liqui Fruit Can 300ml: 18 × 10.417 = 187.51 page-4966190e7ca45b28.js:1:14434
     - Krush 200ML: 2 × 7.167 = 14.33 page-4966190e7ca45b28.js:1:14434
     - Top Score Maize Meal: 0.8 × 13.2 = 10.56 page-4966190e7ca45b28.js:1:14434
     - Emabele: 1 × 16 = 16.00 page-4966190e7ca45b28.js:1:14434
     - Still Water 500ml: 8 × 4.167 = 33.34 page-4966190e7ca45b28.js:1:14434
     - Jacobs Sachets: 2 × 4.25 = 8.50 page-4966190e7ca45b28.js:1:14434
     - Cheese Slice: 9 × 3.056 = 27.50 page-4966190e7ca45b28.js:1:14434
     - Domestos 750ml : 0.75 × 42.667 = 32.00 page-4966190e7ca45b28.js:1:14434
     SUBTOTAL: 935.75 page-4966190e7ca45b28.js:1:14530
  5322. DL-00468 (2026-02-17T00:00:00.000Z): page-4966190e7ca45b28.js:1:14168
     - Pork Sliced: 0.27 × 80 = 21.60 page-4966190e7ca45b28.js:1:14434
     - Potatoes: 0.63 × 8.5 = 5.36 page-4966190e7ca45b28.js:1:14434
     - Liqui Fruit Can 300ml: 3 × 10.417 = 31.25 page-4966190e7ca45b28.js:1:14434
     - Pears: 0.3 × 25.327 = 7.60 page-4966190e7ca45b28.js:1:14434
     - Chicken Drumsticks: 0.45 × 58.96 = 26.53 page-4966190e7ca45b28.js:1:14434
     - Self Raising Flour: 1.02 × 16 = 16.32 page-4966190e7ca45b28.js:1:14434
     - Eggs: 1 × 1.917 = 1.92 page-4966190e7ca45b28.js:1:14434
     - White Sugar: 0.2 × 19.4 = 3.88 page-4966190e7ca45b28.js:1:14434
     - Hake Fillet: 0.23 × 144.336 = 33.20 page-4966190e7ca45b28.js:1:14434
     - Cheese Slice: 2 × 3.056 = 6.11 page-4966190e7ca45b28.js:1:14434
     - FOMO 53: 3 × 0.368 = 1.10 page-4966190e7ca45b28.js:1:14434
     SUBTOTAL: 154.87 page-4966190e7ca45b28.js:1:14530
  5323. DL-00482 (2026-02-17T00:00:00.000Z): page-4966190e7ca45b28.js:1:14168
     - Cake Flour: 2.3 × 14.16 = 32.57 page-4966190e7ca45b28.js:1:14434
     - Brown Sugar: 0.85 × 17.8 = 15.13 page-4966190e7ca45b28.js:1:14434
     - Yeast 10g: 2 × 3.43 = 6.86 page-4966190e7ca45b28.js:1:14434
     - Self Raising Flour: 2.5 × 16 = 40.00 page-4966190e7ca45b28.js:1:14434
     - Romi: 0.5 × 23.533 = 11.77 page-4966190e7ca45b28.js:1:14434
     - Sunny Milk: 1 × 16.667 = 16.67 page-4966190e7ca45b28.js:1:14434
     - Eggs: 6 × 1.917 = 11.50 page-4966190e7ca45b28.js:1:14434
     - Soft Drink 1L: 1 × 16.375 = 16.38 page-4966190e7ca45b28.js:1:14434
     - Fomo 5: 1 × 0.308 = 0.31 page-4966190e7ca45b28.js:1:14434
     SUBTOTAL: 151.18 page-4966190e7ca45b28.js:1:14530
  5324. DL-00446 (2026-02-16T00:00:00.000Z): page-4966190e7ca45b28.js:1:14168
     - Brown Bread: 2 × 16.29 = 32.58 page-4966190e7ca45b28.js:1:14434
     - White Bread: 1 × 14.59 = 14.59 page-4966190e7ca45b28.js:1:14434
     - Beef Sausages: 2 × 104.34 = 208.68 page-4966190e7ca45b28.js:1:14434
     - Pork Sausages: 0.6 × 91.563 = 54.94 page-4966190e7ca45b28.js:1:14434
     - Selati Brown Sugar: 40 × 0.26 = 10.40 page-4966190e7ca45b28.js:1:14434
     - Ellis Brown Sachets 4g: 10 × 1.19 = 11.90 page-4966190e7ca45b28.js:1:14434
     - Rooibos Tea: 10 × 0.475 = 4.75 page-4966190e7ca45b28.js:1:14434
     - Canderel Sugar: 6 × 0.772 = 4.63 page-4966190e7ca45b28.js:1:14434
     - Lettuce: 2 × 5 = 10.00 page-4966190e7ca45b28.js:1:14434
     - Tomatoes: 1 × 19.995 = 20.00 page-4966190e7ca45b28.js:1:14434
     - Patty Pan: 1 × 32.99 = 32.99 page-4966190e7ca45b28.js:1:14434
     - Cauliflower: 1 × 29.99 = 29.99 page-4966190e7ca45b28.js:1:14434
     - Brocolli: 1 × 32.99 = 32.99 page-4966190e7ca45b28.js:1:14434
     - Koo Beans 410g: 2 × 14.167 = 28.33 page-4966190e7ca45b28.js:1:14434
     - Cooking Oil: 1 × 32.5 = 32.50 page-4966190e7ca45b28.js:1:14434
     - Hake Fillet: 0.3 × 144.336 = 43.30 page-4966190e7ca45b28.js:1:14434
     - Eggs: 16 × 1.917 = 30.67 page-4966190e7ca45b28.js:1:14434
     - Umcenge Milk: 3 × 18.333 = 55.00 page-4966190e7ca45b28.js:1:14434
     - Ham: 0.5 × 112.995 = 56.50 page-4966190e7ca45b28.js:1:14434
     - Top Score Maize Meal: 0.5 × 13.2 = 6.60 page-4966190e7ca45b28.js:1:14434
     - Jacobs Sachets: 4 × 4.25 = 17.00 page-4966190e7ca45b28.js:1:14434
     - Cheese Slice: 14 × 3.056 = 42.78 page-4966190e7ca45b28.js:1:14434
     - Refuse Bag Roll: 1 × 27.9 = 27.90 page-4966190e7ca45b28.js:1:14434
     - Still Water 500ml: 7 × 4.167 = 29.17 page-4966190e7ca45b28.js:1:14434
     - Krush 200ML: 2 × 7.167 = 14.33 page-4966190e7ca45b28.js:1:14434
     - Liqui Fruit Can 300ml: 13 × 10.417 = 135.42 page-4966190e7ca45b28.js:1:14434
     SUBTOTAL: 987.95 page-4966190e7ca45b28.js:1:14530
  5325. DL-00465 (2026-02-16T00:00:00.000Z): page-4966190e7ca45b28.js:1:14168
     - Rooibos Tea: 80 × 0.475 = 38.00 page-4966190e7ca45b28.js:1:14434
     - Brown Sugar: 3 × 17.8 = 53.40 page-4966190e7ca45b28.js:1:14434
     - Five Roses Tea: 100 × 0.64 = 64.00 page-4966190e7ca45b28.js:1:14434
     SUBTOTAL: 155.40 page-4966190e7ca45b28.js:1:14530
  5326. DL-00463 (2026-02-16T00:00:00.000Z): page-4966190e7ca45b28.js:1:14168
     - Yoghurt 1kg Low fat: 1 × 40 = 40.00 page-4966190e7ca45b28.js:1:14434
     SUBTOTAL: 40.00 page-4966190e7ca45b28.js:1:14530
  5327. DL-00460 (2026-02-16T00:00:00.000Z): page-4966190e7ca45b28.js:1:14168
     - Brown Bread: 12 × 14.19 = 170.28 page-4966190e7ca45b28.js:1:14434
     - Brown Sugar: 2.5 × 17.8 = 44.50 page-4966190e7ca45b28.js:1:14434
     - FOMO Cups 250ml: 75 × 0.34 = 25.50 page-4966190e7ca45b28.js:1:14434
     - Cheese Slice: 98 × 3.056 = 299.49 page-4966190e7ca45b28.js:1:14434
     - Umcenge Milk: 2 × 18.333 = 36.67 page-4966190e7ca45b28.js:1:14434
     - Rooibos Tea: 45 × 0.475 = 21.38 page-4966190e7ca45b28.js:1:14434
     SUBTOTAL: 597.81 page-4966190e7ca45b28.js:1:14530
  5328. DL-00442 (2026-02-16T00:00:00.000Z): page-4966190e7ca45b28.js:1:14168
     - Top Score Maize Meal: 24 × 13.2 = 316.80 page-4966190e7ca45b28.js:1:14434
     - Braai Wors: 19 × 90 = 1710.00 page-4966190e7ca45b28.js:1:14434
     - Chicken: 0.85 × 45.105 = 38.34 page-4966190e7ca45b28.js:1:14434
     - Carrots: 2.85 × 6.598 = 18.80 page-4966190e7ca45b28.js:1:14434
     - Onion: 2.85 × 7.5 = 21.38 page-4966190e7ca45b28.js:1:14434
     - Cabbage: 10 × 14 = 140.00 page-4966190e7ca45b28.js:1:14434
     - Plastic Spoons : 99 × 0.144 = 14.26 page-4966190e7ca45b28.js:1:14434
     - Dish Wash: 3 × 12.32 = 36.96 page-4966190e7ca45b28.js:1:14434
     - Soup: 2.1 × 4.2 = 8.82 page-4966190e7ca45b28.js:1:14434
     SUBTOTAL: 2305.35 page-4966190e7ca45b28.js:1:14530
  5329. DL-00461 (2026-02-16T00:00:00.000Z): page-4966190e7ca45b28.js:1:14168
     - Chicken: 19 × 45.105 = 856.99 page-4966190e7ca45b28.js:1:14434
     - Potatoes: 25 × 8.5 = 212.50 page-4966190e7ca45b28.js:1:14434
     - Onion: 4.2 × 7.5 = 31.50 page-4966190e7ca45b28.js:1:14434
     - Exotic Tumeric: 1 × 82 = 82.00 page-4966190e7ca45b28.js:1:14434
     - Carrots: 2 × 6.598 = 13.20 page-4966190e7ca45b28.js:1:14434
     - Mayonnaise: 1 × 55.5 = 55.50 page-4966190e7ca45b28.js:1:14434
     - Sweet-Chilli Sauce: 1.57 × 19 = 29.83 page-4966190e7ca45b28.js:1:14434
     - Sihlobo Rice: 10 × 10.476 = 104.76 page-4966190e7ca45b28.js:1:14434
     - Plastic Spoons : 150 × 0.144 = 21.60 page-4966190e7ca45b28.js:1:14434
     - Rajah (Medium): 0.2 × 200 = 40.00 page-4966190e7ca45b28.js:1:14434
     - Cooking Oil: 2 × 32.5 = 65.00 page-4966190e7ca45b28.js:1:14434
     - Butternut: 15 × 7 = 105.00 page-4966190e7ca45b28.js:1:14434
     - Lettuce: 7 × 5 = 35.00 page-4966190e7ca45b28.js:1:14434
     - Rama: 0.5 × 52.667 = 26.33 page-4966190e7ca45b28.js:1:14434
     - Domestos 750ml : 1 × 42.667 = 42.67 page-4966190e7ca45b28.js:1:14434
     - FOMO 6: 20 × 0.312 = 6.24 page-4966190e7ca45b28.js:1:14434
     - Food Gloves: 1 × 10.04 = 10.04 page-4966190e7ca45b28.js:1:14434
     - Fomo Tubs: 8 × 0.998 = 7.98 page-4966190e7ca45b28.js:1:14434
     - Top Class Aromat: 0.4 × 73 = 29.20 page-4966190e7ca45b28.js:1:14434
     SUBTOTAL: 1775.35 page-4966190e7ca45b28.js:1:14530
  5330. DL-00448 (2026-02-16T00:00:00.000Z): page-4966190e7ca45b28.js:1:14168
     - Beef Stewing: 2 × 108.69 = 217.38 page-4966190e7ca45b28.js:1:14434
     - Chicken: 4.45 × 45.105 = 200.72 page-4966190e7ca45b28.js:1:14434
     - Tastic Rice: 1 × 18.4 = 18.40 page-4966190e7ca45b28.js:1:14434
     - Tomato Paste: 1.05 × 89.524 = 94.00 page-4966190e7ca45b28.js:1:14434
     - Cooking Oil: 1 × 32.5 = 32.50 page-4966190e7ca45b28.js:1:14434
     - Cake Flour: 1 × 14.16 = 14.16 page-4966190e7ca45b28.js:1:14434
     - Mega Star Samp: 1 × 14.6 = 14.60 page-4966190e7ca45b28.js:1:14434
     - Top Score Maize Meal: 1.3 × 13.2 = 17.16 page-4966190e7ca45b28.js:1:14434
     - Umcenge Milk: 2 × 18.333 = 36.67 page-4966190e7ca45b28.js:1:14434
     - Mayonnaise: 1 × 55.5 = 55.50 page-4966190e7ca45b28.js:1:14434
     - Pumpkin Leaves : 4 × 10 = 40.00 page-4966190e7ca45b28.js:1:14434
     - Beetroot: 1 × 12 = 12.00 page-4966190e7ca45b28.js:1:14434
     - Onion: 2 × 7.5 = 15.00 page-4966190e7ca45b28.js:1:14434
     - Carrots: 1 × 6.598 = 6.60 page-4966190e7ca45b28.js:1:14434
     - Hake Fillet: 0.2 × 144.336 = 28.87 page-4966190e7ca45b28.js:1:14434
     - Cauliflower: 1 × 29.99 = 29.99 page-4966190e7ca45b28.js:1:14434
     - Brocolli: 1 × 32.99 = 32.99 page-4966190e7ca45b28.js:1:14434
     - Red Pepper: 0.3 × 58.14 = 17.44 page-4966190e7ca45b28.js:1:14434
     - Yellow Pepper: 0.3 × 48.276 = 14.48 page-4966190e7ca45b28.js:1:14434
     - Cheddar Cheese: 0.3 × 180.885 = 54.27 page-4966190e7ca45b28.js:1:14434
     - Cream: 0.5 × 98.02 = 49.01 page-4966190e7ca45b28.js:1:14434
     - Red Apples: 1.5 × 33.327 = 49.99 page-4966190e7ca45b28.js:1:14434
     - Peaches: 1 × 39.99 = 39.99 page-4966190e7ca45b28.js:1:14434
     - Sweet-Chilli Sauce: 1 × 19 = 19.00 page-4966190e7ca45b28.js:1:14434
     - Liqui Fruit Can 300ml: 2 × 10.417 = 20.83 page-4966190e7ca45b28.js:1:14434
     - Still Water 500ml: 12 × 4.167 = 50.00 page-4966190e7ca45b28.js:1:14434
     SUBTOTAL: 1181.55 page-4966190e7ca45b28.js:1:14530
  5331. DL-00458 (2026-02-16T00:00:00.000Z): page-4966190e7ca45b28.js:1:14168
     - Apple: 24.55 × 24.66 = 605.40 page-4966190e7ca45b28.js:1:14434
     - Banana: 3.55 × 15.211 = 54.00 page-4966190e7ca45b28.js:1:14434
     SUBTOTAL: 659.40 page-4966190e7ca45b28.js:1:14530
  5332. DL-00462 (2026-02-16T00:00:00.000Z): page-4966190e7ca45b28.js:1:14168
     - Onion: 4 × 7.5 = 30.00 page-4966190e7ca45b28.js:1:14434
     - Sihlobo Rice: 10 × 10.476 = 104.76 page-4966190e7ca45b28.js:1:14434
     - Umndeni Beans: 6 × 30.4 = 182.40 page-4966190e7ca45b28.js:1:14434
     - Potatoes: 3.06 × 8.5 = 26.01 page-4966190e7ca45b28.js:1:14434
     - Carrots: 3.15 × 6.598 = 20.78 page-4966190e7ca45b28.js:1:14434
     - Mutton Cloth(roll): 1 × 48.333 = 48.33 page-4966190e7ca45b28.js:1:14434
     - Chicken: 3.49 × 45.105 = 157.42 page-4966190e7ca45b28.js:1:14434
     - Cabbage: 4 × 14 = 56.00 page-4966190e7ca45b28.js:1:14434
     - Liqui Fruit Can 300ml: 2 × 10.417 = 20.83 page-4966190e7ca45b28.js:1:14434
     - Fomo Tubs: 5 × 0.998 = 4.99 page-4966190e7ca45b28.js:1:14434
     - Cooking Oil: 2 × 32.5 = 65.00 page-4966190e7ca45b28.js:1:14434
     SUBTOTAL: 716.53 page-4966190e7ca45b28.js:1:14530
  5333. DL-00444 (2026-02-16T00:00:00.000Z): page-4966190e7ca45b28.js:1:14168
     - Top Score Maize Meal: 7.3 × 13.2 = 96.36 page-4966190e7ca45b28.js:1:14434
     - Emabele: 5 × 16 = 80.00 page-4966190e7ca45b28.js:1:14434
     - Romi: 0.5 × 23.533 = 11.77 page-4966190e7ca45b28.js:1:14434
     - Nespray 1.8kg : 1 × 314.99 = 314.99 page-4966190e7ca45b28.js:1:14434
     SUBTOTAL: 503.12 page-4966190e7ca45b28.js:1:14530
  5334. DL-00459 (2026-02-16T00:00:00.000Z): page-4966190e7ca45b28.js:1:14168
     - Top Score Maize Meal: 6.2 × 13.2 = 81.84 page-4966190e7ca45b28.js:1:14434
     - Emabele: 5.5 × 16 = 88.00 page-4966190e7ca45b28.js:1:14434
     - Umcenge Milk: 3 × 18.333 = 55.00 page-4966190e7ca45b28.js:1:14434
     - Clover Milk: 2 × 19.67 = 39.34 page-4966190e7ca45b28.js:1:14434
     - Oros: 0.5 × 18.2 = 9.10 page-4966190e7ca45b28.js:1:14434
     - White Sugar: 0.5 × 19.4 = 9.70 page-4966190e7ca45b28.js:1:14434
     - FOMO 6: 90 × 0.312 = 28.08 page-4966190e7ca45b28.js:1:14434
     - FOMO Cups 250ml: 50 × 0.34 = 17.00 page-4966190e7ca45b28.js:1:14434
     - Fomo Tubs: 30 × 0.998 = 29.94 page-4966190e7ca45b28.js:1:14434
     - Plastic Spoons : 100 × 0.144 = 14.40 page-4966190e7ca45b28.js:1:14434
     - Rooibos Tea: 20 × 0.475 = 9.50 page-4966190e7ca45b28.js:1:14434
     - Brown Sugar: 4 × 17.8 = 71.20 page-4966190e7ca45b28.js:1:14434
     - White Bread: 4 × 15.916 = 63.66 page-4966190e7ca45b28.js:1:14434
     - Cheese Slice: 36 × 3.056 = 110.02 page-4966190e7ca45b28.js:1:14434
     SUBTOTAL: 626.78 page-4966190e7ca45b28.js:1:14530
  5335. DL-00440 (2026-02-16T00:00:00.000Z): page-4966190e7ca45b28.js:1:14168
     - Banana: 4.35 × 14.211 = 61.82 page-4966190e7ca45b28.js:1:14434
     - Pears: 29 × 25.327 = 734.48 page-4966190e7ca45b28.js:1:14434
     SUBTOTAL: 796.30 page-4966190e7ca45b28.js:1:14530
  5336. DL-00453 (2026-02-16T00:00:00.000Z): page-4966190e7ca45b28.js:1:14168
     - Sun Sun Cooking Oil: 2 × 30.5 = 61.00 page-4966190e7ca45b28.js:1:14434
     - Mince Meat: 2 × 132.99 = 265.98 page-4966190e7ca45b28.js:1:14434
     - Spaghetti: 2 × 33.6 = 67.20 page-4966190e7ca45b28.js:1:14434
     - Lettuce: 1 × 5 = 5.00 page-4966190e7ca45b28.js:1:14434
     - Onion: 1 × 7.5 = 7.50 page-4966190e7ca45b28.js:1:14434
     - Yellow Pepper: 0.55 × 48.276 = 26.55 page-4966190e7ca45b28.js:1:14434
     - Red Pepper: 0.35 × 58.14 = 20.35 page-4966190e7ca45b28.js:1:14434
     - Tomato Paste Sachet: 5 × 7.55 = 37.75 page-4966190e7ca45b28.js:1:14434
     - Cucumber: 1 × 14.99 = 14.99 page-4966190e7ca45b28.js:1:14434
     - Tomatoes: 0.65 × 19.995 = 13.00 page-4966190e7ca45b28.js:1:14434
     - Cheddar Cheese: 0.35 × 180.885 = 63.31 page-4966190e7ca45b28.js:1:14434
     SUBTOTAL: 582.63 page-4966190e7ca45b28.js:1:14530
  5337. DL-00445 (2026-02-16T00:00:00.000Z): page-4966190e7ca45b28.js:1:14168
     - Brown Bread: 25 × 16.29 = 407.25 page-4966190e7ca45b28.js:1:14434
     - Eggs: 247 × 1.917 = 473.50 page-4966190e7ca45b28.js:1:14434
     - Five Roses Tea: 30 × 0.64 = 19.20 page-4966190e7ca45b28.js:1:14434
     - Rooibos Tea: 80 × 0.475 = 38.00 page-4966190e7ca45b28.js:1:14434
     - Sunny Milk: 12 × 16.667 = 200.00 page-4966190e7ca45b28.js:1:14434
     - Romi: 0.5 × 23.533 = 11.77 page-4966190e7ca45b28.js:1:14434
     - Sun Sun Cooking Oil: 2 × 30.5 = 61.00 page-4966190e7ca45b28.js:1:14434
     SUBTOTAL: 1210.72 page-4966190e7ca45b28.js:1:14530
  5338. DL-00452 (2026-02-16T00:00:00.000Z): page-4966190e7ca45b28.js:1:14168
     - Chicken: 9.53 × 45.105 = 429.85 page-4966190e7ca45b28.js:1:14434
     - Tastic Rice: 1 × 18.4 = 18.40 page-4966190e7ca45b28.js:1:14434
     - Umcenge Milk: 1 × 18.333 = 18.33 page-4966190e7ca45b28.js:1:14434
     - Eggs: 8 × 1.917 = 15.34 page-4966190e7ca45b28.js:1:14434
     - Cheese Slice: 6 × 3.056 = 18.34 page-4966190e7ca45b28.js:1:14434
     - White Bread: 1 × 14.59 = 14.59 page-4966190e7ca45b28.js:1:14434
     - Crushed Garlic: 0.5 × 70.122 = 35.06 page-4966190e7ca45b28.js:1:14434
     - Onion: 0.5 × 7.5 = 3.75 page-4966190e7ca45b28.js:1:14434
     - Brown Bread: 1 × 16.29 = 16.29 page-4966190e7ca45b28.js:1:14434
     - Brown Sugar: 1.2 × 17.8 = 21.36 page-4966190e7ca45b28.js:1:14434
     SUBTOTAL: 591.31 page-4966190e7ca45b28.js:1:14530
  5339. DL-00457 (2026-02-16T00:00:00.000Z): page-4966190e7ca45b28.js:1:14168
     - Sunny Milk: 17 × 16.667 = 283.34 page-4966190e7ca45b28.js:1:14434
     - Umcenge Milk 500ML: 4 × 23 = 92.00 page-4966190e7ca45b28.js:1:14434
     SUBTOTAL: 375.34 page-4966190e7ca45b28.js:1:14530
  5340. DL-00451 (2026-02-16T00:00:00.000Z): page-4966190e7ca45b28.js:1:14168
     - Yoghurt Bliss 150g: 1 × 14.49 = 14.49 page-4966190e7ca45b28.js:1:14434
     - Liqui Fruit Can 300ml: 1 × 10.417 = 10.42 page-4966190e7ca45b28.js:1:14434
     - Pears: 1 × 25.327 = 25.33 page-4966190e7ca45b28.js:1:14434
     SUBTOTAL: 50.23 page-4966190e7ca45b28.js:1:14530
  5341. DL-00449 (2026-02-16T00:00:00.000Z): page-4966190e7ca45b28.js:1:14168
     - Chicken: 6.2 × 45.105 = 279.65 page-4966190e7ca45b28.js:1:14434
     - Tastic Rice: 1 × 18.4 = 18.40 page-4966190e7ca45b28.js:1:14434
     - Crushed Garlic: 1 × 70.122 = 70.12 page-4966190e7ca45b28.js:1:14434
     - Onion: 1 × 7.5 = 7.50 page-4966190e7ca45b28.js:1:14434
     - Spice Mix: 0.4 × 70 = 28.00 page-4966190e7ca45b28.js:1:14434
     - Umcenge Milk: 2 × 18.333 = 36.67 page-4966190e7ca45b28.js:1:14434
     - Lettuce: 4 × 5 = 20.00 page-4966190e7ca45b28.js:1:14434
     - Cucumber: 1 × 14.99 = 14.99 page-4966190e7ca45b28.js:1:14434
     - Red Pepper: 0.2 × 58.14 = 11.63 page-4966190e7ca45b28.js:1:14434
     - Yellow Pepper: 0.2 × 48.276 = 9.66 page-4966190e7ca45b28.js:1:14434
     - Green Pepper: 0.65 × 19.995 = 13.00 page-4966190e7ca45b28.js:1:14434
     - Pork Chops: 0.65 × 104.99 = 68.24 page-4966190e7ca45b28.js:1:14434
     - Plain Yoghurt 150G: 2 × 11.83 = 23.66 page-4966190e7ca45b28.js:1:14434
     - Cream: 0.5 × 98.02 = 49.01 page-4966190e7ca45b28.js:1:14434
     - Yoghurt Bliss 150g: 1 × 14.49 = 14.49 page-4966190e7ca45b28.js:1:14434
     - Jimmy's SAUCE (Steakhouse): 1 × 63.5 = 63.50 page-4966190e7ca45b28.js:1:14434
     - Krush 200ML: 4 × 7.167 = 28.67 page-4966190e7ca45b28.js:1:14434
     - Still Water 500ml: 2 × 4.167 = 8.33 page-4966190e7ca45b28.js:1:14434
     - Potatoes: 10 × 8.5 = 85.00 page-4966190e7ca45b28.js:1:14434
     - Liqui Fruit Can 300ml: 13 × 10.417 = 135.42 page-4966190e7ca45b28.js:1:14434
     SUBTOTAL: 985.94 page-4966190e7ca45b28.js:1:14530
  5342. DL-00454 (2026-02-16T00:00:00.000Z): page-4966190e7ca45b28.js:1:14168
     - Brown Bread: 1 × 14.19 = 14.19 page-4966190e7ca45b28.js:1:14434
     - White Bread: 1 × 15.916 = 15.92 page-4966190e7ca45b28.js:1:14434
     - Cake Flour: 6 × 14.16 = 84.96 page-4966190e7ca45b28.js:1:14434
     - Self Raising Flour: 2.5 × 16 = 40.00 page-4966190e7ca45b28.js:1:14434
     - Rama: 1 × 52.667 = 52.67 page-4966190e7ca45b28.js:1:14434
     - Yeast 10g: 0.04 × 3.43 = 0.14 page-4966190e7ca45b28.js:1:14434
     - Cheese Slice: 9 × 3.056 = 27.50 page-4966190e7ca45b28.js:1:14434
     - Lettuce: 2 × 5 = 10.00 page-4966190e7ca45b28.js:1:14434
     - Brown Sugar: 1.3 × 17.8 = 23.14 page-4966190e7ca45b28.js:1:14434
     - White Sugar: 1 × 19.4 = 19.40 page-4966190e7ca45b28.js:1:14434
     - Tomatoes: 1 × 19.995 = 20.00 page-4966190e7ca45b28.js:1:14434
     - Ham: 0.5 × 112.995 = 56.50 page-4966190e7ca45b28.js:1:14434
     - Jacobs Sachets: 1 × 4.25 = 4.25 page-4966190e7ca45b28.js:1:14434
     - Mayonnaise: 2 × 55.5 = 111.00 page-4966190e7ca45b28.js:1:14434
     - Eggs: 22 × 1.917 = 42.17 page-4966190e7ca45b28.js:1:14434
     - Smoothies: 72 × 0.279 = 20.09 page-4966190e7ca45b28.js:1:14434
     - Eclairs: 50 × 0.53 = 26.50 page-4966190e7ca45b28.js:1:14434
     - Halls: 72 × 0.243 = 17.50 page-4966190e7ca45b28.js:1:14434
     - Pin Pop: 48 × 0.854 = 40.99 page-4966190e7ca45b28.js:1:14434
     - Doritos 145g : 3 × 20.4 = 61.20 page-4966190e7ca45b28.js:1:14434
     - Doritos 45g: 15 × 7.438 = 111.57 page-4966190e7ca45b28.js:1:14434
     - Nik-Naks 50g: 5 × 5.583 = 27.91 page-4966190e7ca45b28.js:1:14434
     - Beef Stewing: 4.5 × 108.69 = 489.11 page-4966190e7ca45b28.js:1:14434
     - Chicken: 8.8 × 45.105 = 396.92 page-4966190e7ca45b28.js:1:14434
     - Tastic Rice: 3 × 18.4 = 55.20 page-4966190e7ca45b28.js:1:14434
     - Beetroot: 3 × 12 = 36.00 page-4966190e7ca45b28.js:1:14434
     - Pumpkin Leaves : 6 × 10 = 60.00 page-4966190e7ca45b28.js:1:14434
     - Feta Cheese: 1 × 181.333 = 181.33 page-4966190e7ca45b28.js:1:14434
     - Tomato Paste: 1.05 × 89.524 = 94.00 page-4966190e7ca45b28.js:1:14434
     - Crushed Garlic: 1 × 70.122 = 70.12 page-4966190e7ca45b28.js:1:14434
     - Onion: 1.5 × 7.5 = 11.25 page-4966190e7ca45b28.js:1:14434
     - Red Pepper: 0.5 × 58.14 = 29.07 page-4966190e7ca45b28.js:1:14434
     - Yellow Pepper: 0.5 × 48.276 = 24.14 page-4966190e7ca45b28.js:1:14434
     - Green Pepper: 0.5 × 19.995 = 10.00 page-4966190e7ca45b28.js:1:14434
     - Spring Onion: 1 × 24.99 = 24.99 page-4966190e7ca45b28.js:1:14434
     - Spice Mix: 0.4 × 70 = 28.00 page-4966190e7ca45b28.js:1:14434
     - Hake Fillet: 0.3 × 144.336 = 43.30 page-4966190e7ca45b28.js:1:14434
     - Spur Ribs: 1.2 × 118.017 = 141.62 page-4966190e7ca45b28.js:1:14434
     - Fomo 5: 125 × 0.308 = 38.50 page-4966190e7ca45b28.js:1:14434
     - FOMO 73: 250 × 0.368 = 92.00 page-4966190e7ca45b28.js:1:14434
     - FOMO 40: 75 × 0.66 = 49.50 page-4966190e7ca45b28.js:1:14434
     - Lunch bar 44g: 4 × 12.175 = 48.70 page-4966190e7ca45b28.js:1:14434
     - P.S. Bar 19g: 12 × 5 = 60.00 page-4966190e7ca45b28.js:1:14434
     - Sweet-Chilli Sauce: 1 × 19 = 19.00 page-4966190e7ca45b28.js:1:14434
     - Soft Drink 300ml: 6 × 11.646 = 69.88 page-4966190e7ca45b28.js:1:14434
     - Liqui Fruit Can 300ml: 7 × 10.417 = 72.92 page-4966190e7ca45b28.js:1:14434
     - Liqui Fruit 1L: 1 × 22.917 = 22.92 page-4966190e7ca45b28.js:1:14434
     - Ice-Tea 500ml: 3 × 16.5 = 49.50 page-4966190e7ca45b28.js:1:14434
     - Kingsize 300ml: 3 × 7.396 = 22.19 page-4966190e7ca45b28.js:1:14434
     - Still Water 500ml: 1 × 4.167 = 4.17 page-4966190e7ca45b28.js:1:14434
     - Sparkling Water 500ml: 1 × 6.417 = 6.42 page-4966190e7ca45b28.js:1:14434
     - Emahewu 1L: 1 × 14.2 = 14.20 page-4966190e7ca45b28.js:1:14434
     - Soft Drink 1L: 3 × 16.375 = 49.13 page-4966190e7ca45b28.js:1:14434
     - Soft Drink 2L: 2 × 23.667 = 47.33 page-4966190e7ca45b28.js:1:14434
     - Red-Bull 250ml: 1 × 16.458 = 16.46 page-4966190e7ca45b28.js:1:14434
     - Sparkling Water 1.5l: 2 × 10.833 = 21.67 page-4966190e7ca45b28.js:1:14434
     SUBTOTAL: 3227.11 page-4966190e7ca45b28.js:1:14530
  5343. DL-00450 (2026-02-16T00:00:00.000Z): page-4966190e7ca45b28.js:1:14168
     - Brown Sugar: 0.75 × 17.8 = 13.35 page-4966190e7ca45b28.js:1:14434
     - Chicken Breast: 1.25 × 45.11 = 56.39 page-4966190e7ca45b28.js:1:14434
     - Cheese Slice: 9 × 3.056 = 27.50 page-4966190e7ca45b28.js:1:14434
     - Jacobs Sachets: 1 × 4.25 = 4.25 page-4966190e7ca45b28.js:1:14434
     - Lettuce: 2 × 5 = 10.00 page-4966190e7ca45b28.js:1:14434
     - Red Onion: 0.2 × 25 = 5.00 page-4966190e7ca45b28.js:1:14434
     - Tomatoes: 0.8 × 19.995 = 16.00 page-4966190e7ca45b28.js:1:14434
     - Eggs: 8 × 1.917 = 15.34 page-4966190e7ca45b28.js:1:14434
     - Cucumber: 1 × 14.99 = 14.99 page-4966190e7ca45b28.js:1:14434
     - White Bread: 2 × 14.59 = 29.18 page-4966190e7ca45b28.js:1:14434
     - Brown Bread: 2 × 16.29 = 32.58 page-4966190e7ca45b28.js:1:14434
     - Mayonnaise: 0.2 × 55.5 = 11.10 page-4966190e7ca45b28.js:1:14434
     - Liqui Fruit Can 300ml: 1 × 10.417 = 10.42 page-4966190e7ca45b28.js:1:14434
     - Beef Stewing: 2 × 108.69 = 217.38 page-4966190e7ca45b28.js:1:14434
     - Five Roses Tea: 3 × 0.64 = 1.92 page-4966190e7ca45b28.js:1:14434
     - Rooibos Tea: 6 × 0.475 = 2.85 page-4966190e7ca45b28.js:1:14434
     - Umcenge Milk 500ML: 1 × 23 = 23.00 page-4966190e7ca45b28.js:1:14434
     - Soft Drink 300ml: 3 × 11.646 = 34.94 page-4966190e7ca45b28.js:1:14434
     - Still Water 500ml: 2 × 4.167 = 8.33 page-4966190e7ca45b28.js:1:14434
     SUBTOTAL: 534.51 page-4966190e7ca45b28.js:1:14530
  5344. DL-00439 (2026-02-16T00:00:00.000Z): page-4966190e7ca45b28.js:1:14168
     - Jelly: 0.16 × 118.75 = 19.00 page-4966190e7ca45b28.js:1:14434
     - Yoghurt Bliss 150g: 3 × 14.49 = 43.47 page-4966190e7ca45b28.js:1:14434
     - Liqui Fruit Can 300ml: 1 × 10.417 = 10.42 page-4966190e7ca45b28.js:1:14434
     - Red Apples: 1.5 × 33.327 = 49.99 page-4966190e7ca45b28.js:1:14434
     - Yoghurt 1kg f/cream: 3 × 54.99 = 164.97 page-4966190e7ca45b28.js:1:14434
     - Tennis Biscuits 200g: 4 × 27.99 = 111.96 page-4966190e7ca45b28.js:1:14434
     - Ultra-mel: 2 × 47.99 = 95.98 page-4966190e7ca45b28.js:1:14434
     - Strawberries: 0.25 × 239.96 = 59.99 page-4966190e7ca45b28.js:1:14434
     - Edible Flowers 20g : 1 × 24.99 = 24.99 page-4966190e7ca45b28.js:1:14434
     - Plain Yoghurt 150G: 2 × 11.83 = 23.66 page-4966190e7ca45b28.js:1:14434
     SUBTOTAL: 604.43 page-4966190e7ca45b28.js:1:14530
  5345. DL-00464 (2026-02-16T00:00:00.000Z): page-4966190e7ca45b28.js:1:14168
     - Brown Bread: 2 × 14.19 = 28.38 page-4966190e7ca45b28.js:1:14434
     - White Bread: 2 × 15.916 = 31.83 page-4966190e7ca45b28.js:1:14434
     - Rooibos Tea: 10 × 0.475 = 4.75 page-4966190e7ca45b28.js:1:14434
     - Umcenge Milk: 1 × 18.333 = 18.33 page-4966190e7ca45b28.js:1:14434
     - Sihlobo Rice: 3 × 10.476 = 31.43 page-4966190e7ca45b28.js:1:14434
     - Chicken: 6.36 × 45.105 = 286.87 page-4966190e7ca45b28.js:1:14434
     - Tissue: 5 × 4.896 = 24.48 page-4966190e7ca45b28.js:1:14434
     - Mop Caps: 1 × 30 = 30.00 page-4966190e7ca45b28.js:1:14434
     - Cheese Slice: 30 × 3.056 = 91.68 page-4966190e7ca45b28.js:1:14434
     - Lettuce: 3 × 5 = 15.00 page-4966190e7ca45b28.js:1:14434
     - Aprons: 1 × 38 = 38.00 page-4966190e7ca45b28.js:1:14434
     - Umndeni Beans: 0.5 × 30.4 = 15.20 page-4966190e7ca45b28.js:1:14434
     SUBTOTAL: 615.95 page-4966190e7ca45b28.js:1:14530
  5346. DL-00447 (2026-02-16T00:00:00.000Z): page-4966190e7ca45b28.js:1:14168
     - Top Score Maize Meal: 25 × 13.2 = 330.00 page-4966190e7ca45b28.js:1:14434
     - Beef Stewing: 40.52 × 108.69 = 4404.12 page-4966190e7ca45b28.js:1:14434
     - Carrots: 4 × 6.598 = 26.39 page-4966190e7ca45b28.js:1:14434
     - Onion: 4 × 7.5 = 30.00 page-4966190e7ca45b28.js:1:14434
     - Butternut: 20 × 7 = 140.00 page-4966190e7ca45b28.js:1:14434
     - Chicken: 8.75 × 45.105 = 394.67 page-4966190e7ca45b28.js:1:14434
     - FOMO 40: 13 × 0.66 = 8.58 page-4966190e7ca45b28.js:1:14434
     - Dish Wash: 2 × 12.32 = 24.64 page-4966190e7ca45b28.js:1:14434
     - Cabbage: 11 × 14 = 154.00 page-4966190e7ca45b28.js:1:14434
     - Country Mix: 1 × 62.775 = 62.77 page-4966190e7ca45b28.js:1:14434
     - Domestos 750ml : 1 × 42.667 = 42.67 page-4966190e7ca45b28.js:1:14434
     - Salt: 1 × 6.7 = 6.70 page-4966190e7ca45b28.js:1:14434
     - Rajah (Medium): 0.1 × 200 = 20.00 page-4966190e7ca45b28.js:1:14434
     - Refuse Bag Roll: 1 × 27.9 = 27.90 page-4966190e7ca45b28.js:1:14434
     - Plastic Spoons : 100 × 0.144 = 14.40 page-4966190e7ca45b28.js:1:14434
     - Sun Sun Cooking Oil: 2 × 30.5 = 61.00 page-4966190e7ca45b28.js:1:14434
     - Red Pepper: 0.2 × 58.14 = 11.63 page-4966190e7ca45b28.js:1:14434
     - Chicken Stock: 1.2 × 120.792 = 144.95 page-4966190e7ca45b28.js:1:14434
     - Cake Flour: 1 × 14.16 = 14.16 page-4966190e7ca45b28.js:1:14434
     - Soup: 3.1 × 4.2 = 13.02 page-4966190e7ca45b28.js:1:14434
     - Beef Stock Cubes 240g: 0.24 × 27.99 = 6.72 page-4966190e7ca45b28.js:1:14434
     - Red Cabbage: 1.5 × 15.19 = 22.79 page-4966190e7ca45b28.js:1:14434
     - Mayonnaise: 6.55 × 55.5 = 363.52 page-4966190e7ca45b28.js:1:14434
     - Mask: 8 × 0.5 = 4.00 page-4966190e7ca45b28.js:1:14434
     - Fomo 5: 4 × 0.308 = 1.23 page-4966190e7ca45b28.js:1:14434
     - Still Water 500ml: 2 × 4.167 = 8.33 page-4966190e7ca45b28.js:1:14434
     - Apple: 0.2 × 24.66 = 4.93 page-4966190e7ca45b28.js:1:14434
     SUBTOTAL: 6343.13 page-4966190e7ca45b28.js:1:14530
  5347. DL-00456 (2026-02-16T00:00:00.000Z): page-4966190e7ca45b28.js:1:14168
     - Eggs: 6 × 1.917 = 11.50 page-4966190e7ca45b28.js:1:14434
     - Self Raising Flour: 2.5 × 16 = 40.00 page-4966190e7ca45b28.js:1:14434
     - Clover Milk: 1 × 19.67 = 19.67 page-4966190e7ca45b28.js:1:14434
     - Romi: 0.5 × 23.533 = 11.77 page-4966190e7ca45b28.js:1:14434
     - Brown Sugar: 0.45 × 17.8 = 8.01 page-4966190e7ca45b28.js:1:14434
     - Vinegar Sachet: 2 × 0.158 = 0.32 page-4966190e7ca45b28.js:1:14434
     - Tomato Sauce Sachet: 4 × 0.152 = 0.61 page-4966190e7ca45b28.js:1:14434
     - Soft Drink 1L: 1 × 16.375 = 16.38 page-4966190e7ca45b28.js:1:14434
     SUBTOTAL: 108.25 page-4966190e7ca45b28.js:1:14530
  5348. DL-00455 (2026-02-16T00:00:00.000Z): page-4966190e7ca45b28.js:1:14168
     - Chicken: 28.95 × 45.105 = 1305.79 page-4966190e7ca45b28.js:1:14434
     - Sihlobo Rice: 25 × 10.476 = 261.90 page-4966190e7ca45b28.js:1:14434
     - Carrots: 3.7 × 6.598 = 24.41 page-4966190e7ca45b28.js:1:14434
     - Onion: 3.85 × 7.5 = 28.88 page-4966190e7ca45b28.js:1:14434
     - Cake Flour: 1.15 × 14.16 = 16.28 page-4966190e7ca45b28.js:1:14434
     - FOMO 40: 5 × 0.66 = 3.30 page-4966190e7ca45b28.js:1:14434
     - Dish Wash: 4 × 12.32 = 49.28 page-4966190e7ca45b28.js:1:14434
     - Fomo 5: 1 × 0.308 = 0.31 page-4966190e7ca45b28.js:1:14434
     - Exotic Paprika: 1 × 124 = 124.00 page-4966190e7ca45b28.js:1:14434
     - Soup: 3.1 × 4.2 = 13.02 page-4966190e7ca45b28.js:1:14434
     - Spice Mix: 0.4 × 70 = 28.00 page-4966190e7ca45b28.js:1:14434
     - Chicken Stock: 0.6 × 120.792 = 72.48 page-4966190e7ca45b28.js:1:14434
     - Rajah (Medium): 0.1 × 200 = 20.00 page-4966190e7ca45b28.js:1:14434
     SUBTOTAL: 1947.64 page-4966190e7ca45b28.js:1:14530
  5349. DL-00441 (2026-02-16T00:00:00.000Z): page-4966190e7ca45b28.js:1:14168
     - Sihlobo Rice: 25 × 10.476 = 261.90 page-4966190e7ca45b28.js:1:14434
     - Chicken: 70.5 × 45.105 = 3179.90 page-4966190e7ca45b28.js:1:14434
     - Carrots: 21.2 × 6.598 = 139.88 page-4966190e7ca45b28.js:1:14434
     - Onion: 3.25 × 7.5 = 24.38 page-4966190e7ca45b28.js:1:14434
     - Cabbage: 10 × 14 = 140.00 page-4966190e7ca45b28.js:1:14434
     - FOMO 40: 2 × 0.66 = 1.32 page-4966190e7ca45b28.js:1:14434
     - Dish Wash: 2.65 × 12.32 = 32.65 page-4966190e7ca45b28.js:1:14434
     - Soup: 3.34 × 4.2 = 14.03 page-4966190e7ca45b28.js:1:14434
     - Sweet-Chilli Sauce: 1 × 19 = 19.00 page-4966190e7ca45b28.js:1:14434
     - Tomato Sauce: 4 × 9.4 = 37.60 page-4966190e7ca45b28.js:1:14434
     - Sun Sun Cooking Oil: 2 × 30.5 = 61.00 page-4966190e7ca45b28.js:1:14434
     - Red Cabbage: 1 × 15.19 = 15.19 page-4966190e7ca45b28.js:1:14434
     - Mayonnaise: 4.5 × 55.5 = 249.75 page-4966190e7ca45b28.js:1:14434
     SUBTOTAL: 4176.59 page-4966190e7ca45b28.js:1:14530
  5350. DL-00416 (2026-02-15T00:00:00.000Z): page-4966190e7ca45b28.js:1:14168
     - Brown Bread: 12 × 14.19 = 170.28 page-4966190e7ca45b28.js:1:14434
     - White Sugar: 1 × 19.4 = 19.40 page-4966190e7ca45b28.js:1:14434
     - Top Score Maize Meal: 6.2 × 13.2 = 81.84 page-4966190e7ca45b28.js:1:14434
     - Emabele: 5.5 × 16 = 88.00 page-4966190e7ca45b28.js:1:14434
     - Clover Milk: 1 × 19.67 = 19.67 page-4966190e7ca45b28.js:1:14434
     - Brown Sugar: 2 × 17.8 = 35.60 page-4966190e7ca45b28.js:1:14434
     - Jungle Oats: 0.5 × 38 = 19.00 page-4966190e7ca45b28.js:1:14434
     - FOMO Cups 250ml: 91 × 0.34 = 30.94 page-4966190e7ca45b28.js:1:14434
     - FOMO Cups 350ml: 2 × 0.64 = 1.28 page-4966190e7ca45b28.js:1:14434
     - Fomo Tubs: 30 × 0.998 = 29.94 page-4966190e7ca45b28.js:1:14434
     - FOMO 6: 106 × 0.312 = 33.07 page-4966190e7ca45b28.js:1:14434
     - Cooking Oil: 2 × 32.5 = 65.00 page-4966190e7ca45b28.js:1:14434
     - Rooibos Tea: 70 × 0.475 = 33.25 page-4966190e7ca45b28.js:1:14434
     - Umcenge Milk: 4 × 18.333 = 73.33 page-4966190e7ca45b28.js:1:14434
     SUBTOTAL: 700.60 page-4966190e7ca45b28.js:1:14530
  5351. DL-00421 (2026-02-15T00:00:00.000Z): page-4966190e7ca45b28.js:1:14168
     - Brown Sugar: 0.75 × 17.8 = 13.35 page-4966190e7ca45b28.js:1:14434
     - Chicken: 1.85 × 45.105 = 83.44 page-4966190e7ca45b28.js:1:14434
     - Brown Bread: 1 × 16.29 = 16.29 page-4966190e7ca45b28.js:1:14434
     - White Bread: 2 × 14.59 = 29.18 page-4966190e7ca45b28.js:1:14434
     - Five Roses Tea: 2 × 0.64 = 1.28 page-4966190e7ca45b28.js:1:14434
     - Rooibos Tea: 4 × 0.475 = 1.90 page-4966190e7ca45b28.js:1:14434
     - Cheese Slice: 4 × 3.056 = 12.22 page-4966190e7ca45b28.js:1:14434
     - Eggs: 2 × 1.917 = 3.83 page-4966190e7ca45b28.js:1:14434
     - Umcenge Milk 500ML: 0.5 × 23 = 11.50 page-4966190e7ca45b28.js:1:14434
     SUBTOTAL: 173.00 page-4966190e7ca45b28.js:1:14530
  5352. DL-00423 (2026-02-15T00:00:00.000Z): page-4966190e7ca45b28.js:1:14168
     - Custard: 1 × 19 = 19.00 page-4966190e7ca45b28.js:1:14434
     - Marie  buscuits 135g: 3 × 18.083 = 54.25 page-4966190e7ca45b28.js:1:14434
     - FOMO Cups 250ml: 125 × 0.34 = 42.50 page-4966190e7ca45b28.js:1:14434
     - Umcenge Milk: 2 × 18.333 = 36.67 page-4966190e7ca45b28.js:1:14434
     - Brown Sugar: 1 × 17.8 = 17.80 page-4966190e7ca45b28.js:1:14434
     SUBTOTAL: 170.22 page-4966190e7ca45b28.js:1:14530
  5353. DL-00415 (2026-02-15T00:00:00.000Z): page-4966190e7ca45b28.js:1:14168
     - Jungle Oats: 12 × 38 = 456.00 page-4966190e7ca45b28.js:1:14434
     - Top Score Maize Meal: 0.5 × 13.2 = 6.60 page-4966190e7ca45b28.js:1:14434
     - Romi: 0.5 × 23.533 = 11.77 page-4966190e7ca45b28.js:1:14434
     - Nespray 1.8kg : 1 × 314.99 = 314.99 page-4966190e7ca45b28.js:1:14434
     SUBTOTAL: 789.36 page-4966190e7ca45b28.js:1:14530
  5354. DL-00414 (2026-02-15T00:00:00.000Z): page-4966190e7ca45b28.js:1:14168
     - Umcenge Milk: 1 × 18.333 = 18.33 page-4966190e7ca45b28.js:1:14434
     - Five Roses Tea: 20 × 0.64 = 12.80 page-4966190e7ca45b28.js:1:14434
     - Rooibos Tea: 10 × 0.475 = 4.75 page-4966190e7ca45b28.js:1:14434
     - Brown Sugar: 1 × 17.8 = 17.80 page-4966190e7ca45b28.js:1:14434
     SUBTOTAL: 53.68 page-4966190e7ca45b28.js:1:14530
  5355. DL-00426 (2026-02-15T00:00:00.000Z): page-4966190e7ca45b28.js:1:14168
     - Emasi Enkhomo: 37 × 17.5 = 647.50 page-4966190e7ca45b28.js:1:14434
     - Top Score Maize Meal: 12 × 13.2 = 158.40 page-4966190e7ca45b28.js:1:14434
     - Onion: 4 × 7.5 = 30.00 page-4966190e7ca45b28.js:1:14434
     - Potatoes: 4 × 8.5 = 34.00 page-4966190e7ca45b28.js:1:14434
     - Carrots: 2 × 6.598 = 13.20 page-4966190e7ca45b28.js:1:14434
     - Cabbage: 1 × 14 = 14.00 page-4966190e7ca45b28.js:1:14434
     - Fomo Tubs: 5 × 0.998 = 4.99 page-4966190e7ca45b28.js:1:14434
     - Plastic Spoons : 150 × 0.144 = 21.60 page-4966190e7ca45b28.js:1:14434
     - Liqui Fruit Can 300ml: 2 × 10.417 = 20.83 page-4966190e7ca45b28.js:1:14434
     - Sihlobo Rice: 2 × 10.476 = 20.95 page-4966190e7ca45b28.js:1:14434
     - FOMO 6: 120 × 0.312 = 37.44 page-4966190e7ca45b28.js:1:14434
     SUBTOTAL: 1002.91 page-4966190e7ca45b28.js:1:14530
  5356. DL-00435 (2026-02-15T00:00:00.000Z): page-4966190e7ca45b28.js:1:14168
     - Brown Bread: 1 × 16.29 = 16.29 page-4966190e7ca45b28.js:1:14434
     - White Bread: 1 × 14.59 = 14.59 page-4966190e7ca45b28.js:1:14434
     SUBTOTAL: 30.88 page-4966190e7ca45b28.js:1:14530
  5357. DL-00434 (2026-02-15T00:00:00.000Z): page-4966190e7ca45b28.js:1:14168
     - Yeast 10g: 0.03 × 3.43 = 0.10 page-4966190e7ca45b28.js:1:14434
     - Cake Flour: 4.2 × 14.16 = 59.47 page-4966190e7ca45b28.js:1:14434
     - Brown Sugar: 0.75 × 17.8 = 13.35 page-4966190e7ca45b28.js:1:14434
     - Eggs: 6 × 1.917 = 11.50 page-4966190e7ca45b28.js:1:14434
     - Cheese Slice: 6 × 3.056 = 18.34 page-4966190e7ca45b28.js:1:14434
     - Ham: 0.5 × 112.995 = 56.50 page-4966190e7ca45b28.js:1:14434
     - FOMO 73: 1 × 0.368 = 0.37 page-4966190e7ca45b28.js:1:14434
     - Nik-Naks 50g: 5 × 5.583 = 27.91 page-4966190e7ca45b28.js:1:14434
     - Ellis Brown Sachets 4g: 4 × 1.19 = 4.76 page-4966190e7ca45b28.js:1:14434
     - Jacobs Sachets: 4 × 4.25 = 17.00 page-4966190e7ca45b28.js:1:14434
     - Chicken: 4.8 × 45.105 = 216.50 page-4966190e7ca45b28.js:1:14434
     - Hake Fillet: 0.2 × 144.336 = 28.87 page-4966190e7ca45b28.js:1:14434
     - Tastic Rice: 1 × 18.4 = 18.40 page-4966190e7ca45b28.js:1:14434
     - Feta Cheese: 1 × 181.333 = 181.33 page-4966190e7ca45b28.js:1:14434
     - Onion: 1 × 7.5 = 7.50 page-4966190e7ca45b28.js:1:14434
     - Cucumber: 1 × 14.99 = 14.99 page-4966190e7ca45b28.js:1:14434
     - Lettuce: 3 × 5 = 15.00 page-4966190e7ca45b28.js:1:14434
     - FOMO 40: 75.001 × 0.66 = 49.50 page-4966190e7ca45b28.js:1:14434
     - FOMO 6: 125 × 0.312 = 39.00 page-4966190e7ca45b28.js:1:14434
     - Tomato Sauce Sachet: 400 × 0.152 = 60.80 page-4966190e7ca45b28.js:1:14434
     - Kingsize 300ml: 6 × 7.396 = 44.38 page-4966190e7ca45b28.js:1:14434
     - Soft Drink 1L: 1 × 16.375 = 16.38 page-4966190e7ca45b28.js:1:14434
     - Carrots: 1 × 6.598 = 6.60 page-4966190e7ca45b28.js:1:14434
     - Chicken Stock: 0.24 × 120.792 = 28.99 page-4966190e7ca45b28.js:1:14434
     - White Bread: 2 × 14.59 = 29.18 page-4966190e7ca45b28.js:1:14434
     SUBTOTAL: 966.72 page-4966190e7ca45b28.js:1:14530
  5358. DL-00420 (2026-02-15T00:00:00.000Z): page-4966190e7ca45b28.js:1:14168
     - Brown Bread: 2 × 16.29 = 32.58 page-4966190e7ca45b28.js:1:14434
     - Russian: 0.2 × 101.5 = 20.30 page-4966190e7ca45b28.js:1:14434
     - Eggs: 5 × 1.917 = 9.59 page-4966190e7ca45b28.js:1:14434
     - Cheese Slice: 5 × 3.056 = 15.28 page-4966190e7ca45b28.js:1:14434
     - Brown Sugar: 1.96 × 17.8 = 34.89 page-4966190e7ca45b28.js:1:14434
     - Chicken: 3.56 × 48.5 = 172.66 page-4966190e7ca45b28.js:1:14434
     - Onion: 2 × 7.5 = 15.00 page-4966190e7ca45b28.js:1:14434
     - Potatoes: 3.75 × 8.5 = 31.88 page-4966190e7ca45b28.js:1:14434
     - Carrots: 1 × 6.598 = 6.60 page-4966190e7ca45b28.js:1:14434
     - Fomo 5: 10 × 0.308 = 3.08 page-4966190e7ca45b28.js:1:14434
     - FOMO Cups 350ml: 27 × 0.64 = 17.28 page-4966190e7ca45b28.js:1:14434
     - FOMO 40: 25 × 0.66 = 16.50 page-4966190e7ca45b28.js:1:14434
     - Umcenge Milk: 1 × 18.333 = 18.33 page-4966190e7ca45b28.js:1:14434
     - Sihlobo Rice: 1 × 10.476 = 10.48 page-4966190e7ca45b28.js:1:14434
     - Cabbage: 1 × 18 = 18.00 page-4966190e7ca45b28.js:1:14434
     - Top Class Aromat: 0.4 × 73 = 29.20 page-4966190e7ca45b28.js:1:14434
     - White Bread: 1 × 15.916 = 15.92 page-4966190e7ca45b28.js:1:14434
     - Plastic Spoons : 25 × 0.144 = 3.60 page-4966190e7ca45b28.js:1:14434
     SUBTOTAL: 471.15 page-4966190e7ca45b28.js:1:14530
  5359. DL-00419 (2026-02-15T00:00:00.000Z): page-4966190e7ca45b28.js:1:14168
     - Umcenge Milk: 1 × 18.333 = 18.33 page-4966190e7ca45b28.js:1:14434
     - Sihlobo Rice: 1.5 × 10.476 = 15.71 page-4966190e7ca45b28.js:1:14434
     - Hake zero: 1.31 × 67.797 = 88.81 page-4966190e7ca45b28.js:1:14434
     - Tissue: 3 × 4.896 = 14.69 page-4966190e7ca45b28.js:1:14434
     - Lettuce: 3 × 5 = 15.00 page-4966190e7ca45b28.js:1:14434
     - Rooibos Tea: 10 × 0.475 = 4.75 page-4966190e7ca45b28.js:1:14434
     - Brown Bread: 1 × 14.59 = 14.59 page-4966190e7ca45b28.js:1:14434
     - Plastic Spoons : 20 × 0.144 = 2.88 page-4966190e7ca45b28.js:1:14434
     - White Bread: 2 × 15.916 = 31.83 page-4966190e7ca45b28.js:1:14434
     SUBTOTAL: 206.60 page-4966190e7ca45b28.js:1:14530
  5360. DL-00429 (2026-02-15T00:00:00.000Z): page-4966190e7ca45b28.js:1:14168
     - Liqui Fruit Can 300ml: 1 × 10.417 = 10.42 page-4966190e7ca45b28.js:1:14434
     - Soft Drink 1L: 1 × 16.375 = 16.38 page-4966190e7ca45b28.js:1:14434
     SUBTOTAL: 26.79 page-4966190e7ca45b28.js:1:14530
  5361. DL-00422 (2026-02-15T00:00:00.000Z): page-4966190e7ca45b28.js:1:14168
     - Sihlobo Rice: 8.5 × 10.476 = 89.05 page-4966190e7ca45b28.js:1:14434
     - Top Score Maize Meal: 0.73 × 13.2 = 9.64 page-4966190e7ca45b28.js:1:14434
     - Top Class Aromat: 0.4 × 73 = 29.20 page-4966190e7ca45b28.js:1:14434
     - Hake zero: 14.37 × 67.797 = 974.24 page-4966190e7ca45b28.js:1:14434
     - Lettuce: 15 × 5 = 75.00 page-4966190e7ca45b28.js:1:14434
     - Beetroot: 5 × 12 = 60.00 page-4966190e7ca45b28.js:1:14434
     - Onion: 4 × 7.5 = 30.00 page-4966190e7ca45b28.js:1:14434
     - Potatoes: 4 × 8.5 = 34.00 page-4966190e7ca45b28.js:1:14434
     - Carrots: 2 × 6.598 = 13.20 page-4966190e7ca45b28.js:1:14434
     - Refuse Bag Roll: 1 × 27.9 = 27.90 page-4966190e7ca45b28.js:1:14434
     - Exotic Lemon Herb: 1 × 83 = 83.00 page-4966190e7ca45b28.js:1:14434
     - Exotic Six 4 All: 1 × 83 = 83.00 page-4966190e7ca45b28.js:1:14434
     - Chicken Spice: 1 × 47 = 47.00 page-4966190e7ca45b28.js:1:14434
     - Chicken Stock: 1 × 120.792 = 120.79 page-4966190e7ca45b28.js:1:14434
     - Lemon juice: 1 × 35.5 = 35.50 page-4966190e7ca45b28.js:1:14434
     - Cooking Oil: 2 × 32.5 = 65.00 page-4966190e7ca45b28.js:1:14434
     - Cake Flour: 3.08 × 14.16 = 43.61 page-4966190e7ca45b28.js:1:14434
     - FOMO 6: 30 × 0.312 = 9.36 page-4966190e7ca45b28.js:1:14434
     - Dishwash Liquid: 1.5 × 12.32 = 18.48 page-4966190e7ca45b28.js:1:14434
     - Liqui Fruit Can 300ml: 2 × 10.417 = 20.83 page-4966190e7ca45b28.js:1:14434
     - Bleach: 1 × 9.28 = 9.28 page-4966190e7ca45b28.js:1:14434
     - Plastic Spoons : 150 × 0.144 = 21.60 page-4966190e7ca45b28.js:1:14434
     SUBTOTAL: 1899.68 page-4966190e7ca45b28.js:1:14530
  5362. DL-00427 (2026-02-15T00:00:00.000Z): page-4966190e7ca45b28.js:1:14168
     - Chicken Drumsticks: 5 × 58.96 = 294.80 page-4966190e7ca45b28.js:1:14434
     - Eggs: 30 × 1.917 = 57.51 page-4966190e7ca45b28.js:1:14434
     - Cheese Slice: 35 × 3.056 = 106.96 page-4966190e7ca45b28.js:1:14434
     - Chicken: 9.37 × 45.105 = 422.63 page-4966190e7ca45b28.js:1:14434
     - Sihlobo Rice: 3 × 10.476 = 31.43 page-4966190e7ca45b28.js:1:14434
     - FOMO 40: 35 × 0.66 = 23.10 page-4966190e7ca45b28.js:1:14434
     - FOMO Cups 250ml: 35 × 0.34 = 11.90 page-4966190e7ca45b28.js:1:14434
     - Plastic Spoons : 35 × 0.144 = 5.04 page-4966190e7ca45b28.js:1:14434
     - Cooking Oil: 2 × 32.5 = 65.00 page-4966190e7ca45b28.js:1:14434
     - Oros: 0.5 × 18.2 = 9.10 page-4966190e7ca45b28.js:1:14434
     - Cabbage: 1 × 14 = 14.00 page-4966190e7ca45b28.js:1:14434
     - Apple: 4.5 × 24.66 = 110.97 page-4966190e7ca45b28.js:1:14434
     - White Bread: 6 × 15.916 = 95.50 page-4966190e7ca45b28.js:1:14434
     SUBTOTAL: 1247.94 page-4966190e7ca45b28.js:1:14530
⚠️ Dispatch DL-00418 cost mismatch: stored=1281.64, itemSum=1019.74 page-4966190e7ca45b28.js:1:14033
  5363. DL-00418 (2026-02-15T00:00:00.000Z): page-4966190e7ca45b28.js:1:14168
     - Chicken: 71.5 × 48.5 = 48.50 page-4966190e7ca45b28.js:1:14434
     - Carrots: 1 × 6.598 = 6.60 page-4966190e7ca45b28.js:1:14434
     - Onion: 1 × 7.5 = 7.50 page-4966190e7ca45b28.js:1:14434
     - Cabbage: 1 × 18 = 18.00 page-4966190e7ca45b28.js:1:14434
     - Crown Six Gun: 1 × 81.5 = 81.50 page-4966190e7ca45b28.js:1:14434
     - Exotic Six 4 All: 1 × 83 = 83.00 page-4966190e7ca45b28.js:1:14434
     - Soup: 1 × 4.2 = 4.20 page-4966190e7ca45b28.js:1:14434
     - Chicken Stock: 1 × 110 = 110.00 page-4966190e7ca45b28.js:1:14434
     - Exotic Paprika: 1 × 124 = 124.00 page-4966190e7ca45b28.js:1:14434
     - Sweet-Chilli Sauce: 1 × 19 = 19.00 page-4966190e7ca45b28.js:1:14434
     - Tomato Sauce: 1 × 9.4 = 9.40 page-4966190e7ca45b28.js:1:14434
     - Cooking Oil: 1 × 32.5 = 32.50 page-4966190e7ca45b28.js:1:14434
     - Cake Flour: 1 × 14.16 = 14.16 page-4966190e7ca45b28.js:1:14434
     - Country Mix: 1 × 62.775 = 62.77 page-4966190e7ca45b28.js:1:14434
     - Hake Fillet: 1 × 155.2 = 155.20 page-4966190e7ca45b28.js:1:14434
     - Spice Mix: 1 × 70 = 70.00 page-4966190e7ca45b28.js:1:14434
     - Red Cabbage: 1 × 15.19 = 15.19 page-4966190e7ca45b28.js:1:14434
     - FOMO 40: 1 × 0.66 = 0.66 page-4966190e7ca45b28.js:1:14434
     - Dish Wash: 1 × 12.32 = 12.32 page-4966190e7ca45b28.js:1:14434
     - Refuse Bag Roll: 1 × 27.9 = 27.90 page-4966190e7ca45b28.js:1:14434
     - Domestos 750ml : 1 × 42.667 = 42.67 page-4966190e7ca45b28.js:1:14434
     - Airoma 250ml: 1 × 19.17 = 19.17 page-4966190e7ca45b28.js:1:14434
     - Mayonnaise: 1 × 55.5 = 55.50 page-4966190e7ca45b28.js:1:14434
     SUBTOTAL: 1281.64 page-4966190e7ca45b28.js:1:14530
  5364. DL-00428 (2026-02-15T00:00:00.000Z): page-4966190e7ca45b28.js:1:14168
     - Top Score Maize Meal: 1 × 13.2 = 13.20 page-4966190e7ca45b28.js:1:14434
     - Braai Wors: 1 × 90 = 90.00 page-4966190e7ca45b28.js:1:14434
     - Chicken: 1 × 45.105 = 45.10 page-4966190e7ca45b28.js:1:14434
     - Carrots: 1 × 6.598 = 6.60 page-4966190e7ca45b28.js:1:14434
     - Onion: 1 × 7.5 = 7.50 page-4966190e7ca45b28.js:1:14434
     - Cabbage: 1 × 14 = 14.00 page-4966190e7ca45b28.js:1:14434
     - Cooking Oil: 3 × 32.5 = 97.50 page-4966190e7ca45b28.js:1:14434
     - Soup: 1 × 4.2 = 4.20 page-4966190e7ca45b28.js:1:14434
     - Chicken Stock: 1 × 120.792 = 120.79 page-4966190e7ca45b28.js:1:14434
     - Cake Flour: 1 × 14.16 = 14.16 page-4966190e7ca45b28.js:1:14434
     - Spice Mix: 1 × 70 = 70.00 page-4966190e7ca45b28.js:1:14434
     - Koo Beans 410g: 1 × 14.167 = 14.17 page-4966190e7ca45b28.js:1:14434
     - Ruchi Tumeric: 1 × 93 = 93.00 page-4966190e7ca45b28.js:1:14434
     - Sunny Green Bar: 1 × 18.75 = 18.75 page-4966190e7ca45b28.js:1:14434
     - Plastic Spoons : 1 × 0.144 = 0.14 page-4966190e7ca45b28.js:1:14434
     - Cling Wrap: 1 × 300 = 300.00 page-4966190e7ca45b28.js:1:14434
     - FOMO 40: 1 × 0.66 = 0.66 page-4966190e7ca45b28.js:1:14434
     - Dish Wash: 1 × 12.32 = 12.32 page-4966190e7ca45b28.js:1:14434
     SUBTOTAL: 922.10 page-4966190e7ca45b28.js:1:14530
  5365. DL-00436 (2026-02-15T00:00:00.000Z): page-4966190e7ca45b28.js:1:14168
     - Pork Chops: 1 × 104.99 = 104.99 page-4966190e7ca45b28.js:1:14434
     - Beef Chuck: 2.2 × 121.73 = 267.81 page-4966190e7ca45b28.js:1:14434
     - Chicken: 3.2 × 45.105 = 144.34 page-4966190e7ca45b28.js:1:14434
     - Braai Wors: 1 × 90 = 90.00 page-4966190e7ca45b28.js:1:14434
     - Tastic Rice: 1 × 18.4 = 18.40 page-4966190e7ca45b28.js:1:14434
     - Top Score Maize Meal: 1 × 13.2 = 13.20 page-4966190e7ca45b28.js:1:14434
     - Lettuce: 4 × 5 = 20.00 page-4966190e7ca45b28.js:1:14434
     - Feta Cheese: 1 × 181.333 = 181.33 page-4966190e7ca45b28.js:1:14434
     - Koo Beans 410g: 3 × 14.167 = 42.50 page-4966190e7ca45b28.js:1:14434
     - Onion: 1 × 7.5 = 7.50 page-4966190e7ca45b28.js:1:14434
     - Carrots: 1 × 6.598 = 6.60 page-4966190e7ca45b28.js:1:14434
     - Green Pepper: 0.5 × 19.995 = 10.00 page-4966190e7ca45b28.js:1:14434
     - Red Pepper: 0.3 × 58.14 = 17.44 page-4966190e7ca45b28.js:1:14434
     - Yellow Pepper: 0.4 × 48.276 = 19.31 page-4966190e7ca45b28.js:1:14434
     - Tomatoes: 1 × 19.995 = 20.00 page-4966190e7ca45b28.js:1:14434
     - Still Water 500ml: 17 × 4.167 = 70.84 page-4966190e7ca45b28.js:1:14434
     - Budget Tubs 500ml: 100 × 0.67 = 67.00 page-4966190e7ca45b28.js:1:14434
     - Dishwash Liquid: 2.5 × 12.32 = 30.80 page-4966190e7ca45b28.js:1:14434
     SUBTOTAL: 1132.05 page-4966190e7ca45b28.js:1:14530
  5366. DL-00417 (2026-02-15T00:00:00.000Z): page-4966190e7ca45b28.js:1:14168
     - Brown Bread: 25 × 14.19 = 354.75 page-4966190e7ca45b28.js:1:14434
     - Lettuce: 7 × 5 = 35.00 page-4966190e7ca45b28.js:1:14434
     - Cheese Slice: 244 × 3.056 = 745.66 page-4966190e7ca45b28.js:1:14434
     - Tomatoes: 5.65 × 24.064 = 135.96 page-4966190e7ca45b28.js:1:14434
     - Five Roses Tea: 30 × 0.64 = 19.20 page-4966190e7ca45b28.js:1:14434
     - Rooibos Tea: 80 × 0.475 = 38.00 page-4966190e7ca45b28.js:1:14434
     - Sunny Milk: 6 × 16.667 = 100.00 page-4966190e7ca45b28.js:1:14434
     SUBTOTAL: 1428.58 page-4966190e7ca45b28.js:1:14530
  5367. DL-00437 (2026-02-15T00:00:00.000Z): page-4966190e7ca45b28.js:1:14168
     - Makhaya Chicken: 2 × 100 = 200.00 page-4966190e7ca45b28.js:1:14434
     - Chicken: 3.2 × 45.105 = 144.34 page-4966190e7ca45b28.js:1:14434
     - Tastic Rice: 1 × 18.4 = 18.40 page-4966190e7ca45b28.js:1:14434
     - Hake Fillet: 0.3 × 144.336 = 43.30 page-4966190e7ca45b28.js:1:14434
     - Self Raising Flour: 1 × 16 = 16.00 page-4966190e7ca45b28.js:1:14434
     - Eggs: 5 × 1.917 = 9.59 page-4966190e7ca45b28.js:1:14434
     - Rama: 0.5 × 52.667 = 26.33 page-4966190e7ca45b28.js:1:14434
     - Carrots: 1 × 6.598 = 6.60 page-4966190e7ca45b28.js:1:14434
     - Cabbage: 1 × 14 = 14.00 page-4966190e7ca45b28.js:1:14434
     - Brocolli: 1 × 32.99 = 32.99 page-4966190e7ca45b28.js:1:14434
     - Cauliflower: 1 × 29.99 = 29.99 page-4966190e7ca45b28.js:1:14434
     - Top Score Maize Meal: 0.55 × 13.2 = 7.26 page-4966190e7ca45b28.js:1:14434
     - Liqui Fruit Can 300ml: 13 × 10.417 = 135.42 page-4966190e7ca45b28.js:1:14434
     - Krush 200ML: 2 × 7.167 = 14.33 page-4966190e7ca45b28.js:1:14434
     - Still Water 500ml: 6 × 4.167 = 25.00 page-4966190e7ca45b28.js:1:14434
     SUBTOTAL: 723.55 page-4966190e7ca45b28.js:1:14530
  5368. DL-00438 (2026-02-15T00:00:00.000Z): page-4966190e7ca45b28.js:1:14168
     - Chicken: 3 × 45.105 = 135.31 page-4966190e7ca45b28.js:1:14434
     - Pork Chops: 1 × 104.99 = 104.99 page-4966190e7ca45b28.js:1:14434
     - Pork Sliced: 0.3 × 80 = 24.00 page-4966190e7ca45b28.js:1:14434
     - Umcenge Milk: 1 × 18.333 = 18.33 page-4966190e7ca45b28.js:1:14434
     - Top Score Maize Meal: 0.6 × 13.2 = 7.92 page-4966190e7ca45b28.js:1:14434
     - Eggs: 4 × 1.917 = 7.67 page-4966190e7ca45b28.js:1:14434
     - Cheese Slice: 6 × 3.056 = 18.34 page-4966190e7ca45b28.js:1:14434
     - White Bread: 1 × 14.59 = 14.59 page-4966190e7ca45b28.js:1:14434
     - Lucky Star 215g: 3 × 0 = 0.00 page-4966190e7ca45b28.js:1:14434
     - Spaghetti: 2 × 33.6 = 67.20 page-4966190e7ca45b28.js:1:14434
     - Beef Chuck: 0.4 × 121.73 = 48.69 page-4966190e7ca45b28.js:1:14434
     SUBTOTAL: 447.04 page-4966190e7ca45b28.js:1:14530
  5369. DL-00443 (2026-02-15T00:00:00.000Z): page-4966190e7ca45b28.js:1:14168
     - Brown Bread: 1 × 14.19 = 14.19 page-4966190e7ca45b28.js:1:14434
     - White Bread: 1 × 15.91 = 15.91 page-4966190e7ca45b28.js:1:14434
     - Yeast 10g: 0.02 × 3.43 = 0.07 page-4966190e7ca45b28.js:1:14434
     - Cheese Slice: 5 × 3.056 = 15.28 page-4966190e7ca45b28.js:1:14434
     - Rama: 0.5 × 52.667 = 26.33 page-4966190e7ca45b28.js:1:14434
     - Eggs: 5 × 1.917 = 9.59 page-4966190e7ca45b28.js:1:14434
     - Ham: 0.5 × 112.995 = 56.50 page-4966190e7ca45b28.js:1:14434
     - Cake Flour: 3.5 × 14.16 = 49.56 page-4966190e7ca45b28.js:1:14434
     - Jacobs Sachets: 5 × 4.25 = 21.25 page-4966190e7ca45b28.js:1:14434
     - Ellis Brown Sachets 4g: 6 × 1.19 = 7.14 page-4966190e7ca45b28.js:1:14434
     - Chicken: 4.7 × 45.105 = 211.99 page-4966190e7ca45b28.js:1:14434
     - Tastic Rice: 1.5 × 18.4 = 27.60 page-4966190e7ca45b28.js:1:14434
     - Koo Beans 410g: 1 × 14.167 = 14.17 page-4966190e7ca45b28.js:1:14434
     - Lettuce: 2 × 5 = 10.00 page-4966190e7ca45b28.js:1:14434
     - Cabbage: 1 × 14 = 14.00 page-4966190e7ca45b28.js:1:14434
     - Rajah (Hot): 0.1 × 32.7 = 3.27 page-4966190e7ca45b28.js:1:14434
     - Onion: 1 × 7.5 = 7.50 page-4966190e7ca45b28.js:1:14434
     - Carrots: 1 × 6.598 = 6.60 page-4966190e7ca45b28.js:1:14434
     - FOMO 40: 75 × 0.66 = 49.50 page-4966190e7ca45b28.js:1:14434
     - Salt: 1 × 6.7 = 6.70 page-4966190e7ca45b28.js:1:14434
     - Liqui Fruit Can 300ml: 4 × 10.417 = 41.67 page-4966190e7ca45b28.js:1:14434
     - Kingsize 300ml: 6 × 7.396 = 44.38 page-4966190e7ca45b28.js:1:14434
     SUBTOTAL: 653.19 page-4966190e7ca45b28.js:1:14530
  5370. DL-00430 (2026-02-15T00:00:00.000Z): page-4966190e7ca45b28.js:1:14168
     - Pears: 1 × 25.327 = 25.33 page-4966190e7ca45b28.js:1:14434
     - Banana: 1 × 12.103 = 12.10 page-4966190e7ca45b28.js:1:14434
     SUBTOTAL: 37.43 page-4966190e7ca45b28.js:1:14530
  5371. DL-00432 (2026-02-14T00:00:00.000Z): page-4966190e7ca45b28.js:1:14168
     - Chicken: 5.7 × 45.105 = 257.10 page-4966190e7ca45b28.js:1:14434
     - Eggs: 5 × 1.917 = 9.59 page-4966190e7ca45b28.js:1:14434
     - Cheese Slice: 5 × 3.056 = 15.28 page-4966190e7ca45b28.js:1:14434
     - Umcenge Milk: 1 × 18.333 = 18.33 page-4966190e7ca45b28.js:1:14434
     - Braai Wors: 3 × 90 = 270.00 page-4966190e7ca45b28.js:1:14434
     - Tastic Rice: 1 × 18.4 = 18.40 page-4966190e7ca45b28.js:1:14434
     - Soft Drink 2L: 1 × 23.667 = 23.67 page-4966190e7ca45b28.js:1:14434
     - Brown Sugar: 1 × 17.8 = 17.80 page-4966190e7ca45b28.js:1:14434
     SUBTOTAL: 630.16 page-4966190e7ca45b28.js:1:14530
  5372. DL-00413 (2026-02-14T00:00:00.000Z): page-4966190e7ca45b28.js:1:14168
     - Chicken: 7.8 × 48.5 = 378.30 page-4966190e7ca45b28.js:1:14434
     - Sihlobo Rice: 3 × 10.476 = 31.43 page-4966190e7ca45b28.js:1:14434
     - Butternut: 5 × 7 = 35.00 page-4966190e7ca45b28.js:1:14434
     - FOMO 40: 35 × 0.66 = 23.10 page-4966190e7ca45b28.js:1:14434
     - Plastic Spoons : 35 × 0.144 = 5.04 page-4966190e7ca45b28.js:1:14434
     SUBTOTAL: 472.87 page-4966190e7ca45b28.js:1:14530
  5373. DL-00406 (2026-02-14T00:00:00.000Z): page-4966190e7ca45b28.js:1:14168
     - Top Score Maize Meal: 25 × 13.2 = 330.00 page-4966190e7ca45b28.js:1:14434
     - Ox-Liver: 34.21 × 78.213 = 2675.67 page-4966190e7ca45b28.js:1:14434
     - Chicken: 8.8 × 48.5 = 426.80 page-4966190e7ca45b28.js:1:14434
     - Butternut: 20 × 7 = 140.00 page-4966190e7ca45b28.js:1:14434
     - Carrots: 3.85 × 6.598 = 25.40 page-4966190e7ca45b28.js:1:14434
     - Onion: 4 × 7.5 = 30.00 page-4966190e7ca45b28.js:1:14434
     - Cabbage: 10 × 18 = 180.00 page-4966190e7ca45b28.js:1:14434
     - Cooking Oil: 4 × 32.5 = 130.00 page-4966190e7ca45b28.js:1:14434
     - Soup: 3.72 × 4.2 = 15.62 page-4966190e7ca45b28.js:1:14434
     - Spice Mix: 0.4 × 70 = 28.00 page-4966190e7ca45b28.js:1:14434
     - Chicken Stock: 0.6 × 110 = 66.00 page-4966190e7ca45b28.js:1:14434
     - Mama's BBQ Sauce: 5 × 11.7 = 58.50 page-4966190e7ca45b28.js:1:14434
     - Salt: 1 × 6.7 = 6.70 page-4966190e7ca45b28.js:1:14434
     - Country Mix: 1 × 62.775 = 62.77 page-4966190e7ca45b28.js:1:14434
     - Plastic Spoons : 100 × 0.144 = 14.40 page-4966190e7ca45b28.js:1:14434
     - Domestos 750ml : 1 × 42.667 = 42.67 page-4966190e7ca45b28.js:1:14434
     - Dish Wash: 4 × 12.32 = 49.28 page-4966190e7ca45b28.js:1:14434
     - FOMO 40: 3 × 0.66 = 1.98 page-4966190e7ca45b28.js:1:14434
     SUBTOTAL: 4283.80 page-4966190e7ca45b28.js:1:14530
  5374. DL-00399 (2026-02-14T00:00:00.000Z): page-4966190e7ca45b28.js:1:14168
     - Brown Bread: 3 × 14.19 = 42.57 page-4966190e7ca45b28.js:1:14434
     - White Bread: 1 × 15.91 = 15.91 page-4966190e7ca45b28.js:1:14434
     - Cheese Slice: 4 × 3.056 = 12.22 page-4966190e7ca45b28.js:1:14434
     - Eggs: 10 × 1.917 = 19.17 page-4966190e7ca45b28.js:1:14434
     - Russian: 1 × 101.5 = 101.50 page-4966190e7ca45b28.js:1:14434
     - Umcenge Milk: 2 × 18.333 = 36.67 page-4966190e7ca45b28.js:1:14434
     - FOMO 40: 30 × 0.66 = 19.80 page-4966190e7ca45b28.js:1:14434
     - Fomo 5: 10 × 0.308 = 3.08 page-4966190e7ca45b28.js:1:14434
     - Fomo Tubs: 25 × 0.998 = 24.95 page-4966190e7ca45b28.js:1:14434
     - FOMO Cups 350ml: 25 × 0.64 = 16.00 page-4966190e7ca45b28.js:1:14434
     - Cabbage: 1 × 18 = 18.00 page-4966190e7ca45b28.js:1:14434
     - Plastic Spoons : 100 × 0.144 = 14.40 page-4966190e7ca45b28.js:1:14434
     - Chicken: 1 × 48.5 = 48.50 page-4966190e7ca45b28.js:1:14434
     - Sihlobo Rice: 7.28 × 10.476 = 76.27 page-4966190e7ca45b28.js:1:14434
     - Onion: 2 × 7.5 = 15.00 page-4966190e7ca45b28.js:1:14434
     SUBTOTAL: 464.04 page-4966190e7ca45b28.js:1:14530
  5375. DL-00409 (2026-02-14T00:00:00.000Z): page-4966190e7ca45b28.js:1:14168
     - Shredded Tuna : 0.17 × 123.471 = 20.99 page-4966190e7ca45b28.js:1:14434
     - Brown Bread: 1 × 14.19 = 14.19 page-4966190e7ca45b28.js:1:14434
     SUBTOTAL: 35.18 page-4966190e7ca45b28.js:1:14530
  5376. DL-00402 (2026-02-14T00:00:00.000Z): page-4966190e7ca45b28.js:1:14168
     - Top Score Maize Meal: 7.3 × 13.2 = 96.36 page-4966190e7ca45b28.js:1:14434
     - Emabele: 5 × 16 = 80.00 page-4966190e7ca45b28.js:1:14434
     - Romi: 0.5 × 23.533 = 11.77 page-4966190e7ca45b28.js:1:14434
     - Nespray 1.8kg : 1 × 314.99 = 314.99 page-4966190e7ca45b28.js:1:14434
     SUBTOTAL: 503.12 page-4966190e7ca45b28.js:1:14530
  5377. DL-00403 (2026-02-14T00:00:00.000Z): page-4966190e7ca45b28.js:1:14168
     - Brown Bread: 25 × 14.19 = 354.75 page-4966190e7ca45b28.js:1:14434
     - Droxford Peanut Butter: 4 × 58.35 = 233.40 page-4966190e7ca45b28.js:1:14434
     - Sunny Milk: 6 × 16.667 = 100.00 page-4966190e7ca45b28.js:1:14434
     - Five Roses Tea: 30 × 0.64 = 19.20 page-4966190e7ca45b28.js:1:14434
     - Rooibos Tea: 80 × 0.475 = 38.00 page-4966190e7ca45b28.js:1:14434
     SUBTOTAL: 745.35 page-4966190e7ca45b28.js:1:14530
  5378. DL-00424 (2026-02-14T00:00:00.000Z): page-4966190e7ca45b28.js:1:14168
     - Brown Bread: 3 × 16.29 = 48.87 page-4966190e7ca45b28.js:1:14434
     - Low GI Bread 400g : 1 × 24.99 = 24.99 page-4966190e7ca45b28.js:1:14434
     - Mushrooms: 0.25 × 111.96 = 27.99 page-4966190e7ca45b28.js:1:14434
     - Tomatoes: 1 × 19.995 = 20.00 page-4966190e7ca45b28.js:1:14434
     - White Bread: 2 × 14.59 = 29.18 page-4966190e7ca45b28.js:1:14434
     - Yellow Pepper: 0.45 × 48.276 = 21.72 page-4966190e7ca45b28.js:1:14434
     - Red Pepper: 0.4 × 58.14 = 23.26 page-4966190e7ca45b28.js:1:14434
     - Jungle Oats: 1 × 38 = 38.00 page-4966190e7ca45b28.js:1:14434
     - Umcenge Milk: 6 × 18.333 = 110.00 page-4966190e7ca45b28.js:1:14434
     - Eggs: 49 × 1.917 = 93.93 page-4966190e7ca45b28.js:1:14434
     - Chicken: 1.8 × 45.105 = 81.19 page-4966190e7ca45b28.js:1:14434
     - Rooibos Tea: 10 × 0.475 = 4.75 page-4966190e7ca45b28.js:1:14434
     - Ellis Brown Sachets 4g: 10 × 1.19 = 11.90 page-4966190e7ca45b28.js:1:14434
     - Canderel Sugar: 10 × 0.772 = 7.72 page-4966190e7ca45b28.js:1:14434
     - Selati Brown Sugar: 126 × 0.26 = 32.76 page-4966190e7ca45b28.js:1:14434
     - Jacobs Sachets: 3 × 4.25 = 12.75 page-4966190e7ca45b28.js:1:14434
     - Top Score Maize Meal: 0.9 × 13.2 = 11.88 page-4966190e7ca45b28.js:1:14434
     - Corn-flakes: 1 × 65 = 65.00 page-4966190e7ca45b28.js:1:14434
     - Cheese Slice: 6 × 3.056 = 18.34 page-4966190e7ca45b28.js:1:14434
     - Liqui Fruit Can 300ml: 20 × 10.417 = 208.34 page-4966190e7ca45b28.js:1:14434
     - Krush 200ML: 7 × 7.167 = 50.17 page-4966190e7ca45b28.js:1:14434
     - Yoghurt Bliss 150g: 12 × 14.49 = 173.88 page-4966190e7ca45b28.js:1:14434
     - Plain Yoghurt 150G: 1 × 11.83 = 11.83 page-4966190e7ca45b28.js:1:14434
     - Cheddar Cheese: 0.45 × 180.885 = 81.40 page-4966190e7ca45b28.js:1:14434
     - Mushrooms: 0.25 × 111.96 = 27.99 page-4966190e7ca45b28.js:1:14434
     - Koo Beans 410g: 4 × 14.167 = 56.67 page-4966190e7ca45b28.js:1:14434
     - Cucumber: 1 × 14.99 = 14.99 page-4966190e7ca45b28.js:1:14434
     - Lettuce: 3 × 5 = 15.00 page-4966190e7ca45b28.js:1:14434
     - Still Water 500ml: 3 × 4.167 = 12.50 page-4966190e7ca45b28.js:1:14434
     SUBTOTAL: 1336.99 page-4966190e7ca45b28.js:1:14530
  5379. DL-00410 (2026-02-14T00:00:00.000Z): page-4966190e7ca45b28.js:1:14168
     - Apple: 24.55 × 24.66 = 605.40 page-4966190e7ca45b28.js:1:14434
     - Banana: 7.2 × 15.825 = 113.94 page-4966190e7ca45b28.js:1:14434
     SUBTOTAL: 719.34 page-4966190e7ca45b28.js:1:14530
  5380. DL-00400 (2026-02-14T00:00:00.000Z): page-4966190e7ca45b28.js:1:14168
     - Brown Bread: 13 × 14.19 = 184.47 page-4966190e7ca45b28.js:1:14434
     - White Bread: 5 × 15.91 = 79.55 page-4966190e7ca45b28.js:1:14434
     - Jungle Oats: 0.5 × 38 = 19.00 page-4966190e7ca45b28.js:1:14434
     - Emabele: 2.82 × 16 = 45.12 page-4966190e7ca45b28.js:1:14434
     - Top Class Aromat: 0.4 × 73 = 29.20 page-4966190e7ca45b28.js:1:14434
     - Top Score Maize Meal: 5.5 × 13.2 = 72.60 page-4966190e7ca45b28.js:1:14434
     - Polony: 1.75 × 35 = 61.25 page-4966190e7ca45b28.js:1:14434
     - Rama: 1 × 52.667 = 52.67 page-4966190e7ca45b28.js:1:14434
     - Cheese Slice: 42 × 3.056 = 128.35 page-4966190e7ca45b28.js:1:14434
     - Refuse Bag Roll: 1 × 27.9 = 27.90 page-4966190e7ca45b28.js:1:14434
     - Umcenge Milk: 4 × 18.333 = 73.33 page-4966190e7ca45b28.js:1:14434
     - Clover Milk: 2 × 19.67 = 39.34 page-4966190e7ca45b28.js:1:14434
     - Cooking Oil: 1 × 32.5 = 32.50 page-4966190e7ca45b28.js:1:14434
     - FOMO 6: 129 × 0.312 = 40.25 page-4966190e7ca45b28.js:1:14434
     - FOMO Cups 250ml: 100 × 0.34 = 34.00 page-4966190e7ca45b28.js:1:14434
     - Fomo Tubs: 40 × 0.998 = 39.92 page-4966190e7ca45b28.js:1:14434
     - Rooibos Tea: 70 × 0.475 = 33.25 page-4966190e7ca45b28.js:1:14434
     - Oros: 0.5 × 18.2 = 9.10 page-4966190e7ca45b28.js:1:14434
     - White Sugar: 0.5 × 19.4 = 9.70 page-4966190e7ca45b28.js:1:14434
     - Cake Flour: 4 × 14.16 = 56.64 page-4966190e7ca45b28.js:1:14434
     - Rajah (Medium): 0.1 × 200 = 20.00 page-4966190e7ca45b28.js:1:14434
     - Dishwash Liquid: 1 × 12.32 = 12.32 page-4966190e7ca45b28.js:1:14434
     - Plastic Spoons : 100 × 0.144 = 14.40 page-4966190e7ca45b28.js:1:14434
     SUBTOTAL: 1114.86 page-4966190e7ca45b28.js:1:14530
  5381. DL-00408 (2026-02-14T00:00:00.000Z): page-4966190e7ca45b28.js:1:14168
     - Sihlobo Rice: 4 × 10.476 = 41.90 page-4966190e7ca45b28.js:1:14434
     - Onion: 4 × 7.5 = 30.00 page-4966190e7ca45b28.js:1:14434
     - Plastic Spoons : 150 × 0.144 = 21.60 page-4966190e7ca45b28.js:1:14434
     - Cabbage: 4 × 18 = 72.00 page-4966190e7ca45b28.js:1:14434
     - Chicken: 2.85 × 48.5 = 138.22 page-4966190e7ca45b28.js:1:14434
     - Liqui Fruit Can 300ml: 2 × 10.417 = 20.83 page-4966190e7ca45b28.js:1:14434
     - FOMO 6: 29 × 0.312 = 9.05 page-4966190e7ca45b28.js:1:14434
     - Pears: 10 × 23.327 = 233.27 page-4966190e7ca45b28.js:1:14434
     - Braai Wors: 8 × 90 = 720.00 page-4966190e7ca45b28.js:1:14434
     - Brown Bread: 3 × 14.19 = 42.57 page-4966190e7ca45b28.js:1:14434
     - White Bread: 1 × 15.916 = 15.92 page-4966190e7ca45b28.js:1:14434
     - FOMO 40: 10 × 0.66 = 6.60 page-4966190e7ca45b28.js:1:14434
     SUBTOTAL: 1351.97 page-4966190e7ca45b28.js:1:14530
  5382. DL-00411 (2026-02-14T00:00:00.000Z): page-4966190e7ca45b28.js:1:14168
     - Chicken Drumsticks: 2 × 58.96 = 117.92 page-4966190e7ca45b28.js:1:14434
     - Ox-Liver: 1.71 × 78.213 = 133.74 page-4966190e7ca45b28.js:1:14434
     - Brown Sugar: 0.7 × 17.8 = 12.46 page-4966190e7ca45b28.js:1:14434
     - Brown Bread: 1 × 14.19 = 14.19 page-4966190e7ca45b28.js:1:14434
     - Rooibos Tea: 5 × 0.475 = 2.38 page-4966190e7ca45b28.js:1:14434
     - Five Roses Tea: 2 × 0.64 = 1.28 page-4966190e7ca45b28.js:1:14434
     - Cheese Slice: 4 × 3.056 = 12.22 page-4966190e7ca45b28.js:1:14434
     - Eggs: 3 × 1.917 = 5.75 page-4966190e7ca45b28.js:1:14434
     - Umcenge Milk 500ML: 0.5 × 23 = 11.50 page-4966190e7ca45b28.js:1:14434
     - White Bread: 2 × 15.91 = 31.82 page-4966190e7ca45b28.js:1:14434
     SUBTOTAL: 343.26 page-4966190e7ca45b28.js:1:14530
  5383. DL-00433 (2026-02-14T00:00:00.000Z): page-4966190e7ca45b28.js:1:14168
     - Custard: 0.25 × 19 = 4.75 page-4966190e7ca45b28.js:1:14434
     - Umcenge Milk: 2 × 18.333 = 36.67 page-4966190e7ca45b28.js:1:14434
     - Honey 375g: 1 × 63.333 = 63.33 page-4966190e7ca45b28.js:1:14434
     - Paw Paw: 1 × 69.99 = 69.99 page-4966190e7ca45b28.js:1:14434
     SUBTOTAL: 174.74 page-4966190e7ca45b28.js:1:14530
  5384. DL-00412 (2026-02-14T00:00:00.000Z): page-4966190e7ca45b28.js:1:14168
     - Soft Drink 1L: 1 × 16.375 = 16.38 page-4966190e7ca45b28.js:1:14434
     SUBTOTAL: 16.38 page-4966190e7ca45b28.js:1:14530
  5385. DL-00407 (2026-02-14T00:00:00.000Z): page-4966190e7ca45b28.js:1:14168
     - Sihlobo Rice: 25 × 10.476 = 261.90 page-4966190e7ca45b28.js:1:14434
     - Chicken: 29.75 × 48.5 = 1442.88 page-4966190e7ca45b28.js:1:14434
     - Carrots: 3.8 × 6.598 = 25.07 page-4966190e7ca45b28.js:1:14434
     - Onion: 4.4 × 7.5 = 33.00 page-4966190e7ca45b28.js:1:14434
     - Lettuce: 32 × 5 = 160.00 page-4966190e7ca45b28.js:1:14434
     - Red Pepper: 1 × 58.14 = 58.14 page-4966190e7ca45b28.js:1:14434
     - Yellow Pepper: 1 × 48.276 = 48.28 page-4966190e7ca45b28.js:1:14434
     - Cucumber: 1 × 14.99 = 14.99 page-4966190e7ca45b28.js:1:14434
     - Tomatoes: 1 × 24.064 = 24.06 page-4966190e7ca45b28.js:1:14434
     - Chicken Stock: 1 × 110 = 110.00 page-4966190e7ca45b28.js:1:14434
     - Soup: 1 × 4.2 = 4.20 page-4966190e7ca45b28.js:1:14434
     - Rajah (Medium): 1 × 200 = 200.00 page-4966190e7ca45b28.js:1:14434
     - Cake Flour: 1 × 14.16 = 14.16 page-4966190e7ca45b28.js:1:14434
     - Dish Wash: 1 × 12.32 = 12.32 page-4966190e7ca45b28.js:1:14434
     SUBTOTAL: 2409.00 page-4966190e7ca45b28.js:1:14530
  5386. DL-00401 (2026-02-14T00:00:00.000Z): page-4966190e7ca45b28.js:1:14168
     - Sihlobo Rice: 14 × 10.476 = 146.66 page-4966190e7ca45b28.js:1:14434
     - Chicken: 24.58 × 48.5 = 1192.13 page-4966190e7ca45b28.js:1:14434
     - Spinach: 29 × 8 = 232.00 page-4966190e7ca45b28.js:1:14434
     - Butternut: 15 × 7 = 105.00 page-4966190e7ca45b28.js:1:14434
     - Carrots: 4 × 6.598 = 26.39 page-4966190e7ca45b28.js:1:14434
     - Onion: 4 × 7.5 = 30.00 page-4966190e7ca45b28.js:1:14434
     - Cooking Oil: 2 × 32.5 = 65.00 page-4966190e7ca45b28.js:1:14434
     - Plastic Spoons : 150 × 0.144 = 21.60 page-4966190e7ca45b28.js:1:14434
     - FOMO 6: 30 × 0.312 = 9.36 page-4966190e7ca45b28.js:1:14434
     SUBTOTAL: 1828.15 page-4966190e7ca45b28.js:1:14530
  5387. DL-00425 (2026-02-14T00:00:00.000Z): page-4966190e7ca45b28.js:1:14168
     - Spur Ribs: 1 × 118.017 = 118.02 page-4966190e7ca45b28.js:1:14434
     - Chicken: 1 × 45.105 = 45.10 page-4966190e7ca45b28.js:1:14434
     - Tastic Rice: 1 × 18.4 = 18.40 page-4966190e7ca45b28.js:1:14434
     - Lettuce: 1 × 5 = 5.00 page-4966190e7ca45b28.js:1:14434
     - Exotic Tumeric: 1 × 82 = 82.00 page-4966190e7ca45b28.js:1:14434
     - Banana: 2.75 × 12.103 = 33.28 page-4966190e7ca45b28.js:1:14434
     - Cream: 0.5 × 98.02 = 49.01 page-4966190e7ca45b28.js:1:14434
     - Pears: 1.5 × 25.327 = 37.99 page-4966190e7ca45b28.js:1:14434
     - Red Pepper: 0.3 × 58.14 = 17.44 page-4966190e7ca45b28.js:1:14434
     - Tomatoes: 1 × 19.995 = 20.00 page-4966190e7ca45b28.js:1:14434
     - Yellow Pepper: 0.4 × 48.276 = 19.31 page-4966190e7ca45b28.js:1:14434
     - Apple: 1 × 24.66 = 24.66 page-4966190e7ca45b28.js:1:14434
     SUBTOTAL: 470.21 page-4966190e7ca45b28.js:1:14530
  5388. DL-00404 (2026-02-14T00:00:00.000Z): page-4966190e7ca45b28.js:1:14168
     - Self Raising Flour: 1 × 16 = 16.00 page-4966190e7ca45b28.js:1:14434
     - Hake Fillet: 0.48 × 155.2 = 74.50 page-4966190e7ca45b28.js:1:14434
     - Potatoes: 1.45 × 8.5 = 12.32 page-4966190e7ca45b28.js:1:14434
     - Eggs: 5 × 1.917 = 9.59 page-4966190e7ca45b28.js:1:14434
     - Cheese Slice: 5 × 3.056 = 15.28 page-4966190e7ca45b28.js:1:14434
     - Cheddar Cheese: 0.14 × 180.885 = 25.32 page-4966190e7ca45b28.js:1:14434
     - Mozzarella Cheese: 0.39 × 194.5 = 75.86 page-4966190e7ca45b28.js:1:14434
     - Spinach: 1 × 8 = 8.00 page-4966190e7ca45b28.js:1:14434
     - Russian: 0.3 × 101.5 = 30.45 page-4966190e7ca45b28.js:1:14434
     - Ham: 0.14 × 112.995 = 15.82 page-4966190e7ca45b28.js:1:14434
     - Cake Flour: 0.4 × 14.16 = 5.66 page-4966190e7ca45b28.js:1:14434
     - Yeast 10g: 0.1 × 3.43 = 0.34 page-4966190e7ca45b28.js:1:14434
     - Rama: 1 × 52.667 = 52.67 page-4966190e7ca45b28.js:1:14434
     - Chicken: 1.82 × 48.5 = 88.27 page-4966190e7ca45b28.js:1:14434
     - Cooking Oil: 2 × 32.5 = 65.00 page-4966190e7ca45b28.js:1:14434
     - Liqui Fruit Can 300ml: 8 × 10.417 = 83.34 page-4966190e7ca45b28.js:1:14434
     - Braai Wors: 1.01 × 90 = 90.90 page-4966190e7ca45b28.js:1:14434
     SUBTOTAL: 669.31 page-4966190e7ca45b28.js:1:14530
  5389. DL-00431 (2026-02-14T00:00:00.000Z): page-4966190e7ca45b28.js:1:14168
     - Chicken: 1 × 45.105 = 45.10 page-4966190e7ca45b28.js:1:14434
     - Tastic Rice: 1 × 18.4 = 18.40 page-4966190e7ca45b28.js:1:14434
     - Top Score Maize Meal: 1 × 13.2 = 13.20 page-4966190e7ca45b28.js:1:14434
     - Baby Marrow: 1 × 74.975 = 74.97 page-4966190e7ca45b28.js:1:14434
     - Beetroot: 1 × 12 = 12.00 page-4966190e7ca45b28.js:1:14434
     - Onion: 1 × 7.5 = 7.50 page-4966190e7ca45b28.js:1:14434
     - Spring Onion: 1 × 24.99 = 24.99 page-4966190e7ca45b28.js:1:14434
     - Red Onion: 1 × 25 = 25.00 page-4966190e7ca45b28.js:1:14434
     - Brocolli: 1 × 32.99 = 32.99 page-4966190e7ca45b28.js:1:14434
     - Cauliflower: 1 × 29.99 = 29.99 page-4966190e7ca45b28.js:1:14434
     - Carrots: 1 × 6.598 = 6.60 page-4966190e7ca45b28.js:1:14434
     - Beef Chuck: 1 × 121.73 = 121.73 page-4966190e7ca45b28.js:1:14434
     - Liqui Fruit Can 300ml: 21 × 10.417 = 218.76 page-4966190e7ca45b28.js:1:14434
     - Krush 200ML: 6 × 7.167 = 43.00 page-4966190e7ca45b28.js:1:14434
     - Still Water 500ml: 5 × 4.167 = 20.84 page-4966190e7ca45b28.js:1:14434
     SUBTOTAL: 695.07 page-4966190e7ca45b28.js:1:14530
  5390. DL-00405 (2026-02-14T00:00:00.000Z): page-4966190e7ca45b28.js:1:14168
     - Brown Bread: 2 × 14.19 = 28.38 page-4966190e7ca45b28.js:1:14434
     - White Bread: 1 × 15.91 = 15.91 page-4966190e7ca45b28.js:1:14434
     - Sihlobo Rice: 2 × 10.476 = 20.95 page-4966190e7ca45b28.js:1:14434
     - Chicken: 3.64 × 48.5 = 176.54 page-4966190e7ca45b28.js:1:14434
     - Polony: 0.25 × 35 = 8.75 page-4966190e7ca45b28.js:1:14434
     - Umcenge Milk: 1 × 18.333 = 18.33 page-4966190e7ca45b28.js:1:14434
     - Rooibos Tea: 10 × 0.475 = 4.75 page-4966190e7ca45b28.js:1:14434
     - Tissue: 3 × 4.896 = 14.69 page-4966190e7ca45b28.js:1:14434
     SUBTOTAL: 288.30 page-4966190e7ca45b28.js:1:14530
  5391. DL-00385 (2026-02-13T00:00:00.000Z): page-4966190e7ca45b28.js:1:14168
     - Fusion: 2 × 35 = 70.00 page-4966190e7ca45b28.js:1:14434
     - Umcenge Milk: 7 × 18.333 = 128.33 page-4966190e7ca45b28.js:1:14434
     - Five Roses Tea: 100 × 0.64 = 64.00 page-4966190e7ca45b28.js:1:14434
     - Rooibos Tea: 80 × 0.475 = 38.00 page-4966190e7ca45b28.js:1:14434
     - Brown Sugar: 8.6 × 16.7 = 143.62 page-4966190e7ca45b28.js:1:14434
     SUBTOTAL: 443.95 page-4966190e7ca45b28.js:1:14530
  5392. DL-00389 (2026-02-13T00:00:00.000Z): page-4966190e7ca45b28.js:1:14168
     - Beef Stewing: 4 × 124.995 = 499.98 page-4966190e7ca45b28.js:1:14434
     - Chicken: 3.6 × 45.105 = 162.38 page-4966190e7ca45b28.js:1:14434
     - Tastic Rice: 1 × 18.4 = 18.40 page-4966190e7ca45b28.js:1:14434
     - Top Score Maize Meal: 1.4 × 13.2 = 18.48 page-4966190e7ca45b28.js:1:14434
     - Potatoes: 5 × 7 = 35.00 page-4966190e7ca45b28.js:1:14434
     - Cooking Oil: 1 × 30 = 30.00 page-4966190e7ca45b28.js:1:14434
     - Exotic Paprika: 0.5 × 124 = 62.00 page-4966190e7ca45b28.js:1:14434
     - Exotic Six 4 All: 0.5 × 83 = 41.50 page-4966190e7ca45b28.js:1:14434
     - Onion: 1.5 × 7.5 = 11.25 page-4966190e7ca45b28.js:1:14434
     - Hake Fillet: 0.199 × 144.336 = 28.72 page-4966190e7ca45b28.js:1:14434
     - Cauliflower: 1 × 29.99 = 29.99 page-4966190e7ca45b28.js:1:14434
     - Brocolli: 1 × 32.99 = 32.99 page-4966190e7ca45b28.js:1:14434
     - Still Water 500ml: 24 × 4 = 96.00 page-4966190e7ca45b28.js:1:14434
     - Pears: 2 × 33.49 = 66.98 page-4966190e7ca45b28.js:1:14434
     - Peaches: 1 × 39.99 = 39.99 page-4966190e7ca45b28.js:1:14434
     - Spice Mix: 0.4 × 70 = 28.00 page-4966190e7ca45b28.js:1:14434
     - Banana: 2.14 × 11.989 = 25.66 page-4966190e7ca45b28.js:1:14434
     - Liqui Fruit Can 300ml: 2 × 10.25 = 20.50 page-4966190e7ca45b28.js:1:14434
     SUBTOTAL: 1247.82 page-4966190e7ca45b28.js:1:14530
  5393. DL-00384 (2026-02-13T00:00:00.000Z): page-4966190e7ca45b28.js:1:14168
     - Cheese Slice: 24 × 3.056 = 73.34 page-4966190e7ca45b28.js:1:14434
     - Umcenge Milk: 1 × 18.333 = 18.33 page-4966190e7ca45b28.js:1:14434
     - Tissue: 3 × 4.9 = 14.70 page-4966190e7ca45b28.js:1:14434
     - Sihlobo Rice: 2.5 × 10.476 = 26.19 page-4966190e7ca45b28.js:1:14434
     - Chicken: 5.46 × 45.105 = 246.27 page-4966190e7ca45b28.js:1:14434
     - Cremora: 0.5 × 68 = 34.00 page-4966190e7ca45b28.js:1:14434
     - Fusion: 0.5 × 35 = 17.50 page-4966190e7ca45b28.js:1:14434
     - Brown Bread: 3 × 14.59 = 43.77 page-4966190e7ca45b28.js:1:14434
     - White Bread: 1 × 16.29 = 16.29 page-4966190e7ca45b28.js:1:14434
     - Lettuce: 1 × 5 = 5.00 page-4966190e7ca45b28.js:1:14434
     - Brown Sugar: 0.65 × 16.7 = 10.86 page-4966190e7ca45b28.js:1:14434
     SUBTOTAL: 506.26 page-4966190e7ca45b28.js:1:14530
  5394. DL-00392 (2026-02-13T00:00:00.000Z): page-4966190e7ca45b28.js:1:14168
     - Soft Drink 1L: 2 × 16.375 = 32.75 page-4966190e7ca45b28.js:1:14434
     - Soft Drink 2L: 2 × 23.667 = 47.33 page-4966190e7ca45b28.js:1:14434
     - Cheese Slice: 1 × 3.056 = 3.06 page-4966190e7ca45b28.js:1:14434
     - Eggs: 6 × 1.917 = 11.50 page-4966190e7ca45b28.js:1:14434
     - Brown Sugar: 0.45 × 16.7 = 7.51 page-4966190e7ca45b28.js:1:14434
     - Self Raising Flour: 2.5 × 15.15 = 37.88 page-4966190e7ca45b28.js:1:14434
     - Sunny Milk: 1 × 16.667 = 16.67 page-4966190e7ca45b28.js:1:14434
     - Romi: 0.5 × 23.533 = 11.77 page-4966190e7ca45b28.js:1:14434
     SUBTOTAL: 168.47 page-4966190e7ca45b28.js:1:14530
  5395. DL-00388 (2026-02-13T00:00:00.000Z): page-4966190e7ca45b28.js:1:14168
     - Brown Sugar: 5 × 16.7 = 83.50 page-4966190e7ca45b28.js:1:14434
     - White Sugar: 0.3 × 19.4 = 5.82 page-4966190e7ca45b28.js:1:14434
     - Umcenge Milk: 2 × 18.333 = 36.67 page-4966190e7ca45b28.js:1:14434
     - Eggs: 24 × 1.917 = 46.01 page-4966190e7ca45b28.js:1:14434
     - Cake Flour: 2.02 × 14.16 = 28.60 page-4966190e7ca45b28.js:1:14434
     - Self Raising Flour: 1.68 × 15.15 = 25.45 page-4966190e7ca45b28.js:1:14434
     - Yeast 10g: 0.2 × 3.43 = 0.69 page-4966190e7ca45b28.js:1:14434
     - Cooking Oil: 4 × 30 = 120.00 page-4966190e7ca45b28.js:1:14434
     - FOMO 40: 75 × 0.673 = 50.48 page-4966190e7ca45b28.js:1:14434
     - Fomo Tubs: 30 × 0.684 = 20.52 page-4966190e7ca45b28.js:1:14434
     - FOMO Cups 350ml: 16 × 0.64 = 10.24 page-4966190e7ca45b28.js:1:14434
     - FOMO 6: 21 × 0.312 = 6.55 page-4966190e7ca45b28.js:1:14434
     - Fomo 5: 20 × 0.308 = 6.16 page-4966190e7ca45b28.js:1:14434
     - Plastic Spoons : 250 × 0.35 = 87.50 page-4966190e7ca45b28.js:1:14434
     - Beef Stewing: 4 × 124.995 = 499.98 page-4966190e7ca45b28.js:1:14434
     - Cheese Slice: 10 × 3.056 = 30.56 page-4966190e7ca45b28.js:1:14434
     - Russian: 0.2 × 101.5 = 20.30 page-4966190e7ca45b28.js:1:14434
     - Top Score Maize Meal: 3 × 13.2 = 39.60 page-4966190e7ca45b28.js:1:14434
     - Top Class Aromat: 1 × 73 = 73.00 page-4966190e7ca45b28.js:1:14434
     - Chicken: 18.45 × 45.105 = 832.19 page-4966190e7ca45b28.js:1:14434
     - Sihlobo Rice: 7 × 10.476 = 73.33 page-4966190e7ca45b28.js:1:14434
     - Rajah (Medium): 1 × 200 = 200.00 page-4966190e7ca45b28.js:1:14434
     - Mayonnaise: 2.84 × 47 = 133.48 page-4966190e7ca45b28.js:1:14434
     - Brown Bread: 1 × 14.59 = 14.59 page-4966190e7ca45b28.js:1:14434
     - White Bread: 1 × 16.29 = 16.29 page-4966190e7ca45b28.js:1:14434
     - Rama: 1 × 52.667 = 52.67 page-4966190e7ca45b28.js:1:14434
     - Butternut: 4 × 7 = 28.00 page-4966190e7ca45b28.js:1:14434
     - Onion: 3 × 7.5 = 22.50 page-4966190e7ca45b28.js:1:14434
     - Potatoes: 4 × 7 = 28.00 page-4966190e7ca45b28.js:1:14434
     - Carrots: 4.5 × 8 = 36.00 page-4966190e7ca45b28.js:1:14434
     - Liqui Fruit Can 300ml: 3 × 10.25 = 30.75 page-4966190e7ca45b28.js:1:14434
     - Soft Drink 1L: 6 × 16.375 = 98.25 page-4966190e7ca45b28.js:1:14434
     - Soft Drink 300ml: 2 × 11.667 = 23.33 page-4966190e7ca45b28.js:1:14434
     - Still Water 500ml: 1 × 4 = 4.00 page-4966190e7ca45b28.js:1:14434
     - Cabbage: 2 × 18 = 36.00 page-4966190e7ca45b28.js:1:14434
     - Dishwash Liquid: 1 × 12.32 = 12.32 page-4966190e7ca45b28.js:1:14434
     - Bleach: 1 × 20 = 20.00 page-4966190e7ca45b28.js:1:14434
     SUBTOTAL: 2853.32 page-4966190e7ca45b28.js:1:14530
  5396. DL-00381 (2026-02-13T00:00:00.000Z): page-4966190e7ca45b28.js:1:14168
     - Brown Bread: 3 × 14.59 = 43.77 page-4966190e7ca45b28.js:1:14434
     - White Bread: 1 × 16.29 = 16.29 page-4966190e7ca45b28.js:1:14434
     - Chicken Gizzards: 2 × 41.383 = 82.77 page-4966190e7ca45b28.js:1:14434
     - Mushrooms: 1 × 111.96 = 111.96 page-4966190e7ca45b28.js:1:14434
     - Jungle Oats: 2 × 38 = 76.00 page-4966190e7ca45b28.js:1:14434
     - Jacobs Sachets: 2 × 4.25 = 8.50 page-4966190e7ca45b28.js:1:14434
     - Selati Brown Sugar: 173 × 0.26 = 44.98 page-4966190e7ca45b28.js:1:14434
     - Rooibos Tea: 14 × 0.475 = 6.65 page-4966190e7ca45b28.js:1:14434
     - Ellis Brown Sachets 4g: 12 × 1.19 = 14.28 page-4966190e7ca45b28.js:1:14434
     - Canderel Sugar: 6 × 0.772 = 4.63 page-4966190e7ca45b28.js:1:14434
     - Top Score Maize Meal: 0.5 × 12.2 = 6.10 page-4966190e7ca45b28.js:1:14434
     - Green Pepper: 0.5 × 39.98 = 19.99 page-4966190e7ca45b28.js:1:14434
     - Red Pepper: 0.4 × 58.14 = 23.26 page-4966190e7ca45b28.js:1:14434
     - Yellow Pepper: 0.5 × 90.376 = 45.19 page-4966190e7ca45b28.js:1:14434
     - Hake Fillet: 0.2 × 144.336 = 28.87 page-4966190e7ca45b28.js:1:14434
     - Brocolli: 1 × 32.99 = 32.99 page-4966190e7ca45b28.js:1:14434
     - Cauliflower: 1 × 29.99 = 29.99 page-4966190e7ca45b28.js:1:14434
     - Weet-Bix 900g: 0.45 × 53.333 = 24.00 page-4966190e7ca45b28.js:1:14434
     - Cooking Oil: 1 × 30.5 = 30.50 page-4966190e7ca45b28.js:1:14434
     - Lettuce: 1 × 6.99 = 6.99 page-4966190e7ca45b28.js:1:14434
     - Yoghurt Bliss 150g: 2 × 14.49 = 28.98 page-4966190e7ca45b28.js:1:14434
     - Still Water 500ml: 1 × 4.167 = 4.17 page-4966190e7ca45b28.js:1:14434
     - Liqui Fruit Can 300ml: 19 × 10.25 = 194.75 page-4966190e7ca45b28.js:1:14434
     - Eggs: 45 × 1.917 = 86.27 page-4966190e7ca45b28.js:1:14434
     - Umcenge Milk: 5 × 18.333 = 91.66 page-4966190e7ca45b28.js:1:14434
     - Cheese Slice: 6 × 3.056 = 18.34 page-4966190e7ca45b28.js:1:14434
     - Krush 200ML: 5 × 7.167 = 35.84 page-4966190e7ca45b28.js:1:14434
     - Tomatoes: 1 × 19.995 = 20.00 page-4966190e7ca45b28.js:1:14434
     SUBTOTAL: 1137.69 page-4966190e7ca45b28.js:1:14530
  5397. DL-00395 (2026-02-13T00:00:00.000Z): page-4966190e7ca45b28.js:1:14168
     - Plain Yoghurt 150G: 3 × 14.49 = 43.47 page-4966190e7ca45b28.js:1:14434
     - Yoghurt Bliss 150g: 3 × 14.49 = 43.47 page-4966190e7ca45b28.js:1:14434
     - Liqui Fruit Can 300ml: 3 × 10.25 = 30.75 page-4966190e7ca45b28.js:1:14434
     - Peaches: 1 × 39.99 = 39.99 page-4966190e7ca45b28.js:1:14434
     SUBTOTAL: 157.68 page-4966190e7ca45b28.js:1:14530
  5398. DL-00383 (2026-02-13T00:00:00.000Z): page-4966190e7ca45b28.js:1:14168
     - Onion: 4 × 7.5 = 30.00 page-4966190e7ca45b28.js:1:14434
     - Carrots: 2 × 8 = 16.00 page-4966190e7ca45b28.js:1:14434
     - Potatoes: 4 × 7 = 28.00 page-4966190e7ca45b28.js:1:14434
     - Beetroot: 10 × 12 = 120.00 page-4966190e7ca45b28.js:1:14434
     - Cooking Oil: 1 × 30.5 = 30.50 page-4966190e7ca45b28.js:1:14434
     - Top Class Aromat: 1 × 73 = 73.00 page-4966190e7ca45b28.js:1:14434
     - Top Score Maize Meal: 0.5 × 12.2 = 6.10 page-4966190e7ca45b28.js:1:14434
     - Exotic Six 4 All: 1 × 83 = 83.00 page-4966190e7ca45b28.js:1:14434
     - Ruchi Sea Food Spice: 1 × 47 = 47.00 page-4966190e7ca45b28.js:1:14434
     - Tomato Sauce: 1 × 50 = 50.00 page-4966190e7ca45b28.js:1:14434
     - Sweet-Chilli Sauce: 1 × 51 = 51.00 page-4966190e7ca45b28.js:1:14434
     - Chicken: 21.89 × 45.105 = 987.35 page-4966190e7ca45b28.js:1:14434
     - Sihlobo Rice: 21 × 10.476 = 220.00 page-4966190e7ca45b28.js:1:14434
     - Plastic Spoons : 150 × 0.35 = 52.50 page-4966190e7ca45b28.js:1:14434
     - Lettuce: 7 × 5 = 35.00 page-4966190e7ca45b28.js:1:14434
     - Rajah (Medium): 1 × 200 = 200.00 page-4966190e7ca45b28.js:1:14434
     - FOMO 6: 15 × 0.312 = 4.68 page-4966190e7ca45b28.js:1:14434
     - Dishwash Liquid: 2 × 12.32 = 24.64 page-4966190e7ca45b28.js:1:14434
     - Bleach: 1 × 232 = 232.00 page-4966190e7ca45b28.js:1:14434
     SUBTOTAL: 2290.76 page-4966190e7ca45b28.js:1:14530
  5399. DL-00390 (2026-02-13T00:00:00.000Z): page-4966190e7ca45b28.js:1:14168
     - Sihlobo Rice: 25 × 10.476 = 261.90 page-4966190e7ca45b28.js:1:14434
     - Braai Wors: 20 × 89.995 = 1799.90 page-4966190e7ca45b28.js:1:14434
     - Chicken: 1.95 × 45.105 = 87.95 page-4966190e7ca45b28.js:1:14434
     - Carrots: 3.8 × 8 = 30.40 page-4966190e7ca45b28.js:1:14434
     - Onion: 3.35 × 7.5 = 25.13 page-4966190e7ca45b28.js:1:14434
     - Cabbage: 8 × 18 = 144.00 page-4966190e7ca45b28.js:1:14434
     - Crown Six Gun: 1 × 81.5 = 81.50 page-4966190e7ca45b28.js:1:14434
     - Rajah (Medium): 0.1 × 200 = 20.00 page-4966190e7ca45b28.js:1:14434
     - Chicken Stock: 0.6 × 94.167 = 56.50 page-4966190e7ca45b28.js:1:14434
     - Green Pepper: 0.9 × 39.98 = 35.98 page-4966190e7ca45b28.js:1:14434
     - Spice Mix: 0.4 × 70 = 28.00 page-4966190e7ca45b28.js:1:14434
     - Soup: 3.1 × 6.774 = 21.00 page-4966190e7ca45b28.js:1:14434
     - Cake Flour: 0.4 × 14.16 = 5.66 page-4966190e7ca45b28.js:1:14434
     - Refuse Bag Roll: 1 × 27.9 = 27.90 page-4966190e7ca45b28.js:1:14434
     - Dish Wash: 2 × 12.32 = 24.64 page-4966190e7ca45b28.js:1:14434
     - Bleach: 5 × 20 = 100.00 page-4966190e7ca45b28.js:1:14434
     SUBTOTAL: 2750.47 page-4966190e7ca45b28.js:1:14530
  5400. DL-00386 (2026-02-13T00:00:00.000Z): page-4966190e7ca45b28.js:1:14168
     - Onion: 1.18 × 7.5 = 8.85 page-4966190e7ca45b28.js:1:14434
     - Potatoes: 2 × 7 = 14.00 page-4966190e7ca45b28.js:1:14434
     - Carrots: 1 × 8 = 8.00 page-4966190e7ca45b28.js:1:14434
     - FOMO 6: 66 × 0.312 = 20.59 page-4966190e7ca45b28.js:1:14434
     - Sihlobo Rice: 10 × 10.476 = 104.76 page-4966190e7ca45b28.js:1:14434
     - Umndeni Beans: 6 × 30.4 = 182.40 page-4966190e7ca45b28.js:1:14434
     - Top Score Maize Meal: 1.2 × 12.2 = 14.64 page-4966190e7ca45b28.js:1:14434
     - Chicken: 1.82 × 45.105 = 82.09 page-4966190e7ca45b28.js:1:14434
     - Cabbage: 4 × 18 = 72.00 page-4966190e7ca45b28.js:1:14434
     SUBTOTAL: 507.33 page-4966190e7ca45b28.js:1:14530
  5401. DL-00379 (2026-02-13T00:00:00.000Z): page-4966190e7ca45b28.js:1:14168
     - Brown Bread: 25 × 14.19 = 354.75 page-4966190e7ca45b28.js:1:14434
     - Droxford Peanut Butter: 4 × 61.55 = 246.20 page-4966190e7ca45b28.js:1:14434
     - Sunny Milk: 6 × 16.667 = 100.00 page-4966190e7ca45b28.js:1:14434
     - Cheese Slice: 3 × 3.056 = 9.17 page-4966190e7ca45b28.js:1:14434
     - Five Roses Tea: 30 × 0.64 = 19.20 page-4966190e7ca45b28.js:1:14434
     - Rooibos Tea: 80 × 0.475 = 38.00 page-4966190e7ca45b28.js:1:14434
     - Liqui Fruit Can 300ml: 3 × 10.25 = 30.75 page-4966190e7ca45b28.js:1:14434
     SUBTOTAL: 798.07 page-4966190e7ca45b28.js:1:14530
  5402. DL-00393 (2026-02-13T00:00:00.000Z): page-4966190e7ca45b28.js:1:14168
     - Chicken: 9.1 × 45.105 = 410.46 page-4966190e7ca45b28.js:1:14434
     - Tastic Rice: 1 × 18.4 = 18.40 page-4966190e7ca45b28.js:1:14434
     - Brown Sugar: 1 × 16.7 = 16.70 page-4966190e7ca45b28.js:1:14434
     - White Bread: 1 × 16.29 = 16.29 page-4966190e7ca45b28.js:1:14434
     - Cheese Slice: 6 × 3.056 = 18.34 page-4966190e7ca45b28.js:1:14434
     - Eggs: 8 × 1.917 = 15.34 page-4966190e7ca45b28.js:1:14434
     - Top Score Maize Meal: 0.6 × 13.2 = 7.92 page-4966190e7ca45b28.js:1:14434
     - Umcenge Milk: 1 × 18.333 = 18.33 page-4966190e7ca45b28.js:1:14434
     SUBTOTAL: 521.77 page-4966190e7ca45b28.js:1:14530
  5403. DL-00380 (2026-02-13T00:00:00.000Z): page-4966190e7ca45b28.js:1:14168
     - Sihlobo Rice: 25 × 10.476 = 261.90 page-4966190e7ca45b28.js:1:14434
     - Chicken: 76.15 × 45.105 = 3434.75 page-4966190e7ca45b28.js:1:14434
     - Lettuce: 46 × 6.99 = 321.54 page-4966190e7ca45b28.js:1:14434
     - Carrots: 22 × 8 = 176.00 page-4966190e7ca45b28.js:1:14434
     - Onion: 5.6 × 7.5 = 42.00 page-4966190e7ca45b28.js:1:14434
     - Sweet-Chilli Sauce: 2 × 51 = 102.00 page-4966190e7ca45b28.js:1:14434
     - Sun Sun Cooking Oil: 2 × 30.5 = 61.00 page-4966190e7ca45b28.js:1:14434
     - Ruchi Tumeric: 1 × 93 = 93.00 page-4966190e7ca45b28.js:1:14434
     - Spice Mix: 0.4 × 70 = 28.00 page-4966190e7ca45b28.js:1:14434
     - Exotic Paprika: 1 × 124 = 124.00 page-4966190e7ca45b28.js:1:14434
     - Green Pepper: 0.5 × 39.98 = 19.99 page-4966190e7ca45b28.js:1:14434
     - Exotic Six 4 All: 1 × 83 = 83.00 page-4966190e7ca45b28.js:1:14434
     - Country Mix: 1 × 52.17 = 52.17 page-4966190e7ca45b28.js:1:14434
     - Chicken Stock: 0.6 × 120.792 = 72.48 page-4966190e7ca45b28.js:1:14434
     - Cake Flour: 0.4 × 14.16 = 5.66 page-4966190e7ca45b28.js:1:14434
     - Yellow Pepper: 1 × 90.376 = 90.38 page-4966190e7ca45b28.js:1:14434
     - Red Pepper: 0.9 × 58.14 = 52.33 page-4966190e7ca45b28.js:1:14434
     - Soup: 3.72 × 4.2 = 15.62 page-4966190e7ca45b28.js:1:14434
     - Mixed Vegetables: 1 × 52.17 = 52.17 page-4966190e7ca45b28.js:1:14434
     - FOMO 40: 28 × 0.673 = 18.84 page-4966190e7ca45b28.js:1:14434
     - Domestos 750ml : 1 × 32 = 32.00 page-4966190e7ca45b28.js:1:14434
     - Dish Wash: 4 × 0 = 0.00 page-4966190e7ca45b28.js:1:14434
     - Cling Wrap: 1 × 300 = 300.00 page-4966190e7ca45b28.js:1:14434
     - Food Gloves: 1 × 10.04 = 10.04 page-4966190e7ca45b28.js:1:14434
     - Bleach: 5 × 232 = 1160.00 page-4966190e7ca45b28.js:1:14434
     - Mask: 10 × 0.5 = 5.00 page-4966190e7ca45b28.js:1:14434
     - Still Water 500ml: 1 × 4 = 4.00 page-4966190e7ca45b28.js:1:14434
     SUBTOTAL: 6617.86 page-4966190e7ca45b28.js:1:14530
  5404. DL-00396 (2026-02-13T00:00:00.000Z): page-4966190e7ca45b28.js:1:14168
     - Brown Bread: 3 × 14.19 = 42.57 page-4966190e7ca45b28.js:1:14434
     - Brown Sugar: 1 × 16.7 = 16.70 page-4966190e7ca45b28.js:1:14434
     - White Bread: 5 × 16.29 = 81.45 page-4966190e7ca45b28.js:1:14434
     - Eggs: 10 × 1.917 = 19.17 page-4966190e7ca45b28.js:1:14434
     - Rooibos Tea: 13 × 0.475 = 6.17 page-4966190e7ca45b28.js:1:14434
     - Five Roses Tea: 4 × 0.64 = 2.56 page-4966190e7ca45b28.js:1:14434
     - Clover Milk: 1 × 19.67 = 19.67 page-4966190e7ca45b28.js:1:14434
     - Chicken: 5.4 × 45.105 = 243.57 page-4966190e7ca45b28.js:1:14434
     - Still Water 500ml: 5 × 4 = 20.00 page-4966190e7ca45b28.js:1:14434
     - Liqui Fruit Can 300ml: 2 × 10.25 = 20.50 page-4966190e7ca45b28.js:1:14434
     - Soft Drink 300ml: 3 × 11.667 = 35.00 page-4966190e7ca45b28.js:1:14434
     - Soft Drink 2L: 1 × 23.667 = 23.67 page-4966190e7ca45b28.js:1:14434
     - Cheese Slice: 12 × 3.056 = 36.67 page-4966190e7ca45b28.js:1:14434
     SUBTOTAL: 567.70 page-4966190e7ca45b28.js:1:14530
  5405. DL-00397 (2026-02-13T00:00:00.000Z): page-4966190e7ca45b28.js:1:14168
     - White Bread: 1 × 16.29 = 16.29 page-4966190e7ca45b28.js:1:14434
     - Brown Bread: 2 × 14.19 = 28.38 page-4966190e7ca45b28.js:1:14434
     - Rama: 1 × 52.667 = 52.67 page-4966190e7ca45b28.js:1:14434
     - Cheese Slice: 13 × 3.056 = 39.73 page-4966190e7ca45b28.js:1:14434
     - Cake Flour: 5 × 14.16 = 70.80 page-4966190e7ca45b28.js:1:14434
     - Self Raising Flour: 2.6 × 15.15 = 39.39 page-4966190e7ca45b28.js:1:14434
     - Brown Sugar: 1.3 × 16.7 = 21.71 page-4966190e7ca45b28.js:1:14434
     - White Sugar: 1 × 19.4 = 19.40 page-4966190e7ca45b28.js:1:14434
     - Umcenge Milk: 1 × 18.333 = 18.33 page-4966190e7ca45b28.js:1:14434
     - Eggs: 26 × 1.917 = 49.84 page-4966190e7ca45b28.js:1:14434
     - Lettuce: 1 × 5 = 5.00 page-4966190e7ca45b28.js:1:14434
     - Bacon: 1 × 95 = 95.00 page-4966190e7ca45b28.js:1:14434
     - Cooking Oil: 2 × 30 = 60.00 page-4966190e7ca45b28.js:1:14434
     - Five Roses Sachet : 2 × 2.72 = 5.44 page-4966190e7ca45b28.js:1:14434
     - Tomatoes: 1 × 19.995 = 20.00 page-4966190e7ca45b28.js:1:14434
     - Jacobs Sachets: 3 × 4.25 = 12.75 page-4966190e7ca45b28.js:1:14434
     - Selati Brown Sugar: 6 × 0.26 = 1.56 page-4966190e7ca45b28.js:1:14434
     - Cloretes: 56 × 0.607 = 33.99 page-4966190e7ca45b28.js:1:14434
     - Nik-Naks 50g: 5 × 5.583 = 27.91 page-4966190e7ca45b28.js:1:14434
     - Cream: 0.5 × 123.98 = 61.99 page-4966190e7ca45b28.js:1:14434
     - Emasi: 2 × 14.995 = 29.99 page-4966190e7ca45b28.js:1:14434
     - Coconut: 0.2 × 274.95 = 54.99 page-4966190e7ca45b28.js:1:14434
     - Beef Stewing: 3.5 × 127.802 = 447.31 page-4966190e7ca45b28.js:1:14434
     - Chicken: 7.4 × 45.105 = 333.78 page-4966190e7ca45b28.js:1:14434
     - Tastic Rice: 3.5 × 18.4 = 64.40 page-4966190e7ca45b28.js:1:14434
     - Spinach: 5 × 8 = 40.00 page-4966190e7ca45b28.js:1:14434
     - Onion: 1 × 7.5 = 7.50 page-4966190e7ca45b28.js:1:14434
     - Exotic Six 4 All: 0.5 × 83 = 41.50 page-4966190e7ca45b28.js:1:14434
     - Exotic Paprika: 0.5 × 124 = 62.00 page-4966190e7ca45b28.js:1:14434
     - Pork Chops: 0.85 × 92 = 78.20 page-4966190e7ca45b28.js:1:14434
     - Brocolli: 1 × 32.99 = 32.99 page-4966190e7ca45b28.js:1:14434
     - Beef Stock Cubes 240g: 0.24 × 27.99 = 6.72 page-4966190e7ca45b28.js:1:14434
     - Spice Mix: 0.4 × 70 = 28.00 page-4966190e7ca45b28.js:1:14434
     - Green Pepper: 0.4 × 39.98 = 15.99 page-4966190e7ca45b28.js:1:14434
     - Red Pepper: 0.25 × 58.14 = 14.54 page-4966190e7ca45b28.js:1:14434
     - Yellow Pepper: 0.25 × 48.276 = 12.07 page-4966190e7ca45b28.js:1:14434
     - FOMO 40: 75 × 0.673 = 50.48 page-4966190e7ca45b28.js:1:14434
     - Mayonnaise: 1 × 56 = 56.00 page-4966190e7ca45b28.js:1:14434
     - Soft Drink 1L: 1 × 16.375 = 16.38 page-4966190e7ca45b28.js:1:14434
     - Soft Drink 2L: 4 × 23.667 = 94.67 page-4966190e7ca45b28.js:1:14434
     - Soft Drink 300ml: 1 × 11.667 = 11.67 page-4966190e7ca45b28.js:1:14434
     - Liqui Fruit Can 300ml: 2 × 10.25 = 20.50 page-4966190e7ca45b28.js:1:14434
     - Score 500ml: 3 × 8.333 = 25.00 page-4966190e7ca45b28.js:1:14434
     - Ice-Tea 500ml: 2 × 16.5 = 33.00 page-4966190e7ca45b28.js:1:14434
     - Kingsize 300ml: 2 × 7.396 = 14.79 page-4966190e7ca45b28.js:1:14434
     - Cabana: 2 × 13.167 = 26.33 page-4966190e7ca45b28.js:1:14434
     - Still Water 500ml: 1 × 4.167 = 4.17 page-4966190e7ca45b28.js:1:14434
     - Sparkling Water 500ml: 5 × 6.417 = 32.09 page-4966190e7ca45b28.js:1:14434
     SUBTOTAL: 2335.21 page-4966190e7ca45b28.js:1:14530
  5406. DL-00398 (2026-02-13T00:00:00.000Z): page-4966190e7ca45b28.js:1:14168
     - Chicken Breast: 5 × 45.11 = 225.55 page-4966190e7ca45b28.js:1:14434
     - Green Pepper: 0.34 × 39.98 = 13.59 page-4966190e7ca45b28.js:1:14434
     - Onion: 2.6 × 7.5 = 19.50 page-4966190e7ca45b28.js:1:14434
     - Clover Milk: 4 × 19.67 = 78.68 page-4966190e7ca45b28.js:1:14434
     - Red Pepper: 1.85 × 58.14 = 107.56 page-4966190e7ca45b28.js:1:14434
     - Cake Flour: 9.1 × 14.16 = 128.86 page-4966190e7ca45b28.js:1:14434
     - Brown Sugar: 0.4 × 16.7 = 6.68 page-4966190e7ca45b28.js:1:14434
     - Brown Bread: 4 × 14.19 = 56.76 page-4966190e7ca45b28.js:1:14434
     - Yeast 10g: 2 × 3.43 = 6.86 page-4966190e7ca45b28.js:1:14434
     - Chicken Drumsticks: 12.6 × 58.96 = 742.90 page-4966190e7ca45b28.js:1:14434
     - Hake Fillet: 5 × 144.336 = 721.68 page-4966190e7ca45b28.js:1:14434
     - Beef Stewing: 15.08 × 124.995 = 1884.92 page-4966190e7ca45b28.js:1:14434
     - Romi: 2 × 23.533 = 47.07 page-4966190e7ca45b28.js:1:14434
     - Eggs: 71 × 1.917 = 136.11 page-4966190e7ca45b28.js:1:14434
     - Cooking Oil: 8 × 30 = 240.00 page-4966190e7ca45b28.js:1:14434
     - Red Onion: 0.15 × 49.99 = 7.50 page-4966190e7ca45b28.js:1:14434
     - Mozzarella Cheese: 3.15 × 194.5 = 612.67 page-4966190e7ca45b28.js:1:14434
     - Cheddar Cheese: 2.8 × 180.885 = 506.48 page-4966190e7ca45b28.js:1:14434
     - Mince Meat: 14.54 × 129.98 = 1889.91 page-4966190e7ca45b28.js:1:14434
     - Umcenge Milk 500ML: 1 × 23 = 23.00 page-4966190e7ca45b28.js:1:14434
     - Mayonnaise: 1.1 × 47 = 51.70 page-4966190e7ca45b28.js:1:14434
     - Pop-corn: 5 × 8 = 40.00 page-4966190e7ca45b28.js:1:14434
     - Lemon juice: 2 × 35.5 = 71.00 page-4966190e7ca45b28.js:1:14434
     - Lettuce: 22 × 5 = 110.00 page-4966190e7ca45b28.js:1:14434
     - Yellow Pepper: 1 × 90.376 = 90.38 page-4966190e7ca45b28.js:1:14434
     - Nik-Naks 50g: 48 × 5.583 = 267.98 page-4966190e7ca45b28.js:1:14434
     - Simba 36g: 96 × 7.078 = 679.49 page-4966190e7ca45b28.js:1:14434
     - Liqui Fruit Can 300ml: 100 × 10.25 = 1025.00 page-4966190e7ca45b28.js:1:14434
     - Apple: 10.1 × 16.667 = 168.34 page-4966190e7ca45b28.js:1:14434
     - Cucumber: 2 × 14.99 = 29.98 page-4966190e7ca45b28.js:1:14434
     - Fomo 5: 100 × 0.308 = 30.80 page-4966190e7ca45b28.js:1:14434
     - FOMO 73: 200 × 0.368 = 73.60 page-4966190e7ca45b28.js:1:14434
     SUBTOTAL: 10094.54 page-4966190e7ca45b28.js:1:14530
  5407. DL-00394 (2026-02-13T00:00:00.000Z): page-4966190e7ca45b28.js:1:14168
     - Apple: 24.6 × 16.667 = 410.01 page-4966190e7ca45b28.js:1:14434
     - Banana: 8.2 × 11.989 = 98.31 page-4966190e7ca45b28.js:1:14434
     SUBTOTAL: 508.32 page-4966190e7ca45b28.js:1:14530
  5408. DL-00391 (2026-02-13T00:00:00.000Z): page-4966190e7ca45b28.js:1:14168
     - Chicken: 9.2 × 45.105 = 414.97 page-4966190e7ca45b28.js:1:14434
     - Tastic Rice: 1 × 18.4 = 18.40 page-4966190e7ca45b28.js:1:14434
     - Mega Maize Rice: 0.5 × 18.4 = 9.20 page-4966190e7ca45b28.js:1:14434
     - Cooking Oil: 2 × 30 = 60.00 page-4966190e7ca45b28.js:1:14434
     - Potatoes: 5 × 7 = 35.00 page-4966190e7ca45b28.js:1:14434
     - Cake Flour: 2 × 14.16 = 28.32 page-4966190e7ca45b28.js:1:14434
     - Carrots: 1 × 8 = 8.00 page-4966190e7ca45b28.js:1:14434
     - Cucumber: 1 × 14.99 = 14.99 page-4966190e7ca45b28.js:1:14434
     - Top Score Maize Meal: 1 × 13.2 = 13.20 page-4966190e7ca45b28.js:1:14434
     - Mushrooms: 0.25 × 111.96 = 27.99 page-4966190e7ca45b28.js:1:14434
     - Dishwash Liquid: 1 × 12.32 = 12.32 page-4966190e7ca45b28.js:1:14434
     - Lemon: 1 × 24.99 = 24.99 page-4966190e7ca45b28.js:1:14434
     - Cheese Slice: 6 × 3.056 = 18.34 page-4966190e7ca45b28.js:1:14434
     - Mayonnaise: 1 × 56 = 56.00 page-4966190e7ca45b28.js:1:14434
     - Liqui Fruit Can 300ml: 16 × 10.25 = 164.00 page-4966190e7ca45b28.js:1:14434
     - Krush 200ML: 7 × 7.167 = 50.17 page-4966190e7ca45b28.js:1:14434
     - Still Water 500ml: 3 × 4.167 = 12.50 page-4966190e7ca45b28.js:1:14434
     - Onion: 1 × 7.5 = 7.50 page-4966190e7ca45b28.js:1:14434
     SUBTOTAL: 975.88 page-4966190e7ca45b28.js:1:14530
  5409. DL-00387 (2026-02-13T00:00:00.000Z): page-4966190e7ca45b28.js:1:14168
     - Yoghurt 1kg Low fat: 1 × 40 = 40.00 page-4966190e7ca45b28.js:1:14434
     SUBTOTAL: 40.00 page-4966190e7ca45b28.js:1:14530
  5410. DL-00382 (2026-02-13T00:00:00.000Z): page-4966190e7ca45b28.js:1:14168
     - Top Score Maize Meal: 6.33 × 12.2 = 77.23 page-4966190e7ca45b28.js:1:14434
     - Emabele: 5.5 × 16 = 88.00 page-4966190e7ca45b28.js:1:14434
     - Clover Milk: 2 × 19.67 = 39.34 page-4966190e7ca45b28.js:1:14434
     - Umcenge Milk: 2 × 18.333 = 36.67 page-4966190e7ca45b28.js:1:14434
     - Oros: 1 × 91 = 91.00 page-4966190e7ca45b28.js:1:14434
     - Brown Bread: 12 × 14.59 = 175.08 page-4966190e7ca45b28.js:1:14434
     - White Bread: 4 × 16.29 = 65.16 page-4966190e7ca45b28.js:1:14434
     - Cheese Slice: 144 × 3.056 = 440.06 page-4966190e7ca45b28.js:1:14434
     - Cooking Oil: 1 × 30.5 = 30.50 page-4966190e7ca45b28.js:1:14434
     - FOMO Cups 250ml: 125 × 0.34 = 42.50 page-4966190e7ca45b28.js:1:14434
     - FOMO 6: 10 × 0.312 = 3.12 page-4966190e7ca45b28.js:1:14434
     - Plastic Spoons : 100 × 0.35 = 35.00 page-4966190e7ca45b28.js:1:14434
     - Fusion: 1 × 35 = 35.00 page-4966190e7ca45b28.js:1:14434
     - Rama: 1 × 52.667 = 52.67 page-4966190e7ca45b28.js:1:14434
     SUBTOTAL: 1211.32 page-4966190e7ca45b28.js:1:14530
  5411. DL-00378 (2026-02-13T00:00:00.000Z): page-4966190e7ca45b28.js:1:14168
     - Top Score Maize Meal: 7.2 × 12.2 = 87.84 page-4966190e7ca45b28.js:1:14434
     - Emabele: 5 × 16 = 80.00 page-4966190e7ca45b28.js:1:14434
     - Romi: 1 × 11.77 = 11.77 page-4966190e7ca45b28.js:1:14434
     - Nespray 1.8kg : 1.8 × 314.99 = 566.98 page-4966190e7ca45b28.js:1:14434
     SUBTOTAL: 746.59 page-4966190e7ca45b28.js:1:14530
  5412. DL-00373 (2026-02-12T00:00:00.000Z): page-4966190e7ca45b28.js:1:14168
     - Potatoes: 2 × 7 = 14.00 page-4966190e7ca45b28.js:1:14434
     - Onion: 2 × 7.5 = 15.00 page-4966190e7ca45b28.js:1:14434
     - Liqui Fruit Can 300ml: 3 × 10.25 = 30.75 page-4966190e7ca45b28.js:1:14434
     - Ox-Liver: 13.86 × 78.213 = 1084.03 page-4966190e7ca45b28.js:1:14434
     - Chicken: 4.44 × 45.105 = 200.27 page-4966190e7ca45b28.js:1:14434
     - Sihlobo Rice: 10 × 10.476 = 104.76 page-4966190e7ca45b28.js:1:14434
     - Top Score Maize Meal: 3 × 12.2 = 36.60 page-4966190e7ca45b28.js:1:14434
     - Refuse Bag Roll: 1 × 27.9 = 27.90 page-4966190e7ca45b28.js:1:14434
     - Dishwash Liquid: 1 × 12.32 = 12.32 page-4966190e7ca45b28.js:1:14434
     - Bleach: 1 × 232 = 232.00 page-4966190e7ca45b28.js:1:14434
     SUBTOTAL: 1757.63 page-4966190e7ca45b28.js:1:14530
  5413. DL-00363 (2026-02-12T00:00:00.000Z): page-4966190e7ca45b28.js:1:14168
     - Chicken: 8.56 × 45.105 = 386.10 page-4966190e7ca45b28.js:1:14434
     - Sihlobo Rice: 4 × 10.476 = 41.90 page-4966190e7ca45b28.js:1:14434
     - Tissue: 4 × 4.9 = 19.60 page-4966190e7ca45b28.js:1:14434
     - Rooibos Tea: 6 × 0.475 = 2.85 page-4966190e7ca45b28.js:1:14434
     - Umcenge Milk: 1 × 18.333 = 18.33 page-4966190e7ca45b28.js:1:14434
     - Brown Sugar: 0.75 × 16.7 = 12.52 page-4966190e7ca45b28.js:1:14434
     SUBTOTAL: 481.31 page-4966190e7ca45b28.js:1:14530
  5414. DL-00358 (2026-02-12T00:00:00.000Z): page-4966190e7ca45b28.js:1:14168
     - Brown Sugar: 4 × 16.7 = 66.80 page-4966190e7ca45b28.js:1:14434
     - Ice bag: 1 × 14 = 14.00 page-4966190e7ca45b28.js:1:14434
     - Clover Milk: 2 × 19.67 = 39.34 page-4966190e7ca45b28.js:1:14434
     - Umcenge Milk: 3 × 18.333 = 55.00 page-4966190e7ca45b28.js:1:14434
     - FOMO 6: 50 × 0.312 = 15.60 page-4966190e7ca45b28.js:1:14434
     - Fomo Tubs: 10 × 0.684 = 6.84 page-4966190e7ca45b28.js:1:14434
     - Plastic Spoons : 1 × 0.35 = 0.35 page-4966190e7ca45b28.js:1:14434
     - Jungle Oats: 0.5 × 38 = 19.00 page-4966190e7ca45b28.js:1:14434
     - Top Score Maize Meal: 3.09 × 12.2 = 37.70 page-4966190e7ca45b28.js:1:14434
     - Emabele: 2.5 × 16 = 40.00 page-4966190e7ca45b28.js:1:14434
     - White Sugar: 0.5 × 19.4 = 9.70 page-4966190e7ca45b28.js:1:14434
     - White Bread: 4 × 15.91 = 63.64 page-4966190e7ca45b28.js:1:14434
     - Rooibos Tea: 22 × 0.475 = 10.45 page-4966190e7ca45b28.js:1:14434
     SUBTOTAL: 378.42 page-4966190e7ca45b28.js:1:14530
  5415. DL-00370 (2026-02-12T00:00:00.000Z): page-4966190e7ca45b28.js:1:14168
     - Top Score Maize Meal: 25 × 12.2 = 305.00 page-4966190e7ca45b28.js:1:14434
     - Mince Meat: 1 × 129.991 = 129.99 page-4966190e7ca45b28.js:1:14434
     - Chicken: 1.8 × 45.105 = 81.19 page-4966190e7ca45b28.js:1:14434
     - Carrots: 3.85 × 8 = 30.80 page-4966190e7ca45b28.js:1:14434
     - Onion: 3.95 × 7.5 = 29.63 page-4966190e7ca45b28.js:1:14434
     - Green Pepper: 0.6 × 39.98 = 23.99 page-4966190e7ca45b28.js:1:14434
     - Cabbage: 8 × 16 = 128.00 page-4966190e7ca45b28.js:1:14434
     - Rajah (Medium): 0.1 × 200 = 20.00 page-4966190e7ca45b28.js:1:14434
     - Sun Sun Cooking Oil: 2 × 30.5 = 61.00 page-4966190e7ca45b28.js:1:14434
     - Chicken Stock: 0.6 × 27.99 = 16.79 page-4966190e7ca45b28.js:1:14434
     - Soup: 3.1 × 4.2 = 13.02 page-4966190e7ca45b28.js:1:14434
     - Cake Flour: 0.45 × 14.16 = 6.37 page-4966190e7ca45b28.js:1:14434
     SUBTOTAL: 845.78 page-4966190e7ca45b28.js:1:14530
  5416. DL-00371 (2026-02-12T00:00:00.000Z): page-4966190e7ca45b28.js:1:14168
     - Hake Fillet: 2.05 × 144.336 = 295.89 page-4966190e7ca45b28.js:1:14434
     - Chicken: 3.5 × 45.105 = 157.87 page-4966190e7ca45b28.js:1:14434
     - Tastic Rice: 1 × 18.4 = 18.40 page-4966190e7ca45b28.js:1:14434
     - Brocolli: 3 × 32.99 = 98.97 page-4966190e7ca45b28.js:1:14434
     - Cauliflower: 2 × 29.99 = 59.98 page-4966190e7ca45b28.js:1:14434
     - Beetroot: 1 × 12 = 12.00 page-4966190e7ca45b28.js:1:14434
     - Refuse Bag Roll: 1 × 27.9 = 27.90 page-4966190e7ca45b28.js:1:14434
     - Onion: 1 × 7.5 = 7.50 page-4966190e7ca45b28.js:1:14434
     - Green Pepper: 1 × 39.98 = 39.98 page-4966190e7ca45b28.js:1:14434
     - Red Pepper: 0.2 × 58.14 = 11.63 page-4966190e7ca45b28.js:1:14434
     - Yellow Pepper: 0.45 × 90.376 = 40.67 page-4966190e7ca45b28.js:1:14434
     - Macaroni: 1 × 33.6 = 33.60 page-4966190e7ca45b28.js:1:14434
     - Baby Marrow: 0.4 × 39.975 = 15.99 page-4966190e7ca45b28.js:1:14434
     - Cream: 0.5 × 123.98 = 61.99 page-4966190e7ca45b28.js:1:14434
     - Umcenge Milk: 1 × 18.333 = 18.33 page-4966190e7ca45b28.js:1:14434
     - Mushrooms: 0.25 × 119.96 = 29.99 page-4966190e7ca45b28.js:1:14434
     - Cheddar Cheese: 1 × 180.885 = 180.88 page-4966190e7ca45b28.js:1:14434
     - Mozzarella Cheese: 1 × 194.5 = 194.50 page-4966190e7ca45b28.js:1:14434
     - Top Score Maize Meal: 1 × 12.2 = 12.20 page-4966190e7ca45b28.js:1:14434
     - Cooking Oil: 1 × 30.5 = 30.50 page-4966190e7ca45b28.js:1:14434
     - Sweet-Chilli Sauce: 1 × 51 = 51.00 page-4966190e7ca45b28.js:1:14434
     - Plain Madeira : 1 × 14.99 = 14.99 page-4966190e7ca45b28.js:1:14434
     - Still Water 500ml: 1 × 4.167 = 4.17 page-4966190e7ca45b28.js:1:14434
     - Banana: 1 × 7.107 = 7.11 page-4966190e7ca45b28.js:1:14434
     - Nectarines: 1 × 29.99 = 29.99 page-4966190e7ca45b28.js:1:14434
     - Pears: 1 × 33.49 = 33.49 page-4966190e7ca45b28.js:1:14434
     SUBTOTAL: 1489.52 page-4966190e7ca45b28.js:1:14530
  5417. DL-00367 (2026-02-12T00:00:00.000Z): page-4966190e7ca45b28.js:1:14168
     - Brown Sugar: 0.95 × 16.7 = 15.86 page-4966190e7ca45b28.js:1:14434
     - Rooibos Tea: 9 × 0.475 = 4.27 page-4966190e7ca45b28.js:1:14434
     - Brown Bread: 1 × 14.19 = 14.19 page-4966190e7ca45b28.js:1:14434
     - White Bread: 4 × 15.91 = 63.64 page-4966190e7ca45b28.js:1:14434
     - Hake Fillet: 3.2 × 155.2 = 496.64 page-4966190e7ca45b28.js:1:14434
     - Soft Drink 300ml: 2 × 11.667 = 23.33 page-4966190e7ca45b28.js:1:14434
     - Chicken Drumsticks: 0.4 × 58.96 = 23.58 page-4966190e7ca45b28.js:1:14434
     - Cheddar Cheese: 0.1 × 180.885 = 18.09 page-4966190e7ca45b28.js:1:14434
     - Eggs: 1 × 1.917 = 1.92 page-4966190e7ca45b28.js:1:14434
     - Sihlobo Rice: 3 × 10.476 = 31.43 page-4966190e7ca45b28.js:1:14434
     - Five Roses Tea: 2 × 0.64 = 1.28 page-4966190e7ca45b28.js:1:14434
     - Cheese Slice: 9 × 3.056 = 27.50 page-4966190e7ca45b28.js:1:14434
     - Umcenge Milk 500ML: 1 × 18.333 = 18.33 page-4966190e7ca45b28.js:1:14434
     - Liqui Fruit Can 300ml: 6 × 10.25 = 61.50 page-4966190e7ca45b28.js:1:14434
     SUBTOTAL: 801.58 page-4966190e7ca45b28.js:1:14530
  5418. DL-00377 (2026-02-12T00:00:00.000Z): page-4966190e7ca45b28.js:1:14168
     - Brown Bread: 1 × 14.59 = 14.59 page-4966190e7ca45b28.js:1:14434
     - White Bread: 1 × 16.29 = 16.29 page-4966190e7ca45b28.js:1:14434
     - Self Raising Flour: 2.5 × 16 = 40.00 page-4966190e7ca45b28.js:1:14434
     - Cake Flour: 5 × 14.16 = 70.80 page-4966190e7ca45b28.js:1:14434
     - Brown Sugar: 1.3 × 16.7 = 21.71 page-4966190e7ca45b28.js:1:14434
     - White Sugar: 1 × 19.4 = 19.40 page-4966190e7ca45b28.js:1:14434
     - Eggs: 21 × 1.917 = 40.26 page-4966190e7ca45b28.js:1:14434
     - Lettuce: 1 × 6.99 = 6.99 page-4966190e7ca45b28.js:1:14434
     - Tomatoes: 1 × 17.99 = 17.99 page-4966190e7ca45b28.js:1:14434
     - Rama: 1 × 52.667 = 52.67 page-4966190e7ca45b28.js:1:14434
     - Plain Yoghurt 150G: 2 × 14.49 = 28.98 page-4966190e7ca45b28.js:1:14434
     - Yeast 10g: 0.4 × 3.43 = 1.37 page-4966190e7ca45b28.js:1:14434
     - Cheese Slice: 10 × 3.056 = 30.56 page-4966190e7ca45b28.js:1:14434
     - Umcenge Milk: 1 × 18.333 = 18.33 page-4966190e7ca45b28.js:1:14434
     - Cooking Oil: 2 × 30.5 = 61.00 page-4966190e7ca45b28.js:1:14434
     - Red Pepper: 0.25 × 89.899 = 22.47 page-4966190e7ca45b28.js:1:14434
     - Pot Scourer: 4 × 1.111 = 4.44 page-4966190e7ca45b28.js:1:14434
     SUBTOTAL: 467.86 page-4966190e7ca45b28.js:1:14530
  5419. DL-00360 (2026-02-12T00:00:00.000Z): page-4966190e7ca45b28.js:1:14168
     - Top Score Maize Meal: 7.1 × 12.2 = 86.62 page-4966190e7ca45b28.js:1:14434
     - Emabele: 5 × 16 = 80.00 page-4966190e7ca45b28.js:1:14434
     - Romi: 1 × 11.77 = 11.77 page-4966190e7ca45b28.js:1:14434
     - Nespray 1.8kg : 1.8 × 314.99 = 566.98 page-4966190e7ca45b28.js:1:14434
     SUBTOTAL: 745.37 page-4966190e7ca45b28.js:1:14530
  5420. DL-00374 (2026-02-12T00:00:00.000Z): page-4966190e7ca45b28.js:1:14168
     - Beef Burgers: 0.2 × 150 = 30.00 page-4966190e7ca45b28.js:1:14434
     - Eggs: 2 × 1.917 = 3.83 page-4966190e7ca45b28.js:1:14434
     - Cheese Slice: 2 × 3.056 = 6.11 page-4966190e7ca45b28.js:1:14434
     - Jacobs Sachets: 3 × 4.25 = 12.75 page-4966190e7ca45b28.js:1:14434
     - Rooibos Tea: 3 × 0.475 = 1.42 page-4966190e7ca45b28.js:1:14434
     SUBTOTAL: 54.12 page-4966190e7ca45b28.js:1:14530
  5421. DL-00372 (2026-02-12T00:00:00.000Z): page-4966190e7ca45b28.js:1:14168
     - Butternut: 6 × 7 = 42.00 page-4966190e7ca45b28.js:1:14434
     - Brown Bread: 2 × 14.19 = 28.38 page-4966190e7ca45b28.js:1:14434
     - Brown Sugar: 2.36 × 16.7 = 39.41 page-4966190e7ca45b28.js:1:14434
     - White Bread: 2 × 15.91 = 31.82 page-4966190e7ca45b28.js:1:14434
     - Cake Flour: 3 × 14.16 = 42.48 page-4966190e7ca45b28.js:1:14434
     - Carrots: 2 × 8 = 16.00 page-4966190e7ca45b28.js:1:14434
     - Beef Stewing: 4 × 124.995 = 499.98 page-4966190e7ca45b28.js:1:14434
     - Beetroot: 2.5 × 12 = 30.00 page-4966190e7ca45b28.js:1:14434
     - Braai Wors: 0.78 × 89.993 = 70.19 page-4966190e7ca45b28.js:1:14434
     - Cling Wrap: 1 × 300 = 300.00 page-4966190e7ca45b28.js:1:14434
     - Cooking Oil: 4 × 30.5 = 122.00 page-4966190e7ca45b28.js:1:14434
     - Umcenge Milk: 2 × 18.333 = 36.67 page-4966190e7ca45b28.js:1:14434
     - FOMO 40: 75 × 0.673 = 50.48 page-4966190e7ca45b28.js:1:14434
     - FOMO 6: 6 × 0.312 = 1.87 page-4966190e7ca45b28.js:1:14434
     - Fomo 5: 20 × 0.308 = 6.16 page-4966190e7ca45b28.js:1:14434
     - Fomo Tubs: 36 × 0.684 = 24.62 page-4966190e7ca45b28.js:1:14434
     - Plastic Spoons : 250 × 0.35 = 87.50 page-4966190e7ca45b28.js:1:14434
     - White Sugar: 0.3 × 19.4 = 5.82 page-4966190e7ca45b28.js:1:14434
     - Top Score Maize Meal: 3 × 12.2 = 36.60 page-4966190e7ca45b28.js:1:14434
     - Eggs: 21 × 1.917 = 40.26 page-4966190e7ca45b28.js:1:14434
     - Yeast 10g: 0.2 × 3.43 = 0.69 page-4966190e7ca45b28.js:1:14434
     - Self Raising Flour: 1.5 × 16 = 24.00 page-4966190e7ca45b28.js:1:14434
     - Hake zero: 0.71 × 68 = 48.28 page-4966190e7ca45b28.js:1:14434
     - Potatoes: 7.72 × 7 = 54.04 page-4966190e7ca45b28.js:1:14434
     - Onion: 4 × 7.5 = 30.00 page-4966190e7ca45b28.js:1:14434
     - Chicken: 18.15 × 45.105 = 818.66 page-4966190e7ca45b28.js:1:14434
     - Sihlobo Rice: 7 × 10.476 = 73.33 page-4966190e7ca45b28.js:1:14434
     - Soft Drink 2L: 2 × 23.667 = 47.33 page-4966190e7ca45b28.js:1:14434
     - Soft Drink 1L: 1 × 16.375 = 16.38 page-4966190e7ca45b28.js:1:14434
     - Soft Drink 300ml: 3 × 11.667 = 35.00 page-4966190e7ca45b28.js:1:14434
     - Liqui Fruit Can 300ml: 1 × 10.25 = 10.25 page-4966190e7ca45b28.js:1:14434
     - Emahewu 1L: 1 × 14.2 = 14.20 page-4966190e7ca45b28.js:1:14434
     - Mahewu 500ml: 1 × 9.1 = 9.10 page-4966190e7ca45b28.js:1:14434
     - Still Water 500ml: 5 × 4.167 = 20.84 page-4966190e7ca45b28.js:1:14434
     SUBTOTAL: 2714.33 page-4966190e7ca45b28.js:1:14530
  5422. DL-00359 (2026-02-12T00:00:00.000Z): page-4966190e7ca45b28.js:1:14168
     - Umcenge Milk: 1 × 18.333 = 18.33 page-4966190e7ca45b28.js:1:14434
     - Rooibos Tea: 45 × 0.475 = 21.38 page-4966190e7ca45b28.js:1:14434
     - Brown Bread: 14 × 14.19 = 198.66 page-4966190e7ca45b28.js:1:14434
     - Yum-Yum: 2.75 × 92.727 = 255.00 page-4966190e7ca45b28.js:1:14434
     - FOMO Cups 250ml: 75 × 0.34 = 25.50 page-4966190e7ca45b28.js:1:14434
     - Cheese Slice: 1 × 3.056 = 3.06 page-4966190e7ca45b28.js:1:14434
     SUBTOTAL: 521.92 page-4966190e7ca45b28.js:1:14530
  5423. DL-00364 (2026-02-12T00:00:00.000Z): page-4966190e7ca45b28.js:1:14168
     - Brown Bread: 25 × 14.19 = 354.75 page-4966190e7ca45b28.js:1:14434
     - Droxford Peanut Butter: 4 × 61.55 = 246.20 page-4966190e7ca45b28.js:1:14434
     - Five Roses Tea: 30 × 0.64 = 19.20 page-4966190e7ca45b28.js:1:14434
     - Rooibos Tea: 80 × 0.475 = 38.00 page-4966190e7ca45b28.js:1:14434
     - Clover Milk: 6 × 19.67 = 118.02 page-4966190e7ca45b28.js:1:14434
     - Cheese Slice: 1 × 3.056 = 3.06 page-4966190e7ca45b28.js:1:14434
     - Liqui Fruit Can 300ml: 1 × 10.25 = 10.25 page-4966190e7ca45b28.js:1:14434
     SUBTOTAL: 789.48 page-4966190e7ca45b28.js:1:14530
  5424. DL-00357 (2026-02-12T00:00:00.000Z): page-4966190e7ca45b28.js:1:14168
     - Selati Brown Sugar: 1 × 0.26 = 0.26 page-4966190e7ca45b28.js:1:14434
     - Ellis Brown Sachets 4g: 1 × 1.19 = 1.19 page-4966190e7ca45b28.js:1:14434
     - Rooibos Tea: 1 × 0.475 = 0.47 page-4966190e7ca45b28.js:1:14434
     - Brown Bread: 1 × 14.19 = 14.19 page-4966190e7ca45b28.js:1:14434
     - White Bread: 1 × 15.91 = 15.91 page-4966190e7ca45b28.js:1:14434
     - Beef Sausages: 1 × 132.29 = 132.29 page-4966190e7ca45b28.js:1:14434
     - Pork Sausages: 0.199 × 96.99 = 19.30 page-4966190e7ca45b28.js:1:14434
     - Jungle Oats: 1 × 38 = 38.00 page-4966190e7ca45b28.js:1:14434
     - Umcenge Milk: 1 × 18.333 = 18.33 page-4966190e7ca45b28.js:1:14434
     - Eggs: 19 × 1.917 = 36.42 page-4966190e7ca45b28.js:1:14434
     - Cheese Slice: 22 × 3.056 = 67.23 page-4966190e7ca45b28.js:1:14434
     - Red Pepper: 0.2 × 58.14 = 11.63 page-4966190e7ca45b28.js:1:14434
     - Yellow Pepper: 0.3 × 90.376 = 27.11 page-4966190e7ca45b28.js:1:14434
     - Lettuce: 1 × 5 = 5.00 page-4966190e7ca45b28.js:1:14434
     - Koo Beans 410g: 3 × 14.167 = 42.50 page-4966190e7ca45b28.js:1:14434
     - Rama: 0.5 × 52.667 = 26.33 page-4966190e7ca45b28.js:1:14434
     - Liqui Fruit Can 300ml: 121 × 10.25 = 1240.25 page-4966190e7ca45b28.js:1:14434
     - Krush 200ML: 6 × 7.167 = 43.00 page-4966190e7ca45b28.js:1:14434
     - Plain Yoghurt 150G: 1 × 14.49 = 14.49 page-4966190e7ca45b28.js:1:14434
     - Yoghurt Bliss 150g: 1 × 14.49 = 14.49 page-4966190e7ca45b28.js:1:14434
     SUBTOTAL: 1768.41 page-4966190e7ca45b28.js:1:14530
  5425. DL-00366 (2026-02-12T00:00:00.000Z): page-4966190e7ca45b28.js:1:14168
     - Mega Star Samp: 20 × 15.5 = 310.00 page-4966190e7ca45b28.js:1:14434
     - Hake Fillet: 25 × 155.2 = 3880.00 page-4966190e7ca45b28.js:1:14434
     - Chicken: 9.45 × 45.105 = 426.24 page-4966190e7ca45b28.js:1:14434
     - Carrots: 3.2 × 8 = 25.60 page-4966190e7ca45b28.js:1:14434
     - Onion: 3.05 × 7.5 = 22.88 page-4966190e7ca45b28.js:1:14434
     - Butternut: 17.05 × 7 = 119.35 page-4966190e7ca45b28.js:1:14434
     - Cabbage: 10 × 16 = 160.00 page-4966190e7ca45b28.js:1:14434
     - Cake Flour: 2.3 × 14.16 = 32.57 page-4966190e7ca45b28.js:1:14434
     - Clover Milk: 1 × 19.67 = 19.67 page-4966190e7ca45b28.js:1:14434
     - Spice Mix: 0.4 × 70 = 28.00 page-4966190e7ca45b28.js:1:14434
     - Soup: 3.72 × 4.2 = 15.62 page-4966190e7ca45b28.js:1:14434
     - Chicken Stock: 0.6 × 27.99 = 16.79 page-4966190e7ca45b28.js:1:14434
     - Sun Sun Cooking Oil: 10 × 30.5 = 305.00 page-4966190e7ca45b28.js:1:14434
     - Country Mix: 1 × 52.17 = 52.17 page-4966190e7ca45b28.js:1:14434
     - Salt: 1 × 6.7 = 6.70 page-4966190e7ca45b28.js:1:14434
     - Green Pepper: 0.85 × 39.98 = 33.98 page-4966190e7ca45b28.js:1:14434
     - Dish Wash: 6.1 × 0 = 0.00 page-4966190e7ca45b28.js:1:14434
     - Butcher Bags: 1 × 71 = 71.00 page-4966190e7ca45b28.js:1:14434
     - Domestos 750ml : 2 × 32 = 64.00 page-4966190e7ca45b28.js:1:14434
     - FOMO 40: 23 × 0.673 = 15.48 page-4966190e7ca45b28.js:1:14434
     - Mask: 10 × 0.5 = 5.00 page-4966190e7ca45b28.js:1:14434
     - Refuse Bag Roll: 1 × 27.9 = 27.90 page-4966190e7ca45b28.js:1:14434
     SUBTOTAL: 5637.96 page-4966190e7ca45b28.js:1:14530
  5426. DL-00365 (2026-02-12T00:00:00.000Z): page-4966190e7ca45b28.js:1:14168
     - Brown Sugar: 7.67 × 16.7 = 128.09 page-4966190e7ca45b28.js:1:14434
     - Rooibos Tea: 80 × 0.475 = 38.00 page-4966190e7ca45b28.js:1:14434
     - Five Roses Tea: 100 × 0.64 = 64.00 page-4966190e7ca45b28.js:1:14434
     - Umcenge Milk: 6 × 18.333 = 110.00 page-4966190e7ca45b28.js:1:14434
     SUBTOTAL: 340.09 page-4966190e7ca45b28.js:1:14530
  5427. DL-00362 (2026-02-12T00:00:00.000Z): page-4966190e7ca45b28.js:1:14168
     - Potatoes: 3 × 7 = 21.00 page-4966190e7ca45b28.js:1:14434
     - Onion: 4 × 7.5 = 30.00 page-4966190e7ca45b28.js:1:14434
     - Carrots: 3.53 × 8 = 28.24 page-4966190e7ca45b28.js:1:14434
     - Cooking Oil: 2 × 30.5 = 61.00 page-4966190e7ca45b28.js:1:14434
     - Chicken: 21.9 × 45.105 = 987.80 page-4966190e7ca45b28.js:1:14434
     - Sihlobo Rice: 10 × 10.476 = 104.76 page-4966190e7ca45b28.js:1:14434
     - Lettuce: 9 × 5 = 45.00 page-4966190e7ca45b28.js:1:14434
     - Exotic Tumeric: 1 × 82 = 82.00 page-4966190e7ca45b28.js:1:14434
     - Refuse Bag Roll: 1 × 27.9 = 27.90 page-4966190e7ca45b28.js:1:14434
     - Cake Flour: 1.26 × 14.16 = 17.84 page-4966190e7ca45b28.js:1:14434
     - Exotic Paprika: 1 × 124 = 124.00 page-4966190e7ca45b28.js:1:14434
     - Sweet-Chilli Sauce: 1 × 51 = 51.00 page-4966190e7ca45b28.js:1:14434
     - Top Class Aromat: 1 × 73 = 73.00 page-4966190e7ca45b28.js:1:14434
     - Liqui Fruit Can 300ml: 3 × 10.25 = 30.75 page-4966190e7ca45b28.js:1:14434
     SUBTOTAL: 1684.29 page-4966190e7ca45b28.js:1:14530
  5428. DL-00376 (2026-02-12T00:00:00.000Z): page-4966190e7ca45b28.js:1:14168
     - Chicken: 7.15 × 45.105 = 322.50 page-4966190e7ca45b28.js:1:14434
     - Tastic Rice: 1 × 18.4 = 18.40 page-4966190e7ca45b28.js:1:14434
     - Rooibos Tea: 10 × 0.475 = 4.75 page-4966190e7ca45b28.js:1:14434
     - Cremora: 0.75 × 68 = 51.00 page-4966190e7ca45b28.js:1:14434
     - Onion: 1 × 7.5 = 7.50 page-4966190e7ca45b28.js:1:14434
     - Cheese Slice: 7 × 3.056 = 21.39 page-4966190e7ca45b28.js:1:14434
     - Eggs: 7 × 1.917 = 13.42 page-4966190e7ca45b28.js:1:14434
     - Oros: 1 × 91 = 91.00 page-4966190e7ca45b28.js:1:14434
     - Brown Bread: 1 × 14.59 = 14.59 page-4966190e7ca45b28.js:1:14434
     - White Bread: 1 × 16.29 = 16.29 page-4966190e7ca45b28.js:1:14434
     - Cooking Oil: 2 × 30.5 = 61.00 page-4966190e7ca45b28.js:1:14434
     SUBTOTAL: 621.84 page-4966190e7ca45b28.js:1:14530
  5429. DL-00369 (2026-02-12T00:00:00.000Z): page-4966190e7ca45b28.js:1:14168
     - Apple: 24.4 × 16.667 = 406.67 page-4966190e7ca45b28.js:1:14434
     - Banana: 8.05 × 7.107 = 57.21 page-4966190e7ca45b28.js:1:14434
     SUBTOTAL: 463.89 page-4966190e7ca45b28.js:1:14530
  5430. DL-00368 (2026-02-12T00:00:00.000Z): page-4966190e7ca45b28.js:1:14168
     - White Bread: 1 × 15.91 = 15.91 page-4966190e7ca45b28.js:1:14434
     - Self Raising Flour: 2.5 × 16 = 40.00 page-4966190e7ca45b28.js:1:14434
     - Brown Sugar: 0.45 × 16.7 = 7.51 page-4966190e7ca45b28.js:1:14434
     - Romi: 1 × 11.77 = 11.77 page-4966190e7ca45b28.js:1:14434
     - Eggs: 6 × 1.917 = 11.50 page-4966190e7ca45b28.js:1:14434
     - Umcenge Milk: 1 × 18.333 = 18.33 page-4966190e7ca45b28.js:1:14434
     - Liqui Fruit Can 300ml: 1 × 10.25 = 10.25 page-4966190e7ca45b28.js:1:14434
     - Soft Drink 1L: 2 × 16.375 = 32.75 page-4966190e7ca45b28.js:1:14434
     - Russian: 0.1 × 101.5 = 10.15 page-4966190e7ca45b28.js:1:14434
     SUBTOTAL: 158.18 page-4966190e7ca45b28.js:1:14530
  5431. DL-00375 (2026-02-12T00:00:00.000Z): page-4966190e7ca45b28.js:1:14168
     - Chicken: 7.15 × 45.105 = 322.50 page-4966190e7ca45b28.js:1:14434
     - Tastic Rice: 1 × 18.4 = 18.40 page-4966190e7ca45b28.js:1:14434
     - Potatoes: 10 × 7 = 70.00 page-4966190e7ca45b28.js:1:14434
     - Lettuce: 3 × 6.99 = 20.97 page-4966190e7ca45b28.js:1:14434
     - Onion: 1 × 7.5 = 7.50 page-4966190e7ca45b28.js:1:14434
     - Red Pepper: 0.45 × 89.899 = 40.45 page-4966190e7ca45b28.js:1:14434
     - Carrots: 3 × 8 = 24.00 page-4966190e7ca45b28.js:1:14434
     - Brocolli: 1 × 32.99 = 32.99 page-4966190e7ca45b28.js:1:14434
     - Cauliflower: 1 × 29.99 = 29.99 page-4966190e7ca45b28.js:1:14434
     - Top Score Maize Meal: 1.45 × 12.2 = 17.69 page-4966190e7ca45b28.js:1:14434
     - Cooking Oil: 2 × 30.5 = 61.00 page-4966190e7ca45b28.js:1:14434
     SUBTOTAL: 645.50 page-4966190e7ca45b28.js:1:14530
  5432. DL-00352 (2026-02-11T00:00:00.000Z): page-4966190e7ca45b28.js:1:14168
     - Chicken: 27.85 × 48.5 = 1350.73 page-4966190e7ca45b28.js:1:14434
     - Sihlobo Rice: 25 × 10.476 = 261.90 page-4966190e7ca45b28.js:1:14434
     - Onion: 3.97 × 7.5 = 29.78 page-4966190e7ca45b28.js:1:14434
     - Tomatoes: 2.3 × 17.99 = 41.38 page-4966190e7ca45b28.js:1:14434
     - Cucumber: 1 × 14.99 = 14.99 page-4966190e7ca45b28.js:1:14434
     - Carrots: 4.8 × 8 = 38.40 page-4966190e7ca45b28.js:1:14434
     - Still Water 500ml: 2 × 4.167 = 8.33 page-4966190e7ca45b28.js:1:14434
     - Cabbage: 7 × 16 = 112.00 page-4966190e7ca45b28.js:1:14434
     - Green Pepper: 0.5 × 39.98 = 19.99 page-4966190e7ca45b28.js:1:14434
     - Sun Sun Cooking Oil: 2 × 30.5 = 61.00 page-4966190e7ca45b28.js:1:14434
     - Soup: 3.1 × 4.2 = 13.02 page-4966190e7ca45b28.js:1:14434
     - Spice Mix: 0.4 × 70 = 28.00 page-4966190e7ca45b28.js:1:14434
     - Exotic Six 4 All: 1 × 83 = 83.00 page-4966190e7ca45b28.js:1:14434
     - Chicken Stock: 0.6 × 27.99 = 16.79 page-4966190e7ca45b28.js:1:14434
     - FOMO 40: 2 × 0.673 = 1.35 page-4966190e7ca45b28.js:1:14434
     SUBTOTAL: 2080.65 page-4966190e7ca45b28.js:1:14530
  5433. DL-00355 (2026-02-11T00:00:00.000Z): page-4966190e7ca45b28.js:1:14168
     - Umcenge Milk: 8 × 18.333 = 146.66 page-4966190e7ca45b28.js:1:14434
     - Brown Sugar: 2.45 × 16.7 = 40.91 page-4966190e7ca45b28.js:1:14434
     - Rooibos Tea: 80 × 0.475 = 38.00 page-4966190e7ca45b28.js:1:14434
     - Five Roses Tea: 100 × 0.64 = 64.00 page-4966190e7ca45b28.js:1:14434
     SUBTOTAL: 289.58 page-4966190e7ca45b28.js:1:14530
  5434. DL-00353 (2026-02-11T00:00:00.000Z): page-4966190e7ca45b28.js:1:14168
     - Banana: 6.4 × 7.107 = 45.48 page-4966190e7ca45b28.js:1:14434
     - Apple: 24.15 × 16.667 = 402.51 page-4966190e7ca45b28.js:1:14434
     SUBTOTAL: 447.99 page-4966190e7ca45b28.js:1:14530
  5435. DL-00341 (2026-02-11T00:00:00.000Z): page-4966190e7ca45b28.js:1:14168
     - Cake Flour: 2 × 14.16 = 28.32 page-4966190e7ca45b28.js:1:14434
     - Self Raising Flour: 1.5 × 16 = 24.00 page-4966190e7ca45b28.js:1:14434
     - Yeast 10g: 0.01 × 420.833 = 4.21 page-4966190e7ca45b28.js:1:14434
     - Eggs: 20 × 1.917 = 38.34 page-4966190e7ca45b28.js:1:14434
     - Top Score Maize Meal: 3 × 12.2 = 36.60 page-4966190e7ca45b28.js:1:14434
     - Raisins: 1 × 0 = 0.00 page-4966190e7ca45b28.js:1:14434
     - Vanilla Essence: 1 × 73.5 = 73.50 page-4966190e7ca45b28.js:1:14434
     - Cheese Slice: 7 × 3.056 = 21.39 page-4966190e7ca45b28.js:1:14434
     - Umcenge Milk: 12 × 18.333 = 220.00 page-4966190e7ca45b28.js:1:14434
     - Fomo Tubs: 30 × 0.684 = 20.52 page-4966190e7ca45b28.js:1:14434
     - Plastic Spoons : 100 × 0.35 = 35.00 page-4966190e7ca45b28.js:1:14434
     - FOMO 40: 75 × 0.673 = 50.48 page-4966190e7ca45b28.js:1:14434
     - Chicken: 17.9 × 45.105 = 807.38 page-4966190e7ca45b28.js:1:14434
     - Beef Stewing: 4 × 124.995 = 499.98 page-4966190e7ca45b28.js:1:14434
     - Cooking Oil: 4 × 30.5 = 122.00 page-4966190e7ca45b28.js:1:14434
     - Sihlobo Rice: 7 × 10.476 = 73.33 page-4966190e7ca45b28.js:1:14434
     - Ruchi Sea Food Spice: 1 × 47 = 47.00 page-4966190e7ca45b28.js:1:14434
     - Cling Wrap: 1 × 300 = 300.00 page-4966190e7ca45b28.js:1:14434
     - Brown Sugar: 5.5 × 16.7 = 91.85 page-4966190e7ca45b28.js:1:14434
     - Fomo 5: 6 × 0.308 = 1.85 page-4966190e7ca45b28.js:1:14434
     - Hake Fillet: 1.43 × 155.2 = 221.94 page-4966190e7ca45b28.js:1:14434
     - Butternut: 5 × 7 = 35.00 page-4966190e7ca45b28.js:1:14434
     - Beetroot: 2.5 × 12 = 30.00 page-4966190e7ca45b28.js:1:14434
     - Potatoes: 7.02 × 7 = 49.14 page-4966190e7ca45b28.js:1:14434
     - Onion: 4 × 7.5 = 30.00 page-4966190e7ca45b28.js:1:14434
     - Mayonnaise: 2.25 × 56 = 126.00 page-4966190e7ca45b28.js:1:14434
     - Food Gloves: 1 × 10.04 = 10.04 page-4966190e7ca45b28.js:1:14434
     - Braai Wors: 1 × 89.993 = 89.99 page-4966190e7ca45b28.js:1:14434
     - Bleach: 2.5 × 232 = 580.00 page-4966190e7ca45b28.js:1:14434
     - Soft Drink 300ml: 5 × 11.667 = 58.34 page-4966190e7ca45b28.js:1:14434
     - Soft Drink 2L: 2 × 23.667 = 47.33 page-4966190e7ca45b28.js:1:14434
     - Soft Drink 1L: 2 × 16.375 = 32.75 page-4966190e7ca45b28.js:1:14434
     - Liqui Fruit 1L: 1 × 22.917 = 22.92 page-4966190e7ca45b28.js:1:14434
     - Liqui Fruit Can 300ml: 2 × 10.25 = 20.50 page-4966190e7ca45b28.js:1:14434
     - Emahewu 1L: 3 × 14.2 = 42.60 page-4966190e7ca45b28.js:1:14434
     - Still Water 500ml: 6 × 4.167 = 25.00 page-4966190e7ca45b28.js:1:14434
     SUBTOTAL: 3917.29 page-4966190e7ca45b28.js:1:14530
  5436. DL-00354 (2026-02-11T00:00:00.000Z): page-4966190e7ca45b28.js:1:14168
     - Self Raising Flour: 2.5 × 16 = 40.00 page-4966190e7ca45b28.js:1:14434
     - Rama: 0.5 × 52.667 = 26.33 page-4966190e7ca45b28.js:1:14434
     - Umcenge Milk: 1 × 18.333 = 18.33 page-4966190e7ca45b28.js:1:14434
     - Eggs: 17 × 1.917 = 32.59 page-4966190e7ca45b28.js:1:14434
     - Brown Sugar: 0.45 × 16.7 = 7.51 page-4966190e7ca45b28.js:1:14434
     - Liqui Fruit Can 300ml: 2 × 10.25 = 20.50 page-4966190e7ca45b28.js:1:14434
     - Cheese Slice: 1 × 3.056 = 3.06 page-4966190e7ca45b28.js:1:14434
     - Green Pepper: 0.5 × 39.98 = 19.99 page-4966190e7ca45b28.js:1:14434
     - White Bread: 1 × 16.29 = 16.29 page-4966190e7ca45b28.js:1:14434
     - Soft Drink 300ml: 1 × 11.667 = 11.67 page-4966190e7ca45b28.js:1:14434
     SUBTOTAL: 196.27 page-4966190e7ca45b28.js:1:14530
  5437. DL-00347 (2026-02-11T00:00:00.000Z): page-4966190e7ca45b28.js:1:14168
     - Makhaya Chicken: 3 × 100 = 300.00 page-4966190e7ca45b28.js:1:14434
     - Tastic Rice: 1.7 × 18.4 = 31.28 page-4966190e7ca45b28.js:1:14434
     - Onion: 1 × 7.5 = 7.50 page-4966190e7ca45b28.js:1:14434
     - Potatoes: 3 × 7 = 21.00 page-4966190e7ca45b28.js:1:14434
     - Dishwash Liquid: 5 × 12.32 = 61.60 page-4966190e7ca45b28.js:1:14434
     - Mop Refill: 1 × 39 = 39.00 page-4966190e7ca45b28.js:1:14434
     - Handy Andy: 1 × 25.6 = 25.60 page-4966190e7ca45b28.js:1:14434
     - Cheese Slice: 6 × 3.056 = 18.34 page-4966190e7ca45b28.js:1:14434
     - Chicken: 4.4 × 48.5 = 213.40 page-4966190e7ca45b28.js:1:14434
     - Top Score Maize Meal: 1 × 12.2 = 12.20 page-4966190e7ca45b28.js:1:14434
     - Cream: 0.5 × 123.98 = 61.99 page-4966190e7ca45b28.js:1:14434
     - Red Pepper: 0.6 × 58.14 = 34.88 page-4966190e7ca45b28.js:1:14434
     - Yellow Pepper: 0.5 × 90.376 = 45.19 page-4966190e7ca45b28.js:1:14434
     - Hake Fillet: 0.2 × 155.2 = 31.04 page-4966190e7ca45b28.js:1:14434
     - Krush 200ML: 7 × 7.167 = 50.17 page-4966190e7ca45b28.js:1:14434
     - Liqui Fruit Can 300ml: 22 × 10.25 = 225.50 page-4966190e7ca45b28.js:1:14434
     SUBTOTAL: 1178.69 page-4966190e7ca45b28.js:1:14530
  5438. DL-00348 (2026-02-11T00:00:00.000Z): page-4966190e7ca45b28.js:1:14168
     - Yoghurt Bliss 150g: 1 × 14.49 = 14.49 page-4966190e7ca45b28.js:1:14434
     - Liqui Fruit Can 300ml: 1 × 10.25 = 10.25 page-4966190e7ca45b28.js:1:14434
     SUBTOTAL: 24.74 page-4966190e7ca45b28.js:1:14530
  5439. DL-00338 (2026-02-11T00:00:00.000Z): page-4966190e7ca45b28.js:1:14168
     - Brown Bread: 13 × 14.19 = 184.47 page-4966190e7ca45b28.js:1:14434
     - Brown Sugar: 4.3 × 16.7 = 71.81 page-4966190e7ca45b28.js:1:14434
     - Vienna: 6.85 × 88.257 = 604.56 page-4966190e7ca45b28.js:1:14434
     - FOMO Cups 250ml: 75 × 0.34 = 25.50 page-4966190e7ca45b28.js:1:14434
     - Rooibos Tea: 21 × 0.481 = 10.10 page-4966190e7ca45b28.js:1:14434
     - Rama: 1 × 52.667 = 52.67 page-4966190e7ca45b28.js:1:14434
     - Yoghurt 1kg Low fat: 1 × 39.99 = 39.99 page-4966190e7ca45b28.js:1:14434
     SUBTOTAL: 989.10 page-4966190e7ca45b28.js:1:14530
  5440. DL-00346 (2026-02-11T00:00:00.000Z): page-4966190e7ca45b28.js:1:14168
     - Braai Wors: 40 × 89.993 = 3599.72 page-4966190e7ca45b28.js:1:14434
     - Butternut: 14 × 7 = 98.00 page-4966190e7ca45b28.js:1:14434
     - Onion: 4 × 7.5 = 30.00 page-4966190e7ca45b28.js:1:14434
     - Carrots: 3.35 × 8 = 26.80 page-4966190e7ca45b28.js:1:14434
     - Chicken: 9.6 × 48.5 = 465.60 page-4966190e7ca45b28.js:1:14434
     - Red Cabbage: 4.33 × 29.99 = 129.86 page-4966190e7ca45b28.js:1:14434
     - Top Score Maize Meal: 24.45 × 12.2 = 298.29 page-4966190e7ca45b28.js:1:14434
     - Cabbage: 13 × 16 = 208.00 page-4966190e7ca45b28.js:1:14434
     - Mama's Tomato Sauce: 5 × 50 = 250.00 page-4966190e7ca45b28.js:1:14434
     - Spice Mix: 0.4 × 70 = 28.00 page-4966190e7ca45b28.js:1:14434
     - Soup: 4.34 × 4.2 = 18.23 page-4966190e7ca45b28.js:1:14434
     - Crown Six Gun: 1 × 81.5 = 81.50 page-4966190e7ca45b28.js:1:14434
     - Chicken Stock: 0.6 × 27.99 = 16.79 page-4966190e7ca45b28.js:1:14434
     - Sun Sun Cooking Oil: 4 × 30.5 = 122.00 page-4966190e7ca45b28.js:1:14434
     - Cake Flour: 0.4 × 14.16 = 5.66 page-4966190e7ca45b28.js:1:14434
     - Exotic Paprika: 1 × 124 = 124.00 page-4966190e7ca45b28.js:1:14434
     - Koo Beans 410g: 1 × 14.167 = 14.17 page-4966190e7ca45b28.js:1:14434
     - Green Pepper: 0.5 × 22.422 = 11.21 page-4966190e7ca45b28.js:1:14434
     - Country Mix: 1 × 52.17 = 52.17 page-4966190e7ca45b28.js:1:14434
     - Spinach: 6 × 10 = 60.00 page-4966190e7ca45b28.js:1:14434
     - Still Water 500ml: 2 × 4.167 = 8.33 page-4966190e7ca45b28.js:1:14434
     - Dish Wash: 6 × 0 = 0.00 page-4966190e7ca45b28.js:1:14434
     - Mop Caps: 1 × 30 = 30.00 page-4966190e7ca45b28.js:1:14434
     - Aprons: 1 × 38 = 38.00 page-4966190e7ca45b28.js:1:14434
     - Cling Wrap: 1 × 300 = 300.00 page-4966190e7ca45b28.js:1:14434
     - FOMO 40: 16 × 0.673 = 10.77 page-4966190e7ca45b28.js:1:14434
     - Mutton Cloth(roll): 1 × 48.5 = 48.50 page-4966190e7ca45b28.js:1:14434
     - Refuse Bag Roll: 1 × 300 = 300.00 page-4966190e7ca45b28.js:1:14434
     - Window Cleaner : 1 × 40 = 40.00 page-4966190e7ca45b28.js:1:14434
     - Mask: 10 × 0.5 = 5.00 page-4966190e7ca45b28.js:1:14434
     SUBTOTAL: 6420.60 page-4966190e7ca45b28.js:1:14530
  5441. DL-00344 (2026-02-11T00:00:00.000Z): page-4966190e7ca45b28.js:1:14168
     - Brown Bread: 2 × 14.19 = 28.38 page-4966190e7ca45b28.js:1:14434
     - White Bread: 2 × 15.91 = 31.82 page-4966190e7ca45b28.js:1:14434
     - Mince Meat: 1.45 × 129.991 = 188.49 page-4966190e7ca45b28.js:1:14434
     - Hake Fillet: 1.35 × 155.2 = 209.52 page-4966190e7ca45b28.js:1:14434
     - Selati Brown Sugar: 113 × 0.26 = 29.38 page-4966190e7ca45b28.js:1:14434
     - Rooibos Tea: 10 × 0.475 = 4.75 page-4966190e7ca45b28.js:1:14434
     - Ellis Brown Sachets 4g: 12 × 1.19 = 14.28 page-4966190e7ca45b28.js:1:14434
     - Canderel Sugar: 3 × 0.772 = 2.32 page-4966190e7ca45b28.js:1:14434
     - Jungle Oats: 1 × 38 = 38.00 page-4966190e7ca45b28.js:1:14434
     - Top Score Maize Meal: 1.5 × 12.2 = 18.30 page-4966190e7ca45b28.js:1:14434
     - Red Pepper: 0.45 × 58.14 = 26.16 page-4966190e7ca45b28.js:1:14434
     - Yellow Pepper: 0.45 × 48.276 = 21.72 page-4966190e7ca45b28.js:1:14434
     - Brocolli: 1 × 32.99 = 32.99 page-4966190e7ca45b28.js:1:14434
     - Cauliflower: 1 × 29.99 = 29.99 page-4966190e7ca45b28.js:1:14434
     - All-Bran: 1 × 76 = 76.00 page-4966190e7ca45b28.js:1:14434
     - Corn-flakes: 1 × 65 = 65.00 page-4966190e7ca45b28.js:1:14434
     - Cooking Oil: 2 × 30.5 = 61.00 page-4966190e7ca45b28.js:1:14434
     - Plain Yoghurt 150G: 1 × 14.49 = 14.49 page-4966190e7ca45b28.js:1:14434
     - Cheese Slice: 11 × 3.056 = 33.62 page-4966190e7ca45b28.js:1:14434
     - Emabele: 1.5 × 16 = 24.00 page-4966190e7ca45b28.js:1:14434
     - Onion: 1 × 7.5 = 7.50 page-4966190e7ca45b28.js:1:14434
     - Krush 200ML: 3 × 7.167 = 21.50 page-4966190e7ca45b28.js:1:14434
     - Eggs: 33 × 1.917 = 63.26 page-4966190e7ca45b28.js:1:14434
     - Umcenge Milk: 4 × 18.333 = 73.33 page-4966190e7ca45b28.js:1:14434
     - Mini Butter 7g: 10 × 2.29 = 22.90 page-4966190e7ca45b28.js:1:14434
     - Liqui Fruit Can 300ml: 17 × 10.25 = 174.25 page-4966190e7ca45b28.js:1:14434
     SUBTOTAL: 1312.95 page-4966190e7ca45b28.js:1:14530
  5442. DL-00356 (2026-02-11T00:00:00.000Z): page-4966190e7ca45b28.js:1:14168
     - Beetroot: 2.5 × 12 = 30.00 page-4966190e7ca45b28.js:1:14434
     - Onion: 2 × 7.5 = 15.00 page-4966190e7ca45b28.js:1:14434
     - Chicken: 2.44 × 48.5 = 118.34 page-4966190e7ca45b28.js:1:14434
     - Sihlobo Rice: 1 × 10.476 = 10.48 page-4966190e7ca45b28.js:1:14434
     - Top Score Maize Meal: 12.1 × 12.2 = 147.62 page-4966190e7ca45b28.js:1:14434
     - Clover Milk: 1 × 19.67 = 19.67 page-4966190e7ca45b28.js:1:14434
     - Country Mix: 1 × 52.17 = 52.17 page-4966190e7ca45b28.js:1:14434
     - Emasi: 10 × 14.995 = 149.95 page-4966190e7ca45b28.js:1:14434
     - FOMO 6: 76 × 0.312 = 23.71 page-4966190e7ca45b28.js:1:14434
     - Liqui Fruit 1L: 1 × 22.917 = 22.92 page-4966190e7ca45b28.js:1:14434
     - Liqui Fruit Can 300ml: 1 × 10.25 = 10.25 page-4966190e7ca45b28.js:1:14434
     - Emasi Enkhomo: 25 × 17.5 = 437.50 page-4966190e7ca45b28.js:1:14434
     SUBTOTAL: 1037.61 page-4966190e7ca45b28.js:1:14530
  5443. DL-00349 (2026-02-11T00:00:00.000Z): page-4966190e7ca45b28.js:1:14168
     - Chicken: 10.75 × 48.5 = 521.38 page-4966190e7ca45b28.js:1:14434
     - Tastic Rice: 1 × 18.4 = 18.40 page-4966190e7ca45b28.js:1:14434
     - Umcenge Milk: 1 × 18.333 = 18.33 page-4966190e7ca45b28.js:1:14434
     - Cheese Slice: 12 × 3.056 = 36.67 page-4966190e7ca45b28.js:1:14434
     - Eggs: 7 × 1.917 = 13.42 page-4966190e7ca45b28.js:1:14434
     - Rooibos Tea: 10 × 0.475 = 4.75 page-4966190e7ca45b28.js:1:14434
     - Brown Bread: 1 × 14.59 = 14.59 page-4966190e7ca45b28.js:1:14434
     SUBTOTAL: 627.54 page-4966190e7ca45b28.js:1:14530
  5444. DL-00343 (2026-02-11T00:00:00.000Z): page-4966190e7ca45b28.js:1:14168
     - Jungle Oats: 12 × 38 = 456.00 page-4966190e7ca45b28.js:1:14434
     - Top Score Maize Meal: 0.5 × 12.2 = 6.10 page-4966190e7ca45b28.js:1:14434
     - Romi: 1 × 11.77 = 11.77 page-4966190e7ca45b28.js:1:14434
     - Nespray 1.8kg : 1.8 × 314.99 = 566.98 page-4966190e7ca45b28.js:1:14434
     SUBTOTAL: 1040.85 page-4966190e7ca45b28.js:1:14530
  5445. DL-00342 (2026-02-11T00:00:00.000Z): page-4966190e7ca45b28.js:1:14168
     - Brown Bread: 25 × 14.19 = 354.75 page-4966190e7ca45b28.js:1:14434
     - Cheese Slice: 243 × 3.056 = 742.61 page-4966190e7ca45b28.js:1:14434
     - Tomatoes: 2.75 × 24.064 = 66.18 page-4966190e7ca45b28.js:1:14434
     - Rooibos Tea: 80 × 0.475 = 38.00 page-4966190e7ca45b28.js:1:14434
     - Five Roses Tea: 30 × 0.64 = 19.20 page-4966190e7ca45b28.js:1:14434
     - Clover Milk: 5 × 19.67 = 98.35 page-4966190e7ca45b28.js:1:14434
     SUBTOTAL: 1319.08 page-4966190e7ca45b28.js:1:14530
  5446. DL-00350 (2026-02-11T00:00:00.000Z): page-4966190e7ca45b28.js:1:14168
     - Braai Wors: 4 × 89.993 = 359.97 page-4966190e7ca45b28.js:1:14434
     - Rooibos Tea: 8 × 0.475 = 3.80 page-4966190e7ca45b28.js:1:14434
     - Brown Bread: 3 × 14.59 = 43.77 page-4966190e7ca45b28.js:1:14434
     - Still Water 500ml: 1 × 4.167 = 4.17 page-4966190e7ca45b28.js:1:14434
     - Five Roses Tea: 2 × 0.64 = 1.28 page-4966190e7ca45b28.js:1:14434
     - Apple: 0.1 × 16.667 = 1.67 page-4966190e7ca45b28.js:1:14434
     - Brown Sugar: 0.9 × 16.7 = 15.03 page-4966190e7ca45b28.js:1:14434
     - Chicken Breast: 0.8 × 45.11 = 36.09 page-4966190e7ca45b28.js:1:14434
     - Chicken Drumsticks: 0.7 × 58.96 = 41.27 page-4966190e7ca45b28.js:1:14434
     - Cucumber: 1 × 14.99 = 14.99 page-4966190e7ca45b28.js:1:14434
     - Romi: 1 × 11.77 = 11.77 page-4966190e7ca45b28.js:1:14434
     - Umcenge Milk 500ML: 1 × 11.5 = 11.50 page-4966190e7ca45b28.js:1:14434
     - Cake Flour: 0.1 × 14.16 = 1.42 page-4966190e7ca45b28.js:1:14434
     - Red Onion: 0.15 × 49.99 = 7.50 page-4966190e7ca45b28.js:1:14434
     - Mayonnaise: 0.2 × 56 = 11.20 page-4966190e7ca45b28.js:1:14434
     - Wings: 3.3 × 58.03 = 191.50 page-4966190e7ca45b28.js:1:14434
     - Mozzarella Cheese: 0.2 × 194.5 = 38.90 page-4966190e7ca45b28.js:1:14434
     - Cheddar Cheese: 0.1 × 180.885 = 18.09 page-4966190e7ca45b28.js:1:14434
     - Soft Drink 300ml: 1 × 11.667 = 11.67 page-4966190e7ca45b28.js:1:14434
     - White Bread: 3 × 16.29 = 48.87 page-4966190e7ca45b28.js:1:14434
     - Cheese Slice: 9 × 3.056 = 27.50 page-4966190e7ca45b28.js:1:14434
     SUBTOTAL: 901.95 page-4966190e7ca45b28.js:1:14530
  5447. DL-00337 (2026-02-11T00:00:00.000Z): page-4966190e7ca45b28.js:1:14168
     - Top Score Maize Meal: 6.6 × 12.2 = 80.52 page-4966190e7ca45b28.js:1:14434
     - Emabele: 5 × 16 = 80.00 page-4966190e7ca45b28.js:1:14434
     - White Sugar: 0.5 × 19.4 = 9.70 page-4966190e7ca45b28.js:1:14434
     - Umcenge Milk: 2 × 18.333 = 36.67 page-4966190e7ca45b28.js:1:14434
     - FOMO 6: 105 × 0.312 = 32.76 page-4966190e7ca45b28.js:1:14434
     - FOMO Cups 250ml: 50 × 0.34 = 17.00 page-4966190e7ca45b28.js:1:14434
     - Plastic Spoons : 100 × 0.35 = 35.00 page-4966190e7ca45b28.js:1:14434
     - Eggs: 2 × 1.917 = 3.83 page-4966190e7ca45b28.js:1:14434
     - Rooibos Tea: 25 × 0.481 = 12.03 page-4966190e7ca45b28.js:1:14434
     - Rama: 1 × 52.667 = 52.67 page-4966190e7ca45b28.js:1:14434
     - Clover Milk: 2 × 19.67 = 39.34 page-4966190e7ca45b28.js:1:14434
     - Brown Sugar: 4 × 16.7 = 66.80 page-4966190e7ca45b28.js:1:14434
     - White Bread: 4 × 15.91 = 63.64 page-4966190e7ca45b28.js:1:14434
     SUBTOTAL: 529.95 page-4966190e7ca45b28.js:1:14530
  5448. DL-00345 (2026-02-11T00:00:00.000Z): page-4966190e7ca45b28.js:1:14168
     - Ox-tail: 5.3 × 104.34 = 553.00 page-4966190e7ca45b28.js:1:14434
     - Chicken: 5.5 × 48.5 = 266.75 page-4966190e7ca45b28.js:1:14434
     - Tastic Rice: 1 × 18.4 = 18.40 page-4966190e7ca45b28.js:1:14434
     - Potatoes: 4 × 7 = 28.00 page-4966190e7ca45b28.js:1:14434
     - Rama: 0.5 × 52.667 = 26.33 page-4966190e7ca45b28.js:1:14434
     - Pumpkin Leaves : 5 × 10 = 50.00 page-4966190e7ca45b28.js:1:14434
     - Eggs: 15 × 1.917 = 28.75 page-4966190e7ca45b28.js:1:14434
     - Carrots: 1 × 8 = 8.00 page-4966190e7ca45b28.js:1:14434
     - Onion: 1.5 × 7.5 = 11.25 page-4966190e7ca45b28.js:1:14434
     - Koo Beans 410g: 2 × 14.167 = 28.33 page-4966190e7ca45b28.js:1:14434
     - Red Pepper: 0.5 × 58.14 = 29.07 page-4966190e7ca45b28.js:1:14434
     - Yellow Pepper: 0.6 × 48.276 = 28.97 page-4966190e7ca45b28.js:1:14434
     - Cooking Oil: 2 × 30.5 = 61.00 page-4966190e7ca45b28.js:1:14434
     - Baby Marrow: 0.5 × 39.975 = 19.99 page-4966190e7ca45b28.js:1:14434
     - Top Score Maize Meal: 2 × 12.2 = 24.40 page-4966190e7ca45b28.js:1:14434
     - Pot Scourer: 10 × 1.111 = 11.11 page-4966190e7ca45b28.js:1:14434
     - Pears: 1 × 33.49 = 33.49 page-4966190e7ca45b28.js:1:14434
     - Liqui Fruit Can 300ml: 4 × 10.25 = 41.00 page-4966190e7ca45b28.js:1:14434
     - Steel Wool: 1 × 15.2 = 15.20 page-4966190e7ca45b28.js:1:14434
     - Domestos 750ml : 0.75 × 42.667 = 32.00 page-4966190e7ca45b28.js:1:14434
     - Sunny Green Bar: 1 × 18.75 = 18.75 page-4966190e7ca45b28.js:1:14434
     - Still Water 500ml: 24 × 4.167 = 100.01 page-4966190e7ca45b28.js:1:14434
     - Green Pepper: 0.5 × 39.98 = 19.99 page-4966190e7ca45b28.js:1:14434
     - Nectarines: 1 × 29.99 = 29.99 page-4966190e7ca45b28.js:1:14434
     SUBTOTAL: 1483.79 page-4966190e7ca45b28.js:1:14530
  5449. DL-00340 (2026-02-11T00:00:00.000Z): page-4966190e7ca45b28.js:1:14168
     - Umcenge Milk: 1 × 18.333 = 18.33 page-4966190e7ca45b28.js:1:14434
     - Chicken: 6.34 × 45.105 = 285.97 page-4966190e7ca45b28.js:1:14434
     - Vienna: 1.15 × 88.257 = 101.50 page-4966190e7ca45b28.js:1:14434
     - Cabbage: 4 × 16 = 64.00 page-4966190e7ca45b28.js:1:14434
     - Liqui Fruit Can 300ml: 1 × 10.25 = 10.25 page-4966190e7ca45b28.js:1:14434
     - Soft Drink 300ml: 1 × 11.667 = 11.67 page-4966190e7ca45b28.js:1:14434
     - Mop Caps: 1 × 30 = 30.00 page-4966190e7ca45b28.js:1:14434
     - Tissue: 5 × 4.9 = 24.50 page-4966190e7ca45b28.js:1:14434
     - Emasi: 6 × 14.995 = 89.97 page-4966190e7ca45b28.js:1:14434
     SUBTOTAL: 636.18 page-4966190e7ca45b28.js:1:14530
  5450. DL-00351 (2026-02-11T00:00:00.000Z): page-4966190e7ca45b28.js:1:14168
     - Brown Bread: 1 × 14.59 = 14.59 page-4966190e7ca45b28.js:1:14434
     - White Bread: 1 × 16.29 = 16.29 page-4966190e7ca45b28.js:1:14434
     - Yeast 10g: 0.04 × 3.43 = 0.14 page-4966190e7ca45b28.js:1:14434
     - Rama: 1 × 52.667 = 52.67 page-4966190e7ca45b28.js:1:14434
     - Eggs: 37 × 1.917 = 70.93 page-4966190e7ca45b28.js:1:14434
     - Umcenge Milk: 1 × 18.333 = 18.33 page-4966190e7ca45b28.js:1:14434
     - Cake Flour: 7.5 × 14.16 = 106.20 page-4966190e7ca45b28.js:1:14434
     - Brown Sugar: 1.3 × 16.7 = 21.71 page-4966190e7ca45b28.js:1:14434
     - White Sugar: 1 × 19.4 = 19.40 page-4966190e7ca45b28.js:1:14434
     - Coconut: 0.4 × 228.95 = 91.58 page-4966190e7ca45b28.js:1:14434
     - Tomatoes: 1 × 17.99 = 17.99 page-4966190e7ca45b28.js:1:14434
     - Cheese Slice: 11 × 3.056 = 33.62 page-4966190e7ca45b28.js:1:14434
     - Lettuce: 1 × 5 = 5.00 page-4966190e7ca45b28.js:1:14434
     - Doritos 145g : 6 × 20.4 = 122.40 page-4966190e7ca45b28.js:1:14434
     - Plain Yoghurt 150G: 2 × 14.49 = 28.98 page-4966190e7ca45b28.js:1:14434
     - Beef Stewing: 5.05 × 124.995 = 631.22 page-4966190e7ca45b28.js:1:14434
     - Chicken: 7.8 × 48.5 = 378.30 page-4966190e7ca45b28.js:1:14434
     - Tastic Rice: 3.5 × 18.4 = 64.40 page-4966190e7ca45b28.js:1:14434
     - Pumpkin Leaves : 5 × 10 = 50.00 page-4966190e7ca45b28.js:1:14434
     - Carrots: 1.5 × 8 = 12.00 page-4966190e7ca45b28.js:1:14434
     - Red Pepper: 1 × 58.14 = 58.14 page-4966190e7ca45b28.js:1:14434
     - Yellow Pepper: 1 × 90.376 = 90.38 page-4966190e7ca45b28.js:1:14434
     - Pot Scourer: 2 × 1.111 = 2.22 page-4966190e7ca45b28.js:1:14434
     - Domestos 750ml : 0.75 × 42.667 = 32.00 page-4966190e7ca45b28.js:1:14434
     - Liqui Fruit Can 300ml: 3 × 10.25 = 30.75 page-4966190e7ca45b28.js:1:14434
     - Liqui Fruit 1L: 1 × 22.917 = 22.92 page-4966190e7ca45b28.js:1:14434
     - Ice-Tea 500ml: 1 × 16.5 = 16.50 page-4966190e7ca45b28.js:1:14434
     - Aquelle Drink 500ml: 2 × 7.167 = 14.33 page-4966190e7ca45b28.js:1:14434
     - Kingsize 300ml: 4 × 7.396 = 29.58 page-4966190e7ca45b28.js:1:14434
     - Cabana: 3 × 13.167 = 39.50 page-4966190e7ca45b28.js:1:14434
     - Sparkling Water 500ml: 1 × 6.417 = 6.42 page-4966190e7ca45b28.js:1:14434
     - Soft Drink 1L: 1 × 16.375 = 16.38 page-4966190e7ca45b28.js:1:14434
     - Soft Drink 2L: 2 × 23.667 = 47.33 page-4966190e7ca45b28.js:1:14434
     - Ginger shots 250ml : 2 × 30 = 60.00 page-4966190e7ca45b28.js:1:14434
     SUBTOTAL: 2222.20 page-4966190e7ca45b28.js:1:14530
  5451. DL-00339 (2026-02-11T00:00:00.000Z): page-4966190e7ca45b28.js:1:14168
     - Hake zero: 10.83 × 68 = 736.44 page-4966190e7ca45b28.js:1:14434
     - Carrots: 4.65 × 8 = 37.20 page-4966190e7ca45b28.js:1:14434
     - Onion: 4 × 7.5 = 30.00 page-4966190e7ca45b28.js:1:14434
     - Chicken: 3.34 × 45.105 = 150.65 page-4966190e7ca45b28.js:1:14434
     - Top Score Maize Meal: 1.2 × 12.2 = 14.64 page-4966190e7ca45b28.js:1:14434
     - Sihlobo Rice: 10 × 10.476 = 104.76 page-4966190e7ca45b28.js:1:14434
     - Rajah (Medium): 0.1 × 200 = 20.00 page-4966190e7ca45b28.js:1:14434
     - Mayonnaise: 2.5 × 56 = 140.00 page-4966190e7ca45b28.js:1:14434
     - Butternut: 15 × 7 = 105.00 page-4966190e7ca45b28.js:1:14434
     - Cabbage: 4 × 16 = 64.00 page-4966190e7ca45b28.js:1:14434
     - Refuse Bag Roll: 1 × 300 = 300.00 page-4966190e7ca45b28.js:1:14434
     - FOMO 6: 20 × 0.312 = 6.24 page-4966190e7ca45b28.js:1:14434
     - Pears: 18 × 33.49 = 602.82 page-4966190e7ca45b28.js:1:14434
     - Liqui Fruit Can 300ml: 2 × 10.25 = 20.50 page-4966190e7ca45b28.js:1:14434
     - Exotic Six 4 All: 1 × 83 = 83.00 page-4966190e7ca45b28.js:1:14434
     - Bleach: 2.5 × 232 = 580.00 page-4966190e7ca45b28.js:1:14434
     SUBTOTAL: 2995.25 page-4966190e7ca45b28.js:1:14530
  5452. DL-00330 (2026-02-10T00:00:00.000Z): page-4966190e7ca45b28.js:1:14168
     - Chicken: 9.35 × 48.5 = 453.47 page-4966190e7ca45b28.js:1:14434
     - Tastic Rice: 1 × 18.4 = 18.40 page-4966190e7ca45b28.js:1:14434
     - Umcenge Milk: 1 × 18.333 = 18.33 page-4966190e7ca45b28.js:1:14434
     - Eggs: 4 × 1.917 = 7.67 page-4966190e7ca45b28.js:1:14434
     - Cheese Slice: 8 × 3.056 = 24.45 page-4966190e7ca45b28.js:1:14434
     - Brown Bread: 1 × 5.305 = 5.30 page-4966190e7ca45b28.js:1:14434
     - Brown Sugar: 1 × 18 = 18.00 page-4966190e7ca45b28.js:1:14434
     - Five Roses Tea: 10 × 0.64 = 6.40 page-4966190e7ca45b28.js:1:14434
     - Lettuce: 1 × 5 = 5.00 page-4966190e7ca45b28.js:1:14434
     - Hake Fillet: 0.1 × 155.2 = 15.52 page-4966190e7ca45b28.js:1:14434
     - Still Water 500ml: 1 × 4.167 = 4.17 page-4966190e7ca45b28.js:1:14434
     SUBTOTAL: 576.72 page-4966190e7ca45b28.js:1:14530
  5453. DL-00316 (2026-02-10T00:00:00.000Z): page-4966190e7ca45b28.js:1:14168
     - Umcenge Milk: 1 × 18.333 = 18.33 page-4966190e7ca45b28.js:1:14434
     - Brown Sugar: 4 × 18 = 72.00 page-4966190e7ca45b28.js:1:14434
     - Yum-Yum: 2.75 × 92.727 = 255.00 page-4966190e7ca45b28.js:1:14434
     - FOMO Cups 250ml: 75 × 0.34 = 25.50 page-4966190e7ca45b28.js:1:14434
     - Fusion: 5 × 35 = 175.00 page-4966190e7ca45b28.js:1:14434
     - Brown Bread: 11 × 5.305 = 58.35 page-4966190e7ca45b28.js:1:14434
     - White Bread: 1 × 42.57 = 42.57 page-4966190e7ca45b28.js:1:14434
     SUBTOTAL: 646.76 page-4966190e7ca45b28.js:1:14530
  5454. DL-00324 (2026-02-10T00:00:00.000Z): page-4966190e7ca45b28.js:1:14168
     - Onion: 1 × 7.5 = 7.50 page-4966190e7ca45b28.js:1:14434
     - Carrots: 1 × 6.598 = 6.60 page-4966190e7ca45b28.js:1:14434
     - Potatoes: 2 × 9.999 = 20.00 page-4966190e7ca45b28.js:1:14434
     - Umndeni Beans: 6 × 30.4 = 182.40 page-4966190e7ca45b28.js:1:14434
     - Sihlobo Rice: 10 × 10.476 = 104.76 page-4966190e7ca45b28.js:1:14434
     - Cabbage: 8 × 16 = 128.00 page-4966190e7ca45b28.js:1:14434
     - Top Score Maize Meal: 1 × 12.2 = 12.20 page-4966190e7ca45b28.js:1:14434
     - Brown Bread: 1 × 5.305 = 5.30 page-4966190e7ca45b28.js:1:14434
     - FOMO 6: 15 × 0.312 = 4.68 page-4966190e7ca45b28.js:1:14434
     - Shredded Tuna : 1 × 123.471 = 123.47 page-4966190e7ca45b28.js:1:14434
     - Liqui Fruit Can 300ml: 1 × 10.25 = 10.25 page-4966190e7ca45b28.js:1:14434
     - Liqui Fruit 1L: 1 × 22.917 = 22.92 page-4966190e7ca45b28.js:1:14434
     - Eggs: 3 × 1.917 = 5.75 page-4966190e7ca45b28.js:1:14434
     - Salt: 1 × 6.7 = 6.70 page-4966190e7ca45b28.js:1:14434
     SUBTOTAL: 640.53 page-4966190e7ca45b28.js:1:14530
  5455. DL-00335 (2026-02-10T00:00:00.000Z): page-4966190e7ca45b28.js:1:14168
     - Cake Flour: 1.3 × 14.16 = 18.41 page-4966190e7ca45b28.js:1:14434
     - Brown Sugar: 0.1 × 18 = 1.80 page-4966190e7ca45b28.js:1:14434
     - Green Pepper: 0.2 × 22.422 = 4.48 page-4966190e7ca45b28.js:1:14434
     - Chicken: 3.5 × 48.5 = 169.75 page-4966190e7ca45b28.js:1:14434
     - Sihlobo Rice: 2.5 × 10.476 = 26.19 page-4966190e7ca45b28.js:1:14434
     - Butternut: 3.65 × 7 = 25.55 page-4966190e7ca45b28.js:1:14434
     - Onion: 1.5 × 7.5 = 11.25 page-4966190e7ca45b28.js:1:14434
     - Carrots: 0.25 × 6.598 = 1.65 page-4966190e7ca45b28.js:1:14434
     - Rama: 0.25 × 52.667 = 13.17 page-4966190e7ca45b28.js:1:14434
     - Umcenge Milk 500ML: 1 × 11.5 = 11.50 page-4966190e7ca45b28.js:1:14434
     - Cheese Slice: 5 × 3.056 = 15.28 page-4966190e7ca45b28.js:1:14434
     - Sun Sun Cooking Oil: 2 × 30.5 = 61.00 page-4966190e7ca45b28.js:1:14434
     - Still Water 500ml: 20 × 4.167 = 83.34 page-4966190e7ca45b28.js:1:14434
     - Apple: 2.75 × 16.667 = 45.83 page-4966190e7ca45b28.js:1:14434
     - FOMO 40: 23 × 0.673 = 15.48 page-4966190e7ca45b28.js:1:14434
     - Beef Stewing: 3.3 × 127.803 = 421.75 page-4966190e7ca45b28.js:1:14434
     SUBTOTAL: 926.43 page-4966190e7ca45b28.js:1:14530
  5456. DL-00333 (2026-02-10T00:00:00.000Z): page-4966190e7ca45b28.js:1:14168
     - Brown Bread: 1 × 5.305 = 5.30 page-4966190e7ca45b28.js:1:14434
     - White Bread: 1 × 42.57 = 42.57 page-4966190e7ca45b28.js:1:14434
     - Yeast 10g: 0.3 × 420.833 = 126.25 page-4966190e7ca45b28.js:1:14434
     - Rama: 1 × 52.667 = 52.67 page-4966190e7ca45b28.js:1:14434
     - Eggs: 17 × 1.917 = 32.59 page-4966190e7ca45b28.js:1:14434
     - Umcenge Milk: 1 × 18.333 = 18.33 page-4966190e7ca45b28.js:1:14434
     - Cake Flour: 5 × 14.16 = 70.80 page-4966190e7ca45b28.js:1:14434
     - Self Raising Flour: 0.8 × 16 = 12.80 page-4966190e7ca45b28.js:1:14434
     - Brown Sugar: 1.3 × 18 = 23.40 page-4966190e7ca45b28.js:1:14434
     - White Sugar: 1 × 19.4 = 19.40 page-4966190e7ca45b28.js:1:14434
     - Lettuce: 1 × 5 = 5.00 page-4966190e7ca45b28.js:1:14434
     - Cheese Slice: 1 × 3.056 = 3.06 page-4966190e7ca45b28.js:1:14434
     - Tomatoes: 1 × 24.064 = 24.06 page-4966190e7ca45b28.js:1:14434
     - Plain Yoghurt 150G: 3 × 14.49 = 43.47 page-4966190e7ca45b28.js:1:14434
     - Endearmints: 250 × 0.568 = 142.00 page-4966190e7ca45b28.js:1:14434
     - Lunch bar 44g: 4 × 12.175 = 48.70 page-4966190e7ca45b28.js:1:14434
     - P.S. Bar 19g: 11 × 5 = 55.00 page-4966190e7ca45b28.js:1:14434
     - Coconut: 0.2 × 228.95 = 45.79 page-4966190e7ca45b28.js:1:14434
     - Mayonnaise: 2 × 56 = 112.00 page-4966190e7ca45b28.js:1:14434
     - Beef Stewing: 5.55 × 127.803 = 709.31 page-4966190e7ca45b28.js:1:14434
     - Chicken: 1 × 48.5 = 48.50 page-4966190e7ca45b28.js:1:14434
     - Tastic Rice: 1 × 18.4 = 18.40 page-4966190e7ca45b28.js:1:14434
     - Olives: 1 × 82.124 = 82.12 page-4966190e7ca45b28.js:1:14434
     - Chicken Stock: 1 × 27.99 = 27.99 page-4966190e7ca45b28.js:1:14434
     - Potatoes: 13 × 9.999 = 129.99 page-4966190e7ca45b28.js:1:14434
     - Yellow Pepper: 0.25 × 48.276 = 12.07 page-4966190e7ca45b28.js:1:14434
     - Red Pepper: 0.25 × 58.14 = 14.54 page-4966190e7ca45b28.js:1:14434
     - Pork Chops: 1.1 × 92 = 101.20 page-4966190e7ca45b28.js:1:14434
     - Beef Chuck: 0.65 × 143.35 = 93.18 page-4966190e7ca45b28.js:1:14434
     - Cucumber: 1 × 14.99 = 14.99 page-4966190e7ca45b28.js:1:14434
     - Hake Fillet: 0.3 × 155.2 = 46.56 page-4966190e7ca45b28.js:1:14434
     - Brocolli: 1 × 32.99 = 32.99 page-4966190e7ca45b28.js:1:14434
     - Cauliflower: 1 × 29.99 = 29.99 page-4966190e7ca45b28.js:1:14434
     - Carrots: 2 × 6.598 = 13.20 page-4966190e7ca45b28.js:1:14434
     - Kingsize 300ml: 11 × 7.396 = 81.36 page-4966190e7ca45b28.js:1:14434
     - Soft Drink 1L: 1 × 16.375 = 16.38 page-4966190e7ca45b28.js:1:14434
     - Soft Drink 2L: 3 × 23.667 = 71.00 page-4966190e7ca45b28.js:1:14434
     - Soft Drink 300ml: 11 × 11.667 = 128.34 page-4966190e7ca45b28.js:1:14434
     - Liqui Fruit 1L: 1 × 22.917 = 22.92 page-4966190e7ca45b28.js:1:14434
     - Score 500ml: 1 × 8.333 = 8.33 page-4966190e7ca45b28.js:1:14434
     - Cabana: 4 × 13.167 = 52.67 page-4966190e7ca45b28.js:1:14434
     - Still Water 500ml: 1 × 4.167 = 4.17 page-4966190e7ca45b28.js:1:14434
     - Mahewu 500ml: 3 × 9.1 = 27.30 page-4966190e7ca45b28.js:1:14434
     - Red-Bull 250ml: 1 × 16.458 = 16.46 page-4966190e7ca45b28.js:1:14434
     - Ginger shots 250ml : 3 × 30 = 90.00 page-4966190e7ca45b28.js:1:14434
     SUBTOTAL: 2777.12 page-4966190e7ca45b28.js:1:14530
  5457. DL-00317 (2026-02-10T00:00:00.000Z): page-4966190e7ca45b28.js:1:14168
     - Onion: 3 × 7.5 = 22.50 page-4966190e7ca45b28.js:1:14434
     - Carrots: 2 × 6.598 = 13.20 page-4966190e7ca45b28.js:1:14434
     - Potatoes: 4 × 7 = 28.00 page-4966190e7ca45b28.js:1:14434
     - Umcenge Milk: 1 × 18.333 = 18.33 page-4966190e7ca45b28.js:1:14434
     - Rajah (Medium): 0.05 × 200 = 10.00 page-4966190e7ca45b28.js:1:14434
     - Chicken Stock: 1 × 120.792 = 120.79 page-4966190e7ca45b28.js:1:14434
     - Chicken Spice: 1 × 47 = 47.00 page-4966190e7ca45b28.js:1:14434
     - Beef Stewing: 11.15 × 127.803 = 1425.00 page-4966190e7ca45b28.js:1:14434
     - Mega Star Samp: 7.5 × 14.6 = 109.50 page-4966190e7ca45b28.js:1:14434
     - Beetroot: 7.5 × 9.998 = 74.98 page-4966190e7ca45b28.js:1:14434
     - Lettuce: 8 × 5 = 40.00 page-4966190e7ca45b28.js:1:14434
     - Sihlobo Rice: 4 × 10.476 = 41.90 page-4966190e7ca45b28.js:1:14434
     - Rama: 1 × 52.667 = 52.67 page-4966190e7ca45b28.js:1:14434
     - Tomatoes: 1 × 24.064 = 24.06 page-4966190e7ca45b28.js:1:14434
     - FOMO 6: 15 × 0.312 = 4.68 page-4966190e7ca45b28.js:1:14434
     - Plastic Spoons : 1 × 36 = 36.00 page-4966190e7ca45b28.js:1:14434
     - Green Pepper: 0.92 × 22.422 = 20.63 page-4966190e7ca45b28.js:1:14434
     - LPG Gas 48kg: 1 × 1407 = 1407.00 page-4966190e7ca45b28.js:1:14434
     - Mayonnaise: 4.4 × 56 = 246.40 page-4966190e7ca45b28.js:1:14434
     - Liqui Fruit 1L: 1 × 22.917 = 22.92 page-4966190e7ca45b28.js:1:14434
     - Liqui Fruit Can 300ml: 1 × 10.25 = 10.25 page-4966190e7ca45b28.js:1:14434
     SUBTOTAL: 3775.82 page-4966190e7ca45b28.js:1:14530
  5458. DL-00326 (2026-02-10T00:00:00.000Z): page-4966190e7ca45b28.js:1:14168
     - Apple: 24.1 × 16.667 = 401.67 page-4966190e7ca45b28.js:1:14434
     - Banana: 6.55 × 7.107 = 46.55 page-4966190e7ca45b28.js:1:14434
     SUBTOTAL: 448.23 page-4966190e7ca45b28.js:1:14530
  5459. DL-00325 (2026-02-10T00:00:00.000Z): page-4966190e7ca45b28.js:1:14168
     - Mega Star Samp: 20 × 15.5 = 310.00 page-4966190e7ca45b28.js:1:14434
     - Chicken: 69.1 × 48.5 = 3351.35 page-4966190e7ca45b28.js:1:14434
     - Carrots: 24 × 6.598 = 158.35 page-4966190e7ca45b28.js:1:14434
     - Onion: 4.45 × 7.5 = 33.38 page-4966190e7ca45b28.js:1:14434
     - Cabbage: 9 × 16 = 144.00 page-4966190e7ca45b28.js:1:14434
     - Spice Mix: 0.4 × 70 = 28.00 page-4966190e7ca45b28.js:1:14434
     - Exotic Paprika: 1 × 124 = 124.00 page-4966190e7ca45b28.js:1:14434
     - Exotic Six 4 All: 1 × 83 = 83.00 page-4966190e7ca45b28.js:1:14434
     - Sun Sun Cooking Oil: 2 × 30.5 = 61.00 page-4966190e7ca45b28.js:1:14434
     - Soup: 0.5 × 4.2 = 2.10 page-4966190e7ca45b28.js:1:14434
     - Cake Flour: 0.4 × 14.16 = 5.66 page-4966190e7ca45b28.js:1:14434
     - Green Pepper: 0.7 × 22.422 = 15.70 page-4966190e7ca45b28.js:1:14434
     - Tomatoes: 0.2 × 24.064 = 4.81 page-4966190e7ca45b28.js:1:14434
     - Hake Fillet: 0.05 × 155.2 = 7.76 page-4966190e7ca45b28.js:1:14434
     - Mayonnaise: 7.25 × 56 = 406.00 page-4966190e7ca45b28.js:1:14434
     - Still Water 500ml: 4 × 4.167 = 16.67 page-4966190e7ca45b28.js:1:14434
     - Domestos 750ml : 3 × 42.667 = 128.00 page-4966190e7ca45b28.js:1:14434
     - Food Gloves: 1 × 10.04 = 10.04 page-4966190e7ca45b28.js:1:14434
     - FOMO 40: 9 × 0.673 = 6.06 page-4966190e7ca45b28.js:1:14434
     - Mask: 11 × 25 = 275.00 page-4966190e7ca45b28.js:1:14434
     - Plastic Spoons : 1 × 36 = 36.00 page-4966190e7ca45b28.js:1:14434
     - Country Mix: 1 × 52.17 = 52.17 page-4966190e7ca45b28.js:1:14434
     SUBTOTAL: 5259.05 page-4966190e7ca45b28.js:1:14530
  5460. DL-00327 (2026-02-10T00:00:00.000Z): page-4966190e7ca45b28.js:1:14168
     - Chicken: 8.65 × 48.5 = 419.53 page-4966190e7ca45b28.js:1:14434
     - Tastic Rice: 1 × 18.4 = 18.40 page-4966190e7ca45b28.js:1:14434
     - Mega Maize Rice: 0.6 × 18.4 = 11.04 page-4966190e7ca45b28.js:1:14434
     - Potatoes: 4 × 9.999 = 40.00 page-4966190e7ca45b28.js:1:14434
     - Carrots: 2 × 6.598 = 13.20 page-4966190e7ca45b28.js:1:14434
     - Cake Flour: 1 × 14.16 = 14.16 page-4966190e7ca45b28.js:1:14434
     - Liqui Fruit Can 300ml: 26 × 10.25 = 266.50 page-4966190e7ca45b28.js:1:14434
     - Yoghurt Bliss 150g: 3 × 14.49 = 43.47 page-4966190e7ca45b28.js:1:14434
     SUBTOTAL: 826.29 page-4966190e7ca45b28.js:1:14530
  5461. DL-00319 (2026-02-10T00:00:00.000Z): page-4966190e7ca45b28.js:1:14168
     - Brown Bread: 2 × 14.59 = 29.18 page-4966190e7ca45b28.js:1:14434
     - White Bread: 1 × 16.29 = 16.29 page-4966190e7ca45b28.js:1:14434
     - Chicken Gizzards: 1 × 41.383 = 41.38 page-4966190e7ca45b28.js:1:14434
     - Mushrooms: 0.75 × 119.96 = 89.97 page-4966190e7ca45b28.js:1:14434
     - Umcenge Milk: 5 × 18.333 = 91.66 page-4966190e7ca45b28.js:1:14434
     - Eggs: 30 × 1.917 = 57.51 page-4966190e7ca45b28.js:1:14434
     - Selati Brown Sugar: 70 × 0.26 = 18.20 page-4966190e7ca45b28.js:1:14434
     - Rooibos Tea: 8 × 0.481 = 3.85 page-4966190e7ca45b28.js:1:14434
     - Ellis Brown Sachets 4g: 8 × 1.19 = 9.52 page-4966190e7ca45b28.js:1:14434
     - Canderel Sugar: 6 × 0.772 = 4.63 page-4966190e7ca45b28.js:1:14434
     - Top Score Maize Meal: 0.5 × 12.2 = 6.10 page-4966190e7ca45b28.js:1:14434
     - Rama: 0.5 × 52.667 = 26.33 page-4966190e7ca45b28.js:1:14434
     - Red Pepper: 0.4 × 58.14 = 23.26 page-4966190e7ca45b28.js:1:14434
     - Yellow Pepper: 0.2 × 48.276 = 9.66 page-4966190e7ca45b28.js:1:14434
     - Liqui Fruit Can 300ml: 8 × 10.25 = 82.00 page-4966190e7ca45b28.js:1:14434
     - Krush 200ML: 2 × 7.167 = 14.33 page-4966190e7ca45b28.js:1:14434
     - Cheese Slice: 7 × 3.056 = 21.39 page-4966190e7ca45b28.js:1:14434
     - Mini Butter 7g: 20 × 2.29 = 45.80 page-4966190e7ca45b28.js:1:14434
     - Five Roses Tea: 1 × 0.64 = 0.64 page-4966190e7ca45b28.js:1:14434
     SUBTOTAL: 591.71 page-4966190e7ca45b28.js:1:14530
  5462. DL-00332 (2026-02-10T00:00:00.000Z): page-4966190e7ca45b28.js:1:14168
     - Chicken: 1.8 × 48.5 = 87.30 page-4966190e7ca45b28.js:1:14434
     - Mince Meat: 5 × 132.87 = 664.35 page-4966190e7ca45b28.js:1:14434
     - Umndeni Beans: 10 × 30.4 = 304.00 page-4966190e7ca45b28.js:1:14434
     - Carrots: 4.6 × 6.598 = 30.35 page-4966190e7ca45b28.js:1:14434
     - Onion: 4.95 × 7.5 = 37.13 page-4966190e7ca45b28.js:1:14434
     - Top Score Maize Meal: 25 × 12.2 = 305.00 page-4966190e7ca45b28.js:1:14434
     - Cabbage: 7 × 16 = 112.00 page-4966190e7ca45b28.js:1:14434
     - Sun Sun Cooking Oil: 2 × 30.5 = 61.00 page-4966190e7ca45b28.js:1:14434
     - Chicken Stock: 0.6 × 27.99 = 16.79 page-4966190e7ca45b28.js:1:14434
     - Spice Mix: 0.4 × 70 = 28.00 page-4966190e7ca45b28.js:1:14434
     - Rajah (Medium): 0.1 × 200 = 20.00 page-4966190e7ca45b28.js:1:14434
     - Soup: 0.25 × 4.2 = 1.05 page-4966190e7ca45b28.js:1:14434
     - Ruchi Tumeric: 1 × 93 = 93.00 page-4966190e7ca45b28.js:1:14434
     - Still Water 500ml: 1 × 4.167 = 4.17 page-4966190e7ca45b28.js:1:14434
     - FOMO 40: 2 × 0.673 = 1.35 page-4966190e7ca45b28.js:1:14434
     - Apple: 0.15 × 16.667 = 2.50 page-4966190e7ca45b28.js:1:14434
     SUBTOTAL: 1767.98 page-4966190e7ca45b28.js:1:14530
  5463. DL-00322 (2026-02-10T00:00:00.000Z): page-4966190e7ca45b28.js:1:14168
     - Brown Bread: 25 × 5.305 = 132.63 page-4966190e7ca45b28.js:1:14434
     - Droxford Peanut Butter: 4.75 × 61.55 = 292.36 page-4966190e7ca45b28.js:1:14434
     - Rooibos Tea: 80 × 0.481 = 38.48 page-4966190e7ca45b28.js:1:14434
     - Five Roses Tea: 30 × 0.64 = 19.20 page-4966190e7ca45b28.js:1:14434
     - Umcenge Milk: 5 × 18.333 = 91.66 page-4966190e7ca45b28.js:1:14434
     SUBTOTAL: 574.33 page-4966190e7ca45b28.js:1:14530
  5464. DL-00331 (2026-02-10T00:00:00.000Z): page-4966190e7ca45b28.js:1:14168
     - Bacon: 0.06 × 95 = 5.70 page-4966190e7ca45b28.js:1:14434
     - Hake Fillet: 0.22 × 155.2 = 34.14 page-4966190e7ca45b28.js:1:14434
     - Chicken Drumsticks: 0.32 × 58.96 = 18.87 page-4966190e7ca45b28.js:1:14434
     - Eggs: 3 × 1.917 = 5.75 page-4966190e7ca45b28.js:1:14434
     - Pork Sliced: 0.6 × 93 = 55.80 page-4966190e7ca45b28.js:1:14434
     - Chicken: 0.8 × 48.5 = 38.80 page-4966190e7ca45b28.js:1:14434
     - Koo Beans 410g: 1 × 14.167 = 14.17 page-4966190e7ca45b28.js:1:14434
     - Chakalaka Koo 410g: 1 × 21.67 = 21.67 page-4966190e7ca45b28.js:1:14434
     - Carrots: 0.26 × 6.598 = 1.72 page-4966190e7ca45b28.js:1:14434
     - Onion: 0.29 × 7.5 = 2.17 page-4966190e7ca45b28.js:1:14434
     - Brown Bread: 1 × 5.305 = 5.30 page-4966190e7ca45b28.js:1:14434
     - Liqui Fruit Can 300ml: 3 × 10.25 = 30.75 page-4966190e7ca45b28.js:1:14434
     - Soft Drink 300ml: 3 × 11.667 = 35.00 page-4966190e7ca45b28.js:1:14434
     - Cooking Oil: 1 × 30.5 = 30.50 page-4966190e7ca45b28.js:1:14434
     SUBTOTAL: 300.35 page-4966190e7ca45b28.js:1:14530
  5465. DL-00323 (2026-02-10T00:00:00.000Z): page-4966190e7ca45b28.js:1:14168
     - Umcenge Milk: 16 × 18.333 = 293.33 page-4966190e7ca45b28.js:1:14434
     - Umcenge Milk 500ML: 3 × 11.5 = 34.50 page-4966190e7ca45b28.js:1:14434
     SUBTOTAL: 327.83 page-4966190e7ca45b28.js:1:14530
  5466. DL-00361 (2026-02-10T00:00:00.000Z): page-4966190e7ca45b28.js:1:14168
     - Top Score Maize Meal: 7.1 × 12.2 = 86.62 page-4966190e7ca45b28.js:1:14434
     - Emabele: 5 × 16 = 80.00 page-4966190e7ca45b28.js:1:14434
     - Romi: 1 × 11.77 = 11.77 page-4966190e7ca45b28.js:1:14434
     - Nespray 1.8kg : 1.8 × 314.99 = 566.98 page-4966190e7ca45b28.js:1:14434
     SUBTOTAL: 745.37 page-4966190e7ca45b28.js:1:14530
  5467. DL-00321 (2026-02-10T00:00:00.000Z): page-4966190e7ca45b28.js:1:14168
     - Hake Fillet: 1.7 × 155.2 = 263.84 page-4966190e7ca45b28.js:1:14434
     - Chicken: 3.6 × 48.5 = 174.60 page-4966190e7ca45b28.js:1:14434
     - Tastic Rice: 1 × 18.4 = 18.40 page-4966190e7ca45b28.js:1:14434
     - Brocolli: 4 × 32.99 = 131.96 page-4966190e7ca45b28.js:1:14434
     - Cauliflower: 2 × 29.99 = 59.98 page-4966190e7ca45b28.js:1:14434
     - Baby Marrow: 0.4 × 39.975 = 15.99 page-4966190e7ca45b28.js:1:14434
     - Macaroni: 0.5 × 33.6 = 16.80 page-4966190e7ca45b28.js:1:14434
     - Red Pepper: 0.25 × 58.14 = 14.54 page-4966190e7ca45b28.js:1:14434
     - Yellow Pepper: 0.25 × 48.276 = 12.07 page-4966190e7ca45b28.js:1:14434
     - Green Pepper: 0.4 × 22.422 = 8.97 page-4966190e7ca45b28.js:1:14434
     - Umcenge Milk: 1 × 18.333 = 18.33 page-4966190e7ca45b28.js:1:14434
     - Cheddar Cheese: 0.5 × 180.885 = 90.44 page-4966190e7ca45b28.js:1:14434
     - Mozzarella Cheese: 0.25 × 194.5 = 48.63 page-4966190e7ca45b28.js:1:14434
     - Mushrooms: 0.25 × 119.96 = 29.99 page-4966190e7ca45b28.js:1:14434
     - Cream: 1 × 123.98 = 123.98 page-4966190e7ca45b28.js:1:14434
     - Potatoes: 4 × 9.999 = 40.00 page-4966190e7ca45b28.js:1:14434
     - Top Score Maize Meal: 1 × 12.2 = 12.20 page-4966190e7ca45b28.js:1:14434
     - Mayonnaise: 1 × 56 = 56.00 page-4966190e7ca45b28.js:1:14434
     - Still Water 500ml: 20 × 4.167 = 83.34 page-4966190e7ca45b28.js:1:14434
     - Nectarines: 1 × 24.99 = 24.99 page-4966190e7ca45b28.js:1:14434
     - Apple: 1.5 × 16.667 = 25.00 page-4966190e7ca45b28.js:1:14434
     - Pears: 1 × 33.49 = 33.49 page-4966190e7ca45b28.js:1:14434
     - Liqui Fruit Can 300ml: 2 × 10.25 = 20.50 page-4966190e7ca45b28.js:1:14434
     SUBTOTAL: 1324.03 page-4966190e7ca45b28.js:1:14530
  5468. DL-00328 (2026-02-10T00:00:00.000Z): page-4966190e7ca45b28.js:1:14168
     - Brown Bread: 2 × 5.305 = 10.61 page-4966190e7ca45b28.js:1:14434
     - White Bread: 2 × 42.57 = 85.14 page-4966190e7ca45b28.js:1:14434
     - White Sugar: 0.5 × 19.4 = 9.70 page-4966190e7ca45b28.js:1:14434
     - Self Raising Flour: 1.5 × 16 = 24.00 page-4966190e7ca45b28.js:1:14434
     - Cake Flour: 2 × 14.16 = 28.32 page-4966190e7ca45b28.js:1:14434
     - Eggs: 21 × 1.917 = 40.26 page-4966190e7ca45b28.js:1:14434
     - Rama: 2 × 52.667 = 105.33 page-4966190e7ca45b28.js:1:14434
     - Brown Sugar: 0.5 × 18 = 9.00 page-4966190e7ca45b28.js:1:14434
     - Umcenge Milk: 2 × 18.333 = 36.67 page-4966190e7ca45b28.js:1:14434
     - Still Water 500ml: 2 × 4.167 = 8.33 page-4966190e7ca45b28.js:1:14434
     - Fomo Tubs: 35 × 0.684 = 23.94 page-4966190e7ca45b28.js:1:14434
     - FOMO 40: 75 × 0.673 = 50.48 page-4966190e7ca45b28.js:1:14434
     - Cheese Slice: 5 × 3.056 = 15.28 page-4966190e7ca45b28.js:1:14434
     - Cooking Oil: 6 × 30.5 = 183.00 page-4966190e7ca45b28.js:1:14434
     - Spray & Cook 300ml: 1 × 43 = 43.00 page-4966190e7ca45b28.js:1:14434
     - Plastic Spoons : 1 × 36 = 36.00 page-4966190e7ca45b28.js:1:14434
     - Russian: 0.2 × 101.649 = 20.33 page-4966190e7ca45b28.js:1:14434
     - Onion: 2 × 7.5 = 15.00 page-4966190e7ca45b28.js:1:14434
     - Carrots: 2 × 6.598 = 13.20 page-4966190e7ca45b28.js:1:14434
     - Butternut: 10 × 7 = 70.00 page-4966190e7ca45b28.js:1:14434
     - Beetroot: 2.5 × 9.998 = 24.99 page-4966190e7ca45b28.js:1:14434
     - Potatoes: 9.82 × 9.999 = 98.19 page-4966190e7ca45b28.js:1:14434
     - Liqui Fruit 1L: 2 × 22.917 = 45.83 page-4966190e7ca45b28.js:1:14434
     - Top Score Maize Meal: 3 × 12.2 = 36.60 page-4966190e7ca45b28.js:1:14434
     - Chicken: 18 × 48.5 = 873.00 page-4966190e7ca45b28.js:1:14434
     - Beef Stewing: 3.8 × 127.803 = 485.65 page-4966190e7ca45b28.js:1:14434
     - Top Class Aromat: 0.4 × 73 = 29.20 page-4966190e7ca45b28.js:1:14434
     - Green Pepper: 0.16 × 22.422 = 3.59 page-4966190e7ca45b28.js:1:14434
     - Sihlobo Rice: 7 × 10.476 = 73.33 page-4966190e7ca45b28.js:1:14434
     - Hake zero: 1.18 × 68 = 80.24 page-4966190e7ca45b28.js:1:14434
     - Crushed Garlic: 1 × 75.4 = 75.40 page-4966190e7ca45b28.js:1:14434
     - Mayonnaise: 3.519 × 56 = 197.06 page-4966190e7ca45b28.js:1:14434
     - Soft Drink 300ml: 7 × 11.667 = 81.67 page-4966190e7ca45b28.js:1:14434
     - Soft Drink 1L: 2 × 16.375 = 32.75 page-4966190e7ca45b28.js:1:14434
     - Liqui Fruit Can 300ml: 1 × 10.25 = 10.25 page-4966190e7ca45b28.js:1:14434
     - Mahewu 500ml: 1 × 9.1 = 9.10 page-4966190e7ca45b28.js:1:14434
     - Score 500ml: 4 × 8.333 = 33.33 page-4966190e7ca45b28.js:1:14434
     SUBTOTAL: 3017.78 page-4966190e7ca45b28.js:1:14530
  5469. DL-00329 (2026-02-10T00:00:00.000Z): page-4966190e7ca45b28.js:1:14168
     - Rooibos Tea: 240 × 0.481 = 115.44 page-4966190e7ca45b28.js:1:14434
     - Five Roses Tea: 200 × 0.64 = 128.00 page-4966190e7ca45b28.js:1:14434
     - Ice bag: 5 × 14 = 70.00 page-4966190e7ca45b28.js:1:14434
     - Brown Sugar: 23.8 × 18 = 428.40 page-4966190e7ca45b28.js:1:14434
     - Umcenge Milk: 13 × 18.333 = 238.33 page-4966190e7ca45b28.js:1:14434
     - Fusion: 5 × 35 = 175.00 page-4966190e7ca45b28.js:1:14434
     SUBTOTAL: 1155.17 page-4966190e7ca45b28.js:1:14530
  5470. DL-00320 (2026-02-10T00:00:00.000Z): page-4966190e7ca45b28.js:1:14168
     - Umndeni Beans: 16 × 30.4 = 486.40 page-4966190e7ca45b28.js:1:14434
     - Onion: 1 × 7.5 = 7.50 page-4966190e7ca45b28.js:1:14434
     - Carrots: 1 × 6.598 = 6.60 page-4966190e7ca45b28.js:1:14434
     - Cooking Oil: 2 × 30.5 = 61.00 page-4966190e7ca45b28.js:1:14434
     - Chicken: 1.75 × 48.5 = 84.88 page-4966190e7ca45b28.js:1:14434
     - Rajah (Medium): 0.05 × 200 = 10.00 page-4966190e7ca45b28.js:1:14434
     - Salt: 1 × 6.7 = 6.70 page-4966190e7ca45b28.js:1:14434
     SUBTOTAL: 663.07 page-4966190e7ca45b28.js:1:14530
  5471. DL-00318 (2026-02-10T00:00:00.000Z): page-4966190e7ca45b28.js:1:14168
     - White Bread: 2 × 16.29 = 32.58 page-4966190e7ca45b28.js:1:14434
     - Sihlobo Rice: 3 × 10.476 = 31.43 page-4966190e7ca45b28.js:1:14434
     - Beef Stewing: 5 × 127.803 = 639.01 page-4966190e7ca45b28.js:1:14434
     - Airoma 250ml: 2 × 19.17 = 38.34 page-4966190e7ca45b28.js:1:14434
     - Tissue: 5 × 4.9 = 24.50 page-4966190e7ca45b28.js:1:14434
     - Brown Bread: 2 × 5.305 = 10.61 page-4966190e7ca45b28.js:1:14434
     SUBTOTAL: 776.47 page-4966190e7ca45b28.js:1:14530
  5472. DL-00315 (2026-02-10T00:00:00.000Z): page-4966190e7ca45b28.js:1:14168
     - Emabele: 5 × 16 = 80.00 page-4966190e7ca45b28.js:1:14434
     - Top Score Maize Meal: 5.5 × 12.2 = 67.10 page-4966190e7ca45b28.js:1:14434
     - Brown Sugar: 4.3 × 18 = 77.40 page-4966190e7ca45b28.js:1:14434
     - White Sugar: 0.5 × 19.4 = 9.70 page-4966190e7ca45b28.js:1:14434
     - Fomo Tubs: 25 × 0.684 = 17.10 page-4966190e7ca45b28.js:1:14434
     - Umcenge Milk: 2 × 18.333 = 36.67 page-4966190e7ca45b28.js:1:14434
     - Clover Milk: 2 × 19.67 = 39.34 page-4966190e7ca45b28.js:1:14434
     - FOMO 6: 85 × 0.312 = 26.52 page-4966190e7ca45b28.js:1:14434
     - Plastic Spoons : 1 × 36 = 36.00 page-4966190e7ca45b28.js:1:14434
     - Cling Wrap: 1 × 300 = 300.00 page-4966190e7ca45b28.js:1:14434
     - Koo Beans 410g: 1 × 14.167 = 14.17 page-4966190e7ca45b28.js:1:14434
     - Lettuce: 1 × 5 = 5.00 page-4966190e7ca45b28.js:1:14434
     - Tomatoes: 0.16 × 24.064 = 3.85 page-4966190e7ca45b28.js:1:14434
     - Eggs: 2 × 1.917 = 3.83 page-4966190e7ca45b28.js:1:14434
     - White Bread: 4 × 14.87 = 59.48 page-4966190e7ca45b28.js:1:14434
     SUBTOTAL: 776.16 page-4966190e7ca45b28.js:1:14530
  5473. DL-00336 (2026-02-10T00:00:00.000Z): page-4966190e7ca45b28.js:1:14168
     - Soft Drink 2L: 1 × 23.667 = 23.67 page-4966190e7ca45b28.js:1:14434
     - Eggs: 6 × 1.917 = 11.50 page-4966190e7ca45b28.js:1:14434
     - Umcenge Milk: 1 × 18.333 = 18.33 page-4966190e7ca45b28.js:1:14434
     - Brown Sugar: 0.45 × 18 = 8.10 page-4966190e7ca45b28.js:1:14434
     - Self Raising Flour: 2.5 × 16 = 40.00 page-4966190e7ca45b28.js:1:14434
     - Soft Drink 1L: 3 × 16.375 = 49.13 page-4966190e7ca45b28.js:1:14434
     - Liqui Fruit Can 300ml: 1 × 10.25 = 10.25 page-4966190e7ca45b28.js:1:14434
     - Rama: 0.5 × 52.667 = 26.33 page-4966190e7ca45b28.js:1:14434
     SUBTOTAL: 187.31 page-4966190e7ca45b28.js:1:14530
  5474. DL-00334 (2026-02-10T00:00:00.000Z): page-4966190e7ca45b28.js:1:14168
     - Brown Sugar: 0.6 × 18 = 10.80 page-4966190e7ca45b28.js:1:14434
     - Eggs: 4 × 1.917 = 7.67 page-4966190e7ca45b28.js:1:14434
     - Chicken Breast: 0.3 × 45.11 = 13.53 page-4966190e7ca45b28.js:1:14434
     - Tomatoes: 0.2 × 24.064 = 4.81 page-4966190e7ca45b28.js:1:14434
     - Green Pepper: 0.5 × 22.422 = 11.21 page-4966190e7ca45b28.js:1:14434
     - Cheddar Cheese: 0.15 × 180.885 = 27.13 page-4966190e7ca45b28.js:1:14434
     - Soft Drink 300ml: 2 × 11.667 = 23.33 page-4966190e7ca45b28.js:1:14434
     - Liqui Fruit Can 300ml: 3 × 10.25 = 30.75 page-4966190e7ca45b28.js:1:14434
     - Five Roses Tea: 2 × 0.64 = 1.28 page-4966190e7ca45b28.js:1:14434
     - Rooibos Tea: 8 × 0.481 = 3.85 page-4966190e7ca45b28.js:1:14434
     - Brown Bread: 3 × 5.305 = 15.91 page-4966190e7ca45b28.js:1:14434
     - Umcenge Milk 500ML: 1 × 11.5 = 11.50 page-4966190e7ca45b28.js:1:14434
     - Chicken: 5.1 × 48.5 = 247.35 page-4966190e7ca45b28.js:1:14434
     - Still Water 500ml: 3 × 4.167 = 12.50 page-4966190e7ca45b28.js:1:14434
     - Red Cabbage: 8.67 × 29.99 = 260.01 page-4966190e7ca45b28.js:1:14434
     SUBTOTAL: 681.65 page-4966190e7ca45b28.js:1:14530
  5475. DL-00305 (2026-02-09T00:00:00.000Z): page-4966190e7ca45b28.js:1:14168
     - Chicken: 4.85 × 48.5 = 235.22 page-4966190e7ca45b28.js:1:14434
     - Tastic Rice: 1 × 18.4 = 18.40 page-4966190e7ca45b28.js:1:14434
     - Lettuce: 3 × 5 = 15.00 page-4966190e7ca45b28.js:1:14434
     - Tomatoes: 1 × 17.99 = 17.99 page-4966190e7ca45b28.js:1:14434
     - Red Pepper: 0.2 × 58.14 = 11.63 page-4966190e7ca45b28.js:1:14434
     - Carrots: 2 × 6.598 = 13.20 page-4966190e7ca45b28.js:1:14434
     - Potatoes: 7 × 9.999 = 69.99 page-4966190e7ca45b28.js:1:14434
     - Olives: 1 × 82.124 = 82.12 page-4966190e7ca45b28.js:1:14434
     - Green Pepper: 0.5 × 49.975 = 24.99 page-4966190e7ca45b28.js:1:14434
     - Krush 200ML: 3 × 35.833 = 107.50 page-4966190e7ca45b28.js:1:14434
     - Liqui Fruit Can 300ml: 13 × 10.25 = 133.25 page-4966190e7ca45b28.js:1:14434
     - Still Water 500ml: 1 × 4.167 = 4.17 page-4966190e7ca45b28.js:1:14434
     - Spinach: 1 × 10 = 10.00 page-4966190e7ca45b28.js:1:14434
     SUBTOTAL: 743.46 page-4966190e7ca45b28.js:1:14530
  5476. DL-00307 (2026-02-09T00:00:00.000Z): page-4966190e7ca45b28.js:1:14168
     - Yoghurt Bliss 150g: 4 × 14.49 = 57.96 page-4966190e7ca45b28.js:1:14434
     - Liqui Fruit Can 300ml: 4 × 10.25 = 41.00 page-4966190e7ca45b28.js:1:14434
     - Nectarines: 1 × 24.99 = 24.99 page-4966190e7ca45b28.js:1:14434
     - Plain Yoghurt 150G: 2 × 14.49 = 28.98 page-4966190e7ca45b28.js:1:14434
     SUBTOTAL: 152.93 page-4966190e7ca45b28.js:1:14530
  5477. DL-00312 (2026-02-09T00:00:00.000Z): page-4966190e7ca45b28.js:1:14168
     - Brown Bread: 16 × 13.26 = 212.16 page-4966190e7ca45b28.js:1:14434
     - Cheese Slice: 72 × 3.056 = 220.03 page-4966190e7ca45b28.js:1:14434
     - Rooibos Tea: 25 × 0.481 = 12.03 page-4966190e7ca45b28.js:1:14434
     - Brown Sugar: 4 × 18 = 72.00 page-4966190e7ca45b28.js:1:14434
     - Rama: 0.5 × 52.667 = 26.33 page-4966190e7ca45b28.js:1:14434
     - Clover Milk: 2 × 19.67 = 39.34 page-4966190e7ca45b28.js:1:14434
     SUBTOTAL: 581.89 page-4966190e7ca45b28.js:1:14530
  5478. DL-00311 (2026-02-09T00:00:00.000Z): page-4966190e7ca45b28.js:1:14168
     - Onion: 2 × 7.5 = 15.00 page-4966190e7ca45b28.js:1:14434
     - Carrots: 1 × 6.598 = 6.60 page-4966190e7ca45b28.js:1:14434
     - Potatoes: 2.41 × 7 = 16.87 page-4966190e7ca45b28.js:1:14434
     - Sihlobo Rice: 10 × 10.476 = 104.76 page-4966190e7ca45b28.js:1:14434
     - Braai Wors: 7.41 × 179.987 = 1333.70 page-4966190e7ca45b28.js:1:14434
     - Chicken: 1.8 × 48.5 = 87.30 page-4966190e7ca45b28.js:1:14434
     - Cabbage: 8 × 15 = 120.00 page-4966190e7ca45b28.js:1:14434
     - Cooking Oil: 1 × 30.5 = 30.50 page-4966190e7ca45b28.js:1:14434
     - Top Score Maize Meal: 1.2 × 12.2 = 14.64 page-4966190e7ca45b28.js:1:14434
     - Mutton Cloth(roll): 1 × 48.5 = 48.50 page-4966190e7ca45b28.js:1:14434
     - Refuse Bag Roll: 1 × 27.9 = 27.90 page-4966190e7ca45b28.js:1:14434
     SUBTOTAL: 1805.77 page-4966190e7ca45b28.js:1:14530
  5479. DL-00313 (2026-02-09T00:00:00.000Z): page-4966190e7ca45b28.js:1:14168
     - Onion: 4 × 7.5 = 30.00 page-4966190e7ca45b28.js:1:14434
     - Carrots: 2 × 6.598 = 13.20 page-4966190e7ca45b28.js:1:14434
     - Cabbage: 12 × 15 = 180.00 page-4966190e7ca45b28.js:1:14434
     - Potatoes: 6 × 7 = 42.00 page-4966190e7ca45b28.js:1:14434
     - Hake zero: 1.68 × 68 = 114.24 page-4966190e7ca45b28.js:1:14434
     - Beetroot: 5 × 9.998 = 49.99 page-4966190e7ca45b28.js:1:14434
     - Chicken: 13.06 × 48.5 = 633.41 page-4966190e7ca45b28.js:1:14434
     - Butternut: 9 × 7 = 63.00 page-4966190e7ca45b28.js:1:14434
     - Cooking Oil: 2 × 30.5 = 61.00 page-4966190e7ca45b28.js:1:14434
     - Cake Flour: 1.1 × 14.16 = 15.58 page-4966190e7ca45b28.js:1:14434
     - Sihlobo Rice: 9 × 10.476 = 94.28 page-4966190e7ca45b28.js:1:14434
     - Rajah (Hot): 0.2 × 32.7 = 6.54 page-4966190e7ca45b28.js:1:14434
     - Soft Drink 300ml: 3 × 11.667 = 35.00 page-4966190e7ca45b28.js:1:14434
     - Soft Drink 2L: 3 × 23.667 = 71.00 page-4966190e7ca45b28.js:1:14434
     - Emahewu 1L: 2 × 14.2 = 28.40 page-4966190e7ca45b28.js:1:14434
     - Mahewu 500ml: 1 × 9.1 = 9.10 page-4966190e7ca45b28.js:1:14434
     - Still Water 500ml: 1 × 4.167 = 4.17 page-4966190e7ca45b28.js:1:14434
     - Top Score Maize Meal: 3 × 12.2 = 36.60 page-4966190e7ca45b28.js:1:14434
     - Soft Drink 1L: 1 × 16.375 = 16.38 page-4966190e7ca45b28.js:1:14434
     - Self Raising Flour: 1 × 16 = 16.00 page-4966190e7ca45b28.js:1:14434
     - Yeast 10g: 2 × 42.083 = 84.17 page-4966190e7ca45b28.js:1:14434
     - White Sugar: 1 × 19.4 = 19.40 page-4966190e7ca45b28.js:1:14434
     - Eggs: 20 × 1.917 = 38.34 page-4966190e7ca45b28.js:1:14434
     - Rama: 0.5 × 52.667 = 26.33 page-4966190e7ca45b28.js:1:14434
     - Brown Bread: 2 × 13.26 = 26.52 page-4966190e7ca45b28.js:1:14434
     - White Bread: 1 × 14.87 = 14.87 page-4966190e7ca45b28.js:1:14434
     - Brown Sugar: 0.5 × 18 = 9.00 page-4966190e7ca45b28.js:1:14434
     - Plastic Spoons : 250 × 36 = 9000.00 page-4966190e7ca45b28.js:1:14434
     - FOMO Cups 350ml: 25 × 0.64 = 16.00 page-4966190e7ca45b28.js:1:14434
     - FOMO 40: 75 × 0.673 = 50.48 page-4966190e7ca45b28.js:1:14434
     - Fomo Tubs: 25 × 0.684 = 17.10 page-4966190e7ca45b28.js:1:14434
     SUBTOTAL: 10822.08 page-4966190e7ca45b28.js:1:14530
  5480. DL-00310 (2026-02-09T00:00:00.000Z): page-4966190e7ca45b28.js:1:14168
     - Onion: 4 × 7.5 = 30.00 page-4966190e7ca45b28.js:1:14434
     - Cake Flour: 1 × 14.16 = 14.16 page-4966190e7ca45b28.js:1:14434
     - Potatoes: 2 × 9.999 = 20.00 page-4966190e7ca45b28.js:1:14434
     - Carrots: 7.09 × 6.598 = 46.78 page-4966190e7ca45b28.js:1:14434
     - Chicken: 22.5 × 48.5 = 1091.25 page-4966190e7ca45b28.js:1:14434
     - Sihlobo Rice: 10 × 10.476 = 104.76 page-4966190e7ca45b28.js:1:14434
     - Rajah (Medium): 0.05 × 200 = 10.00 page-4966190e7ca45b28.js:1:14434
     - Top Class Aromat: 0.4 × 73 = 29.20 page-4966190e7ca45b28.js:1:14434
     - Top Score Maize Meal: 1.2 × 12.2 = 14.64 page-4966190e7ca45b28.js:1:14434
     - Pears: 18 × 23.327 = 419.89 page-4966190e7ca45b28.js:1:14434
     - Rama: 0.05 × 52.667 = 2.63 page-4966190e7ca45b28.js:1:14434
     - Cabbage: 12 × 15 = 180.00 page-4966190e7ca45b28.js:1:14434
     - Green Pepper: 1 × 22.422 = 22.42 page-4966190e7ca45b28.js:1:14434
     SUBTOTAL: 1985.73 page-4966190e7ca45b28.js:1:14530
  5481. DL-00304 (2026-02-09T00:00:00.000Z): page-4966190e7ca45b28.js:1:14168
     - Chicken: 3.6 × 48.5 = 174.60 page-4966190e7ca45b28.js:1:14434
     - Mega Star Samp: 1 × 14.6 = 14.60 page-4966190e7ca45b28.js:1:14434
     - Tastic Rice: 1 × 18.4 = 18.40 page-4966190e7ca45b28.js:1:14434
     - Red Apples: 1.5 × 33.327 = 49.99 page-4966190e7ca45b28.js:1:14434
     - Beetroot: 2 × 9.998 = 20.00 page-4966190e7ca45b28.js:1:14434
     - Spinach: 3 × 10 = 30.00 page-4966190e7ca45b28.js:1:14434
     - Cling Wrap: 1 × 300 = 300.00 page-4966190e7ca45b28.js:1:14434
     - Butcher Bags: 1 × 71 = 71.00 page-4966190e7ca45b28.js:1:14434
     - Carrots: 1 × 6.598 = 6.60 page-4966190e7ca45b28.js:1:14434
     - Cooking Oil: 2 × 30.5 = 61.00 page-4966190e7ca45b28.js:1:14434
     - Top Score Maize Meal: 1 × 12.2 = 12.20 page-4966190e7ca45b28.js:1:14434
     - Red Pepper: 0.2 × 58.14 = 11.63 page-4966190e7ca45b28.js:1:14434
     - Yellow Pepper: 0.25 × 48.276 = 12.07 page-4966190e7ca45b28.js:1:14434
     - Krush 200ML: 1 × 35.833 = 35.83 page-4966190e7ca45b28.js:1:14434
     - Rama: 0.5 × 52.667 = 26.33 page-4966190e7ca45b28.js:1:14434
     - Still Water 500ml: 11 × 4.167 = 45.84 page-4966190e7ca45b28.js:1:14434
     - Lamb: 2.2 × 180.252 = 396.55 page-4966190e7ca45b28.js:1:14434
     SUBTOTAL: 1286.64 page-4966190e7ca45b28.js:1:14530
  5482. DL-00303 (2026-02-09T00:00:00.000Z): page-4966190e7ca45b28.js:1:14168
     - Brown Bread: 2 × 14.59 = 29.18 page-4966190e7ca45b28.js:1:14434
     - White Bread: 1 × 16.29 = 16.29 page-4966190e7ca45b28.js:1:14434
     - Beef Sausages: 2 × 132.29 = 264.58 page-4966190e7ca45b28.js:1:14434
     - Pork Sausages: 1.2 × 96.99 = 116.39 page-4966190e7ca45b28.js:1:14434
     - Umcenge Milk: 3 × 18.333 = 55.00 page-4966190e7ca45b28.js:1:14434
     - Eggs: 12 × 1.917 = 23.00 page-4966190e7ca45b28.js:1:14434
     - Selati Brown Sugar: 55 × 0.26 = 14.30 page-4966190e7ca45b28.js:1:14434
     - Selati White Sachet : 31 × 0.26 = 8.06 page-4966190e7ca45b28.js:1:14434
     - Rooibos Tea: 11 × 0.481 = 5.29 page-4966190e7ca45b28.js:1:14434
     - Ellis Brown Sachets 4g: 10 × 1.19 = 11.90 page-4966190e7ca45b28.js:1:14434
     - Canderel Sugar: 9 × 0.772 = 6.95 page-4966190e7ca45b28.js:1:14434
     - Cheese Slice: 10 × 3.056 = 30.56 page-4966190e7ca45b28.js:1:14434
     - Jungle Oats: 1 × 40 = 40.00 page-4966190e7ca45b28.js:1:14434
     - Top Score Maize Meal: 0.7 × 12.2 = 8.54 page-4966190e7ca45b28.js:1:14434
     - Tomatoes: 1 × 22.24 = 22.24 page-4966190e7ca45b28.js:1:14434
     - Lettuce: 1 × 5 = 5.00 page-4966190e7ca45b28.js:1:14434
     - Corn-flakes: 1 × 65 = 65.00 page-4966190e7ca45b28.js:1:14434
     - Cooking Oil: 2 × 30.5 = 61.00 page-4966190e7ca45b28.js:1:14434
     - Koo Beans 410g: 2 × 14.167 = 28.33 page-4966190e7ca45b28.js:1:14434
     - Green Pepper: 0.4 × 49.975 = 19.99 page-4966190e7ca45b28.js:1:14434
     - Red Pepper: 0.45 × 58.14 = 26.16 page-4966190e7ca45b28.js:1:14434
     - Yellow Pepper: 0.4 × 48.276 = 19.31 page-4966190e7ca45b28.js:1:14434
     - Still Water 500ml: 3 × 4.167 = 12.50 page-4966190e7ca45b28.js:1:14434
     - Krush 200ML: 1 × 35.833 = 35.83 page-4966190e7ca45b28.js:1:14434
     - Liqui Fruit Can 300ml: 12 × 10.25 = 123.00 page-4966190e7ca45b28.js:1:14434
     SUBTOTAL: 1048.41 page-4966190e7ca45b28.js:1:14530
  5483. DL-00309 (2026-02-09T00:00:00.000Z): page-4966190e7ca45b28.js:1:14168
     - Brown Bread: 1 × 14.59 = 14.59 page-4966190e7ca45b28.js:1:14434
     - White Bread: 1 × 16.29 = 16.29 page-4966190e7ca45b28.js:1:14434
     - Yeast 10g: 0.04 × 42.083 = 1.68 page-4966190e7ca45b28.js:1:14434
     - Rama: 1.001 × 52.667 = 52.72 page-4966190e7ca45b28.js:1:14434
     - Eggs: 24 × 1.917 = 46.01 page-4966190e7ca45b28.js:1:14434
     - Cheese Slice: 9 × 3.056 = 27.50 page-4966190e7ca45b28.js:1:14434
     - Cake Flour: 5 × 14.16 = 70.80 page-4966190e7ca45b28.js:1:14434
     - Self Raising Flour: 2.5 × 16 = 40.00 page-4966190e7ca45b28.js:1:14434
     - Lettuce: 1 × 5 = 5.00 page-4966190e7ca45b28.js:1:14434
     - Lunch bar 44g: 4 × 12.175 = 48.70 page-4966190e7ca45b28.js:1:14434
     - Emasi: 2 × 14.995 = 29.99 page-4966190e7ca45b28.js:1:14434
     - Umcenge Milk: 1 × 18.333 = 18.33 page-4966190e7ca45b28.js:1:14434
     - FOMO 40: 75 × 0.66 = 49.50 page-4966190e7ca45b28.js:1:14434
     - Plain Yoghurt 150G: 2 × 14.49 = 28.98 page-4966190e7ca45b28.js:1:14434
     - Brown Sugar: 1.3 × 18 = 23.40 page-4966190e7ca45b28.js:1:14434
     - White Sugar: 1 × 19.4 = 19.40 page-4966190e7ca45b28.js:1:14434
     - Smoothies: 72 × 0.297 = 21.38 page-4966190e7ca45b28.js:1:14434
     - Eclairs: 50 × 0.53 = 26.50 page-4966190e7ca45b28.js:1:14434
     - Halls: 72 × 0.243 = 17.50 page-4966190e7ca45b28.js:1:14434
     - Cooking Oil: 4 × 30.5 = 122.00 page-4966190e7ca45b28.js:1:14434
     - Doritos 45g: 7 × 7.438 = 52.07 page-4966190e7ca45b28.js:1:14434
     - Jacobs Sachets: 2 × 4.25 = 8.50 page-4966190e7ca45b28.js:1:14434
     - Beef Stewing: 5.05 × 127.803 = 645.41 page-4966190e7ca45b28.js:1:14434
     - Chicken: 6.9 × 48.5 = 334.65 page-4966190e7ca45b28.js:1:14434
     - Tastic Rice: 3 × 18.4 = 55.20 page-4966190e7ca45b28.js:1:14434
     - Sweet-Chilli Sauce: 1 × 69.995 = 70.00 page-4966190e7ca45b28.js:1:14434
     - Mega Star Samp: 0.5 × 14.6 = 7.30 page-4966190e7ca45b28.js:1:14434
     - Beetroot: 3 × 9.998 = 29.99 page-4966190e7ca45b28.js:1:14434
     - Potatoes: 7 × 9.999 = 69.99 page-4966190e7ca45b28.js:1:14434
     - Green Beans: 0.31 × 56.633 = 17.56 page-4966190e7ca45b28.js:1:14434
     - Baby Marrow: 0.4 × 39.975 = 15.99 page-4966190e7ca45b28.js:1:14434
     - Carrots: 1 × 6.598 = 6.60 page-4966190e7ca45b28.js:1:14434
     - Butter beans: 1 × 27.223 = 27.22 page-4966190e7ca45b28.js:1:14434
     - Mop Caps: 1 × 30 = 30.00 page-4966190e7ca45b28.js:1:14434
     - Red Pepper: 0.2 × 58.14 = 11.63 page-4966190e7ca45b28.js:1:14434
     - Yellow Pepper: 0.25 × 48.276 = 12.07 page-4966190e7ca45b28.js:1:14434
     - Koo Beans 410g: 2 × 14.167 = 28.33 page-4966190e7ca45b28.js:1:14434
     - Fomo 5: 125 × 0.308 = 38.50 page-4966190e7ca45b28.js:1:14434
     - FOMO Cups 250ml: 25 × 0.34 = 8.50 page-4966190e7ca45b28.js:1:14434
     - Soft Drink 300ml: 5 × 11.667 = 58.34 page-4966190e7ca45b28.js:1:14434
     - Liqui Fruit Can 300ml: 12 × 10.25 = 123.00 page-4966190e7ca45b28.js:1:14434
     - Olives: 1 × 82.124 = 82.12 page-4966190e7ca45b28.js:1:14434
     - Ice-Tea 500ml: 1 × 16.5 = 16.50 page-4966190e7ca45b28.js:1:14434
     - Aquelle Drink 500ml: 3 × 7.167 = 21.50 page-4966190e7ca45b28.js:1:14434
     - Kingsize 300ml: 7 × 7.396 = 51.77 page-4966190e7ca45b28.js:1:14434
     - Cabana: 4 × 13.167 = 52.67 page-4966190e7ca45b28.js:1:14434
     - Still Water 500ml: 1 × 4.167 = 4.17 page-4966190e7ca45b28.js:1:14434
     - Sparkling Water 500ml: 1 × 6.417 = 6.42 page-4966190e7ca45b28.js:1:14434
     - Emahewu 1L: 1 × 14.2 = 14.20 page-4966190e7ca45b28.js:1:14434
     - Mahewu 500ml: 1 × 9.1 = 9.10 page-4966190e7ca45b28.js:1:14434
     - Soft Drink 2L: 2 × 23.667 = 47.33 page-4966190e7ca45b28.js:1:14434
     - Red-Bull 250ml: 1 × 16.458 = 16.46 page-4966190e7ca45b28.js:1:14434
     - Ginger shots 250ml : 4 × 30 = 120.00 page-4966190e7ca45b28.js:1:14434
     SUBTOTAL: 2773.36 page-4966190e7ca45b28.js:1:14530
  5484. DL-00314 (2026-02-09T00:00:00.000Z): page-4966190e7ca45b28.js:1:14168
     - Chicken: 5.76 × 48.5 = 279.36 page-4966190e7ca45b28.js:1:14434
     - Sihlobo Rice: 2 × 10.476 = 20.95 page-4966190e7ca45b28.js:1:14434
     - Brown Sugar: 0.83 × 18 = 14.94 page-4966190e7ca45b28.js:1:14434
     - Brown Bread: 2 × 13.26 = 26.52 page-4966190e7ca45b28.js:1:14434
     - White Bread: 2 × 14.87 = 29.74 page-4966190e7ca45b28.js:1:14434
     - Cheese Slice: 26 × 3.056 = 79.46 page-4966190e7ca45b28.js:1:14434
     - Cremora: 0.5 × 68 = 34.00 page-4966190e7ca45b28.js:1:14434
     - Soft Drink 300ml: 2 × 11.667 = 23.33 page-4966190e7ca45b28.js:1:14434
     - Mop Caps: 1 × 30 = 30.00 page-4966190e7ca45b28.js:1:14434
     - Tissue: 6 × 4.9 = 29.40 page-4966190e7ca45b28.js:1:14434
     SUBTOTAL: 567.70 page-4966190e7ca45b28.js:1:14530
  5485. DL-00306 (2026-02-09T00:00:00.000Z): page-4966190e7ca45b28.js:1:14168
     - Chicken: 5.25 × 48.5 = 254.63 page-4966190e7ca45b28.js:1:14434
     - Tastic Rice: 1 × 18.4 = 18.40 page-4966190e7ca45b28.js:1:14434
     - Umcenge Milk: 1 × 18.333 = 18.33 page-4966190e7ca45b28.js:1:14434
     - Eggs: 6 × 1.917 = 11.50 page-4966190e7ca45b28.js:1:14434
     - Cheese Slice: 7 × 3.056 = 21.39 page-4966190e7ca45b28.js:1:14434
     - Brown Bread: 1 × 14.59 = 14.59 page-4966190e7ca45b28.js:1:14434
     - White Bread: 1 × 16.29 = 16.29 page-4966190e7ca45b28.js:1:14434
     - Braai Wors: 2 × 179.987 = 359.97 page-4966190e7ca45b28.js:1:14434
     SUBTOTAL: 715.11 page-4966190e7ca45b28.js:1:14530
  5486. DL-00308 (2026-02-09T00:00:00.000Z): page-4966190e7ca45b28.js:1:14168
     - Top Score Maize Meal: 5.2 × 12.2 = 63.44 page-4966190e7ca45b28.js:1:14434
     - Emabele: 5 × 16 = 80.00 page-4966190e7ca45b28.js:1:14434
     - White Bread: 4 × 16.29 = 65.16 page-4966190e7ca45b28.js:1:14434
     - Cheese Slice: 36 × 3.056 = 110.02 page-4966190e7ca45b28.js:1:14434
     - Rooibos Tea: 25 × 0.481 = 12.03 page-4966190e7ca45b28.js:1:14434
     - Ham: 0.1 × 112.995 = 11.30 page-4966190e7ca45b28.js:1:14434
     - Eggs: 2 × 1.917 = 3.83 page-4966190e7ca45b28.js:1:14434
     - Rama: 0.5 × 52.667 = 26.33 page-4966190e7ca45b28.js:1:14434
     - Brown Sugar: 4 × 18 = 72.00 page-4966190e7ca45b28.js:1:14434
     - White Sugar: 0.5 × 19.4 = 9.70 page-4966190e7ca45b28.js:1:14434
     - FOMO 6: 125 × 0.312 = 39.00 page-4966190e7ca45b28.js:1:14434
     - FOMO Cups 250ml: 100 × 0.34 = 34.00 page-4966190e7ca45b28.js:1:14434
     - Fomo Tubs: 25 × 0.684 = 17.10 page-4966190e7ca45b28.js:1:14434
     SUBTOTAL: 543.91 page-4966190e7ca45b28.js:1:14530
  5487. DL-00300 (2026-02-08T00:00:00.000Z): page-4966190e7ca45b28.js:1:14168
     - Pork Chops: 1.65 × 92 = 151.80 page-4966190e7ca45b28.js:1:14434
     - Tastic Rice: 1 × 18.4 = 18.40 page-4966190e7ca45b28.js:1:14434
     - Brown Bread: 1 × 14.59 = 14.59 page-4966190e7ca45b28.js:1:14434
     - Eggs: 3 × 1.917 = 5.75 page-4966190e7ca45b28.js:1:14434
     - Cheese Slice: 4 × 3.056 = 12.22 page-4966190e7ca45b28.js:1:14434
     - Mince Meat: 0.95 × 132.87 = 126.23 page-4966190e7ca45b28.js:1:14434
     - Spaghetti: 0.5 × 33.6 = 16.80 page-4966190e7ca45b28.js:1:14434
     SUBTOTAL: 345.79 page-4966190e7ca45b28.js:1:14530
  5488. DL-00297 (2026-02-08T00:00:00.000Z): page-4966190e7ca45b28.js:1:14168
     - Brown Bread: 2 × 14.59 = 29.18 page-4966190e7ca45b28.js:1:14434
     - White Bread: 1 × 16.29 = 16.29 page-4966190e7ca45b28.js:1:14434
     - Ox-Liver: 0.7 × 78.213 = 54.75 page-4966190e7ca45b28.js:1:14434
     - Eggs: 31 × 1.917 = 59.43 page-4966190e7ca45b28.js:1:14434
     - Umcenge Milk: 4 × 18.333 = 73.33 page-4966190e7ca45b28.js:1:14434
     - Red Apples: 1.5 × 33.327 = 49.99 page-4966190e7ca45b28.js:1:14434
     - Selati Brown Sugar: 60 × 0.26 = 15.60 page-4966190e7ca45b28.js:1:14434
     - Selati White Sachet : 30 × 0.26 = 7.80 page-4966190e7ca45b28.js:1:14434
     - Ellis Brown Sachets 4g: 13 × 1.19 = 15.47 page-4966190e7ca45b28.js:1:14434
     - Rooibos Tea: 13 × 0.481 = 6.25 page-4966190e7ca45b28.js:1:14434
     - Top Score Maize Meal: 0.5 × 12.2 = 6.10 page-4966190e7ca45b28.js:1:14434
     - Emabele: 1 × 16 = 16.00 page-4966190e7ca45b28.js:1:14434
     - Red Pepper: 0.25 × 58.14 = 14.54 page-4966190e7ca45b28.js:1:14434
     - Yellow Pepper: 0.25 × 48.276 = 12.07 page-4966190e7ca45b28.js:1:14434
     - Cucumber: 1 × 14.99 = 14.99 page-4966190e7ca45b28.js:1:14434
     - Tomatoes: 1 × 22.24 = 22.24 page-4966190e7ca45b28.js:1:14434
     - Vienna: 1 × 88.257 = 88.26 page-4966190e7ca45b28.js:1:14434
     - Bacon: 0.5 × 95 = 47.50 page-4966190e7ca45b28.js:1:14434
     - Cheese Slice: 6 × 3.056 = 18.34 page-4966190e7ca45b28.js:1:14434
     - Canderel Sugar: 3 × 0.772 = 2.32 page-4966190e7ca45b28.js:1:14434
     - Still Water 500ml: 8 × 4.167 = 33.34 page-4966190e7ca45b28.js:1:14434
     - Liqui Fruit Can 300ml: 20 × 10.25 = 205.00 page-4966190e7ca45b28.js:1:14434
     SUBTOTAL: 808.77 page-4966190e7ca45b28.js:1:14530
  5489. DL-00299 (2026-02-08T00:00:00.000Z): page-4966190e7ca45b28.js:1:14168
     - Makhaya Chicken: 2 × 100 = 200.00 page-4966190e7ca45b28.js:1:14434
     - Eggs: 7 × 1.917 = 13.42 page-4966190e7ca45b28.js:1:14434
     - Self Raising Flour: 1 × 16 = 16.00 page-4966190e7ca45b28.js:1:14434
     - Baby Marrow: 1 × 39.975 = 39.98 page-4966190e7ca45b28.js:1:14434
     - Carrots: 1 × 6.598 = 6.60 page-4966190e7ca45b28.js:1:14434
     - Cauliflower: 1 × 39.99 = 39.99 page-4966190e7ca45b28.js:1:14434
     - Red Pepper: 0.3 × 58.14 = 17.44 page-4966190e7ca45b28.js:1:14434
     - Yellow Pepper: 0.5 × 48.276 = 24.14 page-4966190e7ca45b28.js:1:14434
     - Pork Chops: 0.2 × 92 = 18.40 page-4966190e7ca45b28.js:1:14434
     - Dishwash Liquid: 5 × 12.32 = 61.60 page-4966190e7ca45b28.js:1:14434
     - Cheddar Cheese: 0.15 × 180.885 = 27.13 page-4966190e7ca45b28.js:1:14434
     - Ice-Cream: 1.8 × 48.883 = 87.99 page-4966190e7ca45b28.js:1:14434
     - Mahewu 500ml: 1 × 9.1 = 9.10 page-4966190e7ca45b28.js:1:14434
     - Still Water 500ml: 3 × 4.167 = 12.50 page-4966190e7ca45b28.js:1:14434
     - Liqui Fruit Can 300ml: 13 × 10.25 = 133.25 page-4966190e7ca45b28.js:1:14434
     SUBTOTAL: 707.54 page-4966190e7ca45b28.js:1:14530
  5490. DL-00301 (2026-02-08T00:00:00.000Z): page-4966190e7ca45b28.js:1:14168
     - Black Forest Cake: 2 × 79.99 = 159.98 page-4966190e7ca45b28.js:1:14434
     - Herbs mint : 1 × 13.99 = 13.99 page-4966190e7ca45b28.js:1:14434
     - Grape: 0.5 × 64.98 = 32.49 page-4966190e7ca45b28.js:1:14434
     SUBTOTAL: 206.46 page-4966190e7ca45b28.js:1:14530
  5491. DL-00298 (2026-02-08T00:00:00.000Z): page-4966190e7ca45b28.js:1:14168
     - Chicken: 5.45 × 48.5 = 264.32 page-4966190e7ca45b28.js:1:14434
     - Pork Chops: 0.95 × 92 = 87.40 page-4966190e7ca45b28.js:1:14434
     - Beef Chuck: 2.4 × 143.35 = 344.04 page-4966190e7ca45b28.js:1:14434
     - Potatoes: 5 × 9.999 = 50.00 page-4966190e7ca45b28.js:1:14434
     - Exotic Six 4 All: 0.5 × 83 = 41.50 page-4966190e7ca45b28.js:1:14434
     - Onion: 1 × 7.5 = 7.50 page-4966190e7ca45b28.js:1:14434
     - Typek Paper: 1 × 69.99 = 69.99 page-4966190e7ca45b28.js:1:14434
     - Lettuce: 3 × 5 = 15.00 page-4966190e7ca45b28.js:1:14434
     - Tastic Rice: 1.5 × 18.4 = 27.60 page-4966190e7ca45b28.js:1:14434
     - Top Score Maize Meal: 1.5 × 12.2 = 18.30 page-4966190e7ca45b28.js:1:14434
     - Red Pepper: 0.45 × 58.14 = 26.16 page-4966190e7ca45b28.js:1:14434
     - Yellow Pepper: 0.25 × 48.276 = 12.07 page-4966190e7ca45b28.js:1:14434
     - Tomatoes: 1 × 22.24 = 22.24 page-4966190e7ca45b28.js:1:14434
     - Carrots: 1 × 6.598 = 6.60 page-4966190e7ca45b28.js:1:14434
     - Green Pepper: 0.4 × 49.975 = 19.99 page-4966190e7ca45b28.js:1:14434
     - Umcenge Milk: 1 × 18.333 = 18.33 page-4966190e7ca45b28.js:1:14434
     - Still Water 500ml: 21 × 4.167 = 87.51 page-4966190e7ca45b28.js:1:14434
     - Rama: 0.5 × 52.667 = 26.33 page-4966190e7ca45b28.js:1:14434
     - Koo Beans 410g: 1 × 14.167 = 14.17 page-4966190e7ca45b28.js:1:14434
     - Spice Mix: 0.4 × 70 = 28.00 page-4966190e7ca45b28.js:1:14434
     - Liqui Fruit Can 300ml: 4 × 10.25 = 41.00 page-4966190e7ca45b28.js:1:14434
     SUBTOTAL: 1228.05 page-4966190e7ca45b28.js:1:14530
  5492. DL-00302 (2026-02-08T00:00:00.000Z): page-4966190e7ca45b28.js:1:14168
     - Brown Bread: 1 × 14.59 = 14.59 page-4966190e7ca45b28.js:1:14434
     - White Bread: 1 × 16.29 = 16.29 page-4966190e7ca45b28.js:1:14434
     - Yeast 10g: 0.03 × 42.083 = 1.26 page-4966190e7ca45b28.js:1:14434
     - Eggs: 3 × 1.917 = 5.75 page-4966190e7ca45b28.js:1:14434
     - Cake Flour: 4 × 14.16 = 56.64 page-4966190e7ca45b28.js:1:14434
     - Brown Sugar: 1 × 18 = 18.00 page-4966190e7ca45b28.js:1:14434
     - FOMO 73: 125 × 0.368 = 46.00 page-4966190e7ca45b28.js:1:14434
     - Bacon: 0.5 × 95 = 47.50 page-4966190e7ca45b28.js:1:14434
     - Cheese Slice: 4 × 3.056 = 12.22 page-4966190e7ca45b28.js:1:14434
     - Lunch bar 44g: 2 × 12.175 = 24.35 page-4966190e7ca45b28.js:1:14434
     - Chicken: 5.45 × 48.5 = 264.32 page-4966190e7ca45b28.js:1:14434
     - Tastic Rice: 1 × 18.4 = 18.40 page-4966190e7ca45b28.js:1:14434
     - Lettuce: 1 × 5 = 5.00 page-4966190e7ca45b28.js:1:14434
     - Koo Beans 410g: 1 × 14.167 = 14.17 page-4966190e7ca45b28.js:1:14434
     - Spice Mix: 0.4 × 70 = 28.00 page-4966190e7ca45b28.js:1:14434
     - Salad Dressing: 1 × 33.99 = 33.99 page-4966190e7ca45b28.js:1:14434
     - Soft Drink 2L: 2 × 23.667 = 47.33 page-4966190e7ca45b28.js:1:14434
     - Soft Drink 300ml: 2 × 11.667 = 23.33 page-4966190e7ca45b28.js:1:14434
     - Kingsize 300ml: 1 × 7.396 = 7.40 page-4966190e7ca45b28.js:1:14434
     - Emahewu 1L: 2 × 14.2 = 28.40 page-4966190e7ca45b28.js:1:14434
     SUBTOTAL: 712.95 page-4966190e7ca45b28.js:1:14530
  5493. DL-00292 (2026-02-07T00:00:00.000Z): page-4966190e7ca45b28.js:1:14168
     - Brown Bread: 2 × 14.59 = 29.18 page-4966190e7ca45b28.js:1:14434
     - White Bread: 2 × 16.29 = 32.58 page-4966190e7ca45b28.js:1:14434
     - Onion: 1 × 7.5 = 7.50 page-4966190e7ca45b28.js:1:14434
     - Eggs: 33 × 1.917 = 63.26 page-4966190e7ca45b28.js:1:14434
     - Umcenge Milk: 6 × 18.333 = 110.00 page-4966190e7ca45b28.js:1:14434
     - Jungle Oats: 1 × 40 = 40.00 page-4966190e7ca45b28.js:1:14434
     - Selati Brown Sugar: 45 × 0.26 = 11.70 page-4966190e7ca45b28.js:1:14434
     - Selati White Sachet : 73 × 0.26 = 18.98 page-4966190e7ca45b28.js:1:14434
     - Rooibos Tea: 15 × 0.481 = 7.21 page-4966190e7ca45b28.js:1:14434
     - Ellis Brown Sachets 4g: 15 × 1.19 = 17.85 page-4966190e7ca45b28.js:1:14434
     - Cheese Slice: 16 × 3.056 = 48.90 page-4966190e7ca45b28.js:1:14434
     - Red Pepper: 0.45 × 58.14 = 26.16 page-4966190e7ca45b28.js:1:14434
     - Yellow Pepper: 0.3 × 48.276 = 14.48 page-4966190e7ca45b28.js:1:14434
     - Top Score Maize Meal: 0.5 × 12.2 = 6.10 page-4966190e7ca45b28.js:1:14434
     - Tomatoes: 1 × 22.24 = 22.24 page-4966190e7ca45b28.js:1:14434
     - Cucumber: 1 × 10 = 10.00 page-4966190e7ca45b28.js:1:14434
     - Koo Beans 410g: 3 × 14.167 = 42.50 page-4966190e7ca45b28.js:1:14434
     - Still Water 500ml: 22 × 4.167 = 91.67 page-4966190e7ca45b28.js:1:14434
     - Weet-Bix 900g: 0.45 × 53.333 = 24.00 page-4966190e7ca45b28.js:1:14434
     - Brocolli: 1 × 32.99 = 32.99 page-4966190e7ca45b28.js:1:14434
     - Cauliflower: 1 × 39.99 = 39.99 page-4966190e7ca45b28.js:1:14434
     - Jacobs Sachets: 5 × 4.25 = 21.25 page-4966190e7ca45b28.js:1:14434
     - Liqui Fruit Can 300ml: 24 × 10.25 = 246.00 page-4966190e7ca45b28.js:1:14434
     SUBTOTAL: 964.55 page-4966190e7ca45b28.js:1:14530
  5494. DL-00295 (2026-02-07T00:00:00.000Z): page-4966190e7ca45b28.js:1:14168
     - Chicken: 3.45 × 48.5 = 167.33 page-4966190e7ca45b28.js:1:14434
     - Tastic Rice: 1.5 × 18.4 = 27.60 page-4966190e7ca45b28.js:1:14434
     - Umcenge Milk: 1 × 18.333 = 18.33 page-4966190e7ca45b28.js:1:14434
     - Eggs: 3 × 1.917 = 5.75 page-4966190e7ca45b28.js:1:14434
     - Cheese Slice: 3 × 3.056 = 9.17 page-4966190e7ca45b28.js:1:14434
     - Braai Wors: 2 × 179.987 = 359.97 page-4966190e7ca45b28.js:1:14434
     - White Bread: 1 × 16.29 = 16.29 page-4966190e7ca45b28.js:1:14434
     SUBTOTAL: 604.44 page-4966190e7ca45b28.js:1:14530
  5495. DL-00294 (2026-02-07T00:00:00.000Z): page-4966190e7ca45b28.js:1:14168
     - Chicken: 9.3 × 48.5 = 451.05 page-4966190e7ca45b28.js:1:14434
     - Tastic Rice: 2.5 × 18.4 = 46.00 page-4966190e7ca45b28.js:1:14434
     - Potatoes: 5 × 9.999 = 50.00 page-4966190e7ca45b28.js:1:14434
     - Carrots: 1 × 6.598 = 6.60 page-4966190e7ca45b28.js:1:14434
     - Green Pepper: 0.6 × 39.98 = 23.99 page-4966190e7ca45b28.js:1:14434
     - Top Score Maize Meal: 1 × 12.2 = 12.20 page-4966190e7ca45b28.js:1:14434
     - Onion: 1 × 7.5 = 7.50 page-4966190e7ca45b28.js:1:14434
     - Cooking Oil: 2 × 30.5 = 61.00 page-4966190e7ca45b28.js:1:14434
     - Red Pepper: 0.25 × 58.14 = 14.54 page-4966190e7ca45b28.js:1:14434
     - Yellow Pepper: 0.25 × 48.276 = 12.07 page-4966190e7ca45b28.js:1:14434
     - Pork Sliced: 0.6 × 93 = 55.80 page-4966190e7ca45b28.js:1:14434
     - Beef Chuck: 0.35 × 143.35 = 50.17 page-4966190e7ca45b28.js:1:14434
     - Hake Fillet: 0.25 × 155.2 = 38.80 page-4966190e7ca45b28.js:1:14434
     - Rama: 0.5 × 52.667 = 26.33 page-4966190e7ca45b28.js:1:14434
     - Exotic Six 4 All: 0.5 × 83 = 41.50 page-4966190e7ca45b28.js:1:14434
     - Liqui Fruit Can 300ml: 30 × 10.25 = 307.50 page-4966190e7ca45b28.js:1:14434
     - Still Water 500ml: 3 × 4.167 = 12.50 page-4966190e7ca45b28.js:1:14434
     - Krush 200ML: 2 × 35.833 = 71.67 page-4966190e7ca45b28.js:1:14434
     - Dishwash Liquid: 5 × 12.32 = 61.60 page-4966190e7ca45b28.js:1:14434
     - Domestos 750ml : 0.75 × 42.667 = 32.00 page-4966190e7ca45b28.js:1:14434
     - FOMO 6: 125 × 0.32 = 40.00 page-4966190e7ca45b28.js:1:14434
     SUBTOTAL: 1422.81 page-4966190e7ca45b28.js:1:14530
  5496. DL-00296 (2026-02-07T00:00:00.000Z): page-4966190e7ca45b28.js:1:14168
     - Brown Bread: 1 × 14.59 = 14.59 page-4966190e7ca45b28.js:1:14434
     - White Bread: 1 × 16.29 = 16.29 page-4966190e7ca45b28.js:1:14434
     - Yeast 10g: 0.04 × 42.083 = 1.68 page-4966190e7ca45b28.js:1:14434
     - Cake Flour: 3 × 14.16 = 42.48 page-4966190e7ca45b28.js:1:14434
     - Brown Sugar: 1.3 × 18 = 23.40 page-4966190e7ca45b28.js:1:14434
     - Mayonnaise: 2 × 56 = 112.00 page-4966190e7ca45b28.js:1:14434
     - Eggs: 3 × 1.917 = 5.75 page-4966190e7ca45b28.js:1:14434
     - Cheese Slice: 3 × 3.056 = 9.17 page-4966190e7ca45b28.js:1:14434
     - Coconut: 0.2 × 228.95 = 45.79 page-4966190e7ca45b28.js:1:14434
     - Chicken: 3.7 × 48.5 = 179.45 page-4966190e7ca45b28.js:1:14434
     - Tastic Rice: 1 × 18.4 = 18.40 page-4966190e7ca45b28.js:1:14434
     - Lettuce: 1 × 5 = 5.00 page-4966190e7ca45b28.js:1:14434
     - Spur Ribs: 1.5 × 133.2 = 199.80 page-4966190e7ca45b28.js:1:14434
     - Beef Chuck: 0.25 × 143.35 = 35.84 page-4966190e7ca45b28.js:1:14434
     - Carrots: 1 × 6.598 = 6.60 page-4966190e7ca45b28.js:1:14434
     - Tomato Sauce Sachet: 400 × 0.152 = 60.80 page-4966190e7ca45b28.js:1:14434
     - Onion: 1 × 7.5 = 7.50 page-4966190e7ca45b28.js:1:14434
     - Pork Chops: 0.2 × 92 = 18.40 page-4966190e7ca45b28.js:1:14434
     - Kingsize 300ml: 4 × 7.396 = 29.58 page-4966190e7ca45b28.js:1:14434
     - Aquelle Drink 500ml: 1 × 7.167 = 7.17 page-4966190e7ca45b28.js:1:14434
     - Soft Drink 300ml: 2 × 11.667 = 23.33 page-4966190e7ca45b28.js:1:14434
     - Soft Drink 2L: 1 × 23.667 = 23.67 page-4966190e7ca45b28.js:1:14434
     - Ginger shots 250ml : 2 × 30 = 60.00 page-4966190e7ca45b28.js:1:14434
     - Ice-Tea 500ml: 1 × 16.5 = 16.50 page-4966190e7ca45b28.js:1:14434
     - Red Pepper: 0.25 × 58.14 = 14.54 page-4966190e7ca45b28.js:1:14434
     - Yellow Pepper: 0.1 × 48.276 = 4.83 page-4966190e7ca45b28.js:1:14434
     SUBTOTAL: 982.55 page-4966190e7ca45b28.js:1:14530
  5497. DL-00293 (2026-02-07T00:00:00.000Z): page-4966190e7ca45b28.js:1:14168
     - Spur Ribs: 5.05 × 133.2 = 672.66 page-4966190e7ca45b28.js:1:14434
     - Chicken: 3.45 × 48.5 = 167.33 page-4966190e7ca45b28.js:1:14434
     - Plastic Aprons: 1 × 38 = 38.00 page-4966190e7ca45b28.js:1:14434
     - Onion: 1 × 7.5 = 7.50 page-4966190e7ca45b28.js:1:14434
     - Tastic Rice: 1 × 18.4 = 18.40 page-4966190e7ca45b28.js:1:14434
     - Potatoes: 5 × 9.999 = 50.00 page-4966190e7ca45b28.js:1:14434
     - Lettuce: 3 × 5 = 15.00 page-4966190e7ca45b28.js:1:14434
     - Red Pepper: 0.2 × 58.14 = 11.63 page-4966190e7ca45b28.js:1:14434
     - Yellow Pepper: 0.45 × 48.276 = 21.72 page-4966190e7ca45b28.js:1:14434
     - Mayonnaise: 1 × 56 = 56.00 page-4966190e7ca45b28.js:1:14434
     - Carrots: 1 × 6.598 = 6.60 page-4966190e7ca45b28.js:1:14434
     - Cling Wrap: 1 × 300 = 300.00 page-4966190e7ca45b28.js:1:14434
     - Cream: 0.5 × 98.02 = 49.01 page-4966190e7ca45b28.js:1:14434
     - FOMO 6: 125 × 0.32 = 40.00 page-4966190e7ca45b28.js:1:14434
     - Koo Beans 410g: 2 × 14.167 = 28.33 page-4966190e7ca45b28.js:1:14434
     - Mushrooms: 0.25 × 119.96 = 29.99 page-4966190e7ca45b28.js:1:14434
     - Brocolli: 1 × 32.99 = 32.99 page-4966190e7ca45b28.js:1:14434
     - Cauliflower: 1 × 39.99 = 39.99 page-4966190e7ca45b28.js:1:14434
     - Cucumber: 1 × 10 = 10.00 page-4966190e7ca45b28.js:1:14434
     - Tomatoes: 1 × 22.24 = 22.24 page-4966190e7ca45b28.js:1:14434
     - Refuse Bag Roll: 1 × 27.9 = 27.90 page-4966190e7ca45b28.js:1:14434
     - Banana: 1.2 × 15.825 = 18.99 page-4966190e7ca45b28.js:1:14434
     - Red Apples: 1.5 × 33.327 = 49.99 page-4966190e7ca45b28.js:1:14434
     - Liqui Fruit Can 300ml: 5 × 10.25 = 51.25 page-4966190e7ca45b28.js:1:14434
     - Pears: 1 × 24.99 = 24.99 page-4966190e7ca45b28.js:1:14434
     - Plain Yoghurt 150G: 1 × 14.49 = 14.49 page-4966190e7ca45b28.js:1:14434
     - Still Water 500ml: 24 × 4.167 = 100.01 page-4966190e7ca45b28.js:1:14434
     SUBTOTAL: 1905.00 page-4966190e7ca45b28.js:1:14530
  5498. DL-00288 (2026-02-06T00:00:00.000Z): page-4966190e7ca45b28.js:1:14168
     - Beef Stewing: 5.13 × 127.803 = 655.63 page-4966190e7ca45b28.js:1:14434
     - Chicken: 3.75 × 48.5 = 181.88 page-4966190e7ca45b28.js:1:14434
     - Beetroot: 3 × 9.998 = 29.99 page-4966190e7ca45b28.js:1:14434
     - Mega Star Samp: 1 × 14.6 = 14.60 page-4966190e7ca45b28.js:1:14434
     - Spinach: 5 × 10 = 50.00 page-4966190e7ca45b28.js:1:14434
     - Dishwash Liquid: 5 × 12.32 = 61.60 page-4966190e7ca45b28.js:1:14434
     - Pot Scourer: 4 × 1.111 = 4.44 page-4966190e7ca45b28.js:1:14434
     - Tastic Rice: 1 × 18.4 = 18.40 page-4966190e7ca45b28.js:1:14434
     - Top Score Maize Meal: 0.8 × 12.2 = 9.76 page-4966190e7ca45b28.js:1:14434
     - Peaches: 1 × 34.99 = 34.99 page-4966190e7ca45b28.js:1:14434
     - Still Water 500ml: 22 × 4.167 = 91.67 page-4966190e7ca45b28.js:1:14434
     - Onion: 1.5 × 7.5 = 11.25 page-4966190e7ca45b28.js:1:14434
     - Red Pepper: 0.3 × 58.14 = 17.44 page-4966190e7ca45b28.js:1:14434
     - Yellow Pepper: 0.75 × 48.276 = 36.21 page-4966190e7ca45b28.js:1:14434
     - Green Pepper: 0.55 × 39.98 = 21.99 page-4966190e7ca45b28.js:1:14434
     - Umcenge Milk: 1 × 18.333 = 18.33 page-4966190e7ca45b28.js:1:14434
     - Rama: 0.5 × 52.667 = 26.33 page-4966190e7ca45b28.js:1:14434
     - Sunny Green Bar: 1 × 18.75 = 18.75 page-4966190e7ca45b28.js:1:14434
     - Spice Mix: 0.4 × 70 = 28.00 page-4966190e7ca45b28.js:1:14434
     - Liqui Fruit Can 300ml: 5 × 10.25 = 51.25 page-4966190e7ca45b28.js:1:14434
     SUBTOTAL: 1382.52 page-4966190e7ca45b28.js:1:14530
  5499. DL-00289 (2026-02-06T00:00:00.000Z): page-4966190e7ca45b28.js:1:14168
     - Chicken: 14.7 × 48.5 = 712.95 page-4966190e7ca45b28.js:1:14434
     - Tastic Rice: 1.5 × 18.4 = 27.60 page-4966190e7ca45b28.js:1:14434
     - Exotic Portuguese Chic: 0.5 × 50 = 25.00 page-4966190e7ca45b28.js:1:14434
     - Onion: 1 × 7.5 = 7.50 page-4966190e7ca45b28.js:1:14434
     - Top Score Maize Meal: 0.6 × 12.2 = 7.32 page-4966190e7ca45b28.js:1:14434
     - Mega Maize Rice: 0.5 × 18.4 = 9.20 page-4966190e7ca45b28.js:1:14434
     - Green Beans: 0.7 × 85.686 = 59.98 page-4966190e7ca45b28.js:1:14434
     - Red Kidney beans: 1 × 28.99 = 28.99 page-4966190e7ca45b28.js:1:14434
     - Butter beans: 1 × 27.223 = 27.22 page-4966190e7ca45b28.js:1:14434
     - Eggs: 20 × 1.917 = 38.34 page-4966190e7ca45b28.js:1:14434
     - Red Pepper: 0.2 × 58.14 = 11.63 page-4966190e7ca45b28.js:1:14434
     - Yellow Pepper: 0.25 × 48.276 = 12.07 page-4966190e7ca45b28.js:1:14434
     - Carrots: 1 × 6.598 = 6.60 page-4966190e7ca45b28.js:1:14434
     - M4 white Rolls : 1 × 32.062 = 32.06 page-4966190e7ca45b28.js:1:14434
     - Cheese Slice: 1 × 3.056 = 3.06 page-4966190e7ca45b28.js:1:14434
     - Cucumber: 2 × 10 = 20.00 page-4966190e7ca45b28.js:1:14434
     - Krush 200ML: 4 × 35.833 = 143.33 page-4966190e7ca45b28.js:1:14434
     - Still Water 500ml: 6 × 4.167 = 25.00 page-4966190e7ca45b28.js:1:14434
     - Liqui Fruit Can 300ml: 34 × 10.25 = 348.50 page-4966190e7ca45b28.js:1:14434
     SUBTOTAL: 1546.35 page-4966190e7ca45b28.js:1:14530
  5500. DL-00291 (2026-02-06T00:00:00.000Z): page-4966190e7ca45b28.js:1:14168
     - Brown Bread: 2 × 14.59 = 29.18 page-4966190e7ca45b28.js:1:14434
     - White Bread: 2 × 16.29 = 32.58 page-4966190e7ca45b28.js:1:14434
     - Yeast 10g: 0.03 × 42.083 = 1.26 page-4966190e7ca45b28.js:1:14434
     - Rama: 1 × 52.667 = 52.67 page-4966190e7ca45b28.js:1:14434
     - Umcenge Milk: 1 × 18.333 = 18.33 page-4966190e7ca45b28.js:1:14434
     - Eggs: 27 × 1.917 = 51.76 page-4966190e7ca45b28.js:1:14434
     - Cake Flour: 5 × 14.16 = 70.80 page-4966190e7ca45b28.js:1:14434
     - Self Raising Flour: 2.5 × 15.996 = 39.99 page-4966190e7ca45b28.js:1:14434
     - Brown Sugar: 1.3 × 18 = 23.40 page-4966190e7ca45b28.js:1:14434
     - White Sugar: 1 × 19.4 = 19.40 page-4966190e7ca45b28.js:1:14434
     - Chicken Gizzards: 1 × 41.383 = 41.38 page-4966190e7ca45b28.js:1:14434
     - Cheese Slice: 12 × 3.056 = 36.67 page-4966190e7ca45b28.js:1:14434
     - Lettuce: 2 × 5 = 10.00 page-4966190e7ca45b28.js:1:14434
     - Tomatoes: 1 × 22.24 = 22.24 page-4966190e7ca45b28.js:1:14434
     - FOMO 73: 125 × 0.368 = 46.00 page-4966190e7ca45b28.js:1:14434
     - Halls: 72 × 0.243 = 17.50 page-4966190e7ca45b28.js:1:14434
     - Pin Pop: 48 × 0.854 = 40.99 page-4966190e7ca45b28.js:1:14434
     - Lunch bar 44g: 8 × 12.175 = 97.40 page-4966190e7ca45b28.js:1:14434
     - P.S. Bar 19g: 9 × 5 = 45.00 page-4966190e7ca45b28.js:1:14434
     - Cloretes: 56 × 0.607 = 33.99 page-4966190e7ca45b28.js:1:14434
     - Doritos 45g: 15 × 7.438 = 111.57 page-4966190e7ca45b28.js:1:14434
     - Nik-Naks 50g: 3 × 5.583 = 16.75 page-4966190e7ca45b28.js:1:14434
     - Mushrooms: 0.25 × 119.96 = 29.99 page-4966190e7ca45b28.js:1:14434
     - Selati Brown Sugar: 3 × 0.26 = 0.78 page-4966190e7ca45b28.js:1:14434
     - Rooibos Tea: 1 × 0.481 = 0.48 page-4966190e7ca45b28.js:1:14434
     - Ellis Brown Sachets 4g: 1 × 1.19 = 1.19 page-4966190e7ca45b28.js:1:14434
     - Cooking Oil: 2 × 30.5 = 61.00 page-4966190e7ca45b28.js:1:14434
     - Spur Ribs: 0.5 × 133.2 = 66.60 page-4966190e7ca45b28.js:1:14434
     - Spice Mix: 0.4 × 70 = 28.00 page-4966190e7ca45b28.js:1:14434
     - Beef Chuck: 0.2 × 143.35 = 28.67 page-4966190e7ca45b28.js:1:14434
     - Liqui Fruit Can 300ml: 17 × 10.25 = 174.25 page-4966190e7ca45b28.js:1:14434
     - Beef Stewing: 5.13 × 127.803 = 655.63 page-4966190e7ca45b28.js:1:14434
     - Chicken: 5.3 × 48.5 = 257.05 page-4966190e7ca45b28.js:1:14434
     - Tastic Rice: 3.5 × 18.4 = 64.40 page-4966190e7ca45b28.js:1:14434
     - Sweet-Chilli Sauce: 1 × 51 = 51.00 page-4966190e7ca45b28.js:1:14434
     - Parsley: 0.8 × 38.737 = 30.99 page-4966190e7ca45b28.js:1:14434
     - Beetroot: 3 × 9.998 = 29.99 page-4966190e7ca45b28.js:1:14434
     - Mega Star Samp: 0.5 × 14.6 = 7.30 page-4966190e7ca45b28.js:1:14434
     - Potatoes: 5 × 9.999 = 50.00 page-4966190e7ca45b28.js:1:14434
     - Carrots: 1 × 6.598 = 6.60 page-4966190e7ca45b28.js:1:14434
     - Green Beans: 0.7 × 85.686 = 59.98 page-4966190e7ca45b28.js:1:14434
     - Baby Marrow: 1.8 × 44.99 = 80.98 page-4966190e7ca45b28.js:1:14434
     - Red Pepper: 0.4 × 58.14 = 23.26 page-4966190e7ca45b28.js:1:14434
     - Yellow Pepper: 0.3 × 48.276 = 14.48 page-4966190e7ca45b28.js:1:14434
     - Red Onion: 1.2 × 45.367 = 54.44 page-4966190e7ca45b28.js:1:14434
     - Hake Fillet: 0.7 × 155.2 = 108.64 page-4966190e7ca45b28.js:1:14434
     - Chutney: 0.88 × 71.455 = 62.88 page-4966190e7ca45b28.js:1:14434
     - Red Kidney beans: 1 × 28.99 = 28.99 page-4966190e7ca45b28.js:1:14434
     - Butter beans: 1 × 27.223 = 27.22 page-4966190e7ca45b28.js:1:14434
     - Exotic Portuguese Chic: 0.5 × 50 = 25.00 page-4966190e7ca45b28.js:1:14434
     - Onion: 1.5 × 7.5 = 11.25 page-4966190e7ca45b28.js:1:14434
     - FOMO 40: 75 × 0.66 = 49.50 page-4966190e7ca45b28.js:1:14434
     - Cheddar Cheese: 0.35 × 180.885 = 63.31 page-4966190e7ca45b28.js:1:14434
     - Mozzarella Cheese: 0.25 × 194.5 = 48.63 page-4966190e7ca45b28.js:1:14434
     - Pizza Base 720g: 1 × 81.99 = 81.99 page-4966190e7ca45b28.js:1:14434
     - Herb Roast: 1 × 15.99 = 15.99 page-4966190e7ca45b28.js:1:14434
     - Soft Drink 300ml: 6 × 11.667 = 70.00 page-4966190e7ca45b28.js:1:14434
     - Ice-Tea 500ml: 2 × 16.5 = 33.00 page-4966190e7ca45b28.js:1:14434
     - Kingsize 300ml: 9 × 7.396 = 66.56 page-4966190e7ca45b28.js:1:14434
     - Cabana: 1 × 13.167 = 13.17 page-4966190e7ca45b28.js:1:14434
     - Still Water 500ml: 3 × 4.167 = 12.50 page-4966190e7ca45b28.js:1:14434
     - Emahewu 1L: 1 × 14.2 = 14.20 page-4966190e7ca45b28.js:1:14434
     - Soft Drink 2L: 1 × 23.667 = 23.67 page-4966190e7ca45b28.js:1:14434
     - Red-Bull 250ml: 1 × 16.458 = 16.46 page-4966190e7ca45b28.js:1:14434
     - Ginger Shots 100ml: 2 × 20 = 40.00 page-4966190e7ca45b28.js:1:14434
     SUBTOTAL: 3448.88 page-4966190e7ca45b28.js:1:14530
  5501. DL-00286 (2026-02-06T00:00:00.000Z): page-4966190e7ca45b28.js:1:14168
     - Bacon: 3 × 95 = 285.00 page-4966190e7ca45b28.js:1:14434
     - Beef Stock Cubes 240g: 10 × 14 = 140.00 page-4966190e7ca45b28.js:1:14434
     - Baby Marrow: 6 × 44.99 = 269.94 page-4966190e7ca45b28.js:1:14434
     - Apple: 3 × 24.66 = 73.98 page-4966190e7ca45b28.js:1:14434
     SUBTOTAL: 768.92 page-4966190e7ca45b28.js:1:14530
  5502. DL-00290 (2026-02-06T00:00:00.000Z): page-4966190e7ca45b28.js:1:14168
     - Chicken: 9.1 × 48.5 = 441.35 page-4966190e7ca45b28.js:1:14434
     - Tastic Rice: 1 × 18.4 = 18.40 page-4966190e7ca45b28.js:1:14434
     - Umcenge Milk: 1 × 18.333 = 18.33 page-4966190e7ca45b28.js:1:14434
     - Cheese Slice: 5 × 3.056 = 15.28 page-4966190e7ca45b28.js:1:14434
     - Eggs: 7 × 1.917 = 13.42 page-4966190e7ca45b28.js:1:14434
     - Cremora: 0.375 × 68 = 25.50 page-4966190e7ca45b28.js:1:14434
     SUBTOTAL: 532.28 page-4966190e7ca45b28.js:1:14530
  5503. DL-00287 (2026-02-06T00:00:00.000Z): page-4966190e7ca45b28.js:1:14168
     - Brown Bread: 2 × 14.59 = 29.18 page-4966190e7ca45b28.js:1:14434
     - White Bread: 1 × 16.29 = 16.29 page-4966190e7ca45b28.js:1:14434
     - Chicken Gizzards: 1 × 41.383 = 41.38 page-4966190e7ca45b28.js:1:14434
     - Mushrooms: 1.25 × 119.96 = 149.95 page-4966190e7ca45b28.js:1:14434
     - Umcenge Milk: 4 × 18.333 = 73.33 page-4966190e7ca45b28.js:1:14434
     - Eggs: 24 × 1.917 = 46.01 page-4966190e7ca45b28.js:1:14434
     - Selati Brown Sugar: 93 × 0.26 = 24.18 page-4966190e7ca45b28.js:1:14434
     - Rooibos Tea: 3 × 0.481 = 1.44 page-4966190e7ca45b28.js:1:14434
     - Ellis Brown Sachets 4g: 4 × 1.19 = 4.76 page-4966190e7ca45b28.js:1:14434
     - Canderel Sugar: 6 × 0.772 = 4.63 page-4966190e7ca45b28.js:1:14434
     - Red Pepper: 0.1 × 58.14 = 5.81 page-4966190e7ca45b28.js:1:14434
     - Emabele: 1 × 16 = 16.00 page-4966190e7ca45b28.js:1:14434
     - Cooking Oil: 2 × 30.5 = 61.00 page-4966190e7ca45b28.js:1:14434
     - Jungle Oats: 1 × 40 = 40.00 page-4966190e7ca45b28.js:1:14434
     - Corn-flakes: 1 × 65 = 65.00 page-4966190e7ca45b28.js:1:14434
     - Cheese Slice: 2 × 3.056 = 6.11 page-4966190e7ca45b28.js:1:14434
     - Onion: 1 × 7.5 = 7.50 page-4966190e7ca45b28.js:1:14434
     - Top Score Maize Meal: 0.5 × 12.2 = 6.10 page-4966190e7ca45b28.js:1:14434
     - Still Water 500ml: 4 × 4.167 = 16.67 page-4966190e7ca45b28.js:1:14434
     - Liqui Fruit Can 300ml: 14 × 10.25 = 143.50 page-4966190e7ca45b28.js:1:14434
     - Selati White Sachet : 16 × 0.26 = 4.16 page-4966190e7ca45b28.js:1:14434
     SUBTOTAL: 763.01 page-4966190e7ca45b28.js:1:14530
  5504. DL-00284 (2026-02-05T00:00:00.000Z): page-4966190e7ca45b28.js:1:14168
     - Chicken: 8.55 × 48.5 = 414.68 page-4966190e7ca45b28.js:1:14434
     - Tastic Rice: 1 × 18.4 = 18.40 page-4966190e7ca45b28.js:1:14434
     - Brown Bread: 1 × 14.59 = 14.59 page-4966190e7ca45b28.js:1:14434
     - Eggs: 4 × 1.917 = 7.67 page-4966190e7ca45b28.js:1:14434
     - Cheese Slice: 5 × 3.056 = 15.28 page-4966190e7ca45b28.js:1:14434
     SUBTOTAL: 470.61 page-4966190e7ca45b28.js:1:14530
  5505. DL-00285 (2026-02-05T00:00:00.000Z): page-4966190e7ca45b28.js:1:14168
     - Brown Bread: 1 × 14.59 = 14.59 page-4966190e7ca45b28.js:1:14434
     - White Bread: 1 × 16.29 = 16.29 page-4966190e7ca45b28.js:1:14434
     - Yeast 10g: 0.04 × 42.083 = 1.68 page-4966190e7ca45b28.js:1:14434
     - Umcenge Milk: 2 × 18.333 = 36.67 page-4966190e7ca45b28.js:1:14434
     - Eggs: 22 × 1.917 = 42.17 page-4966190e7ca45b28.js:1:14434
     - Rama: 1 × 52.667 = 52.67 page-4966190e7ca45b28.js:1:14434
     - Cake Flour: 5 × 14.16 = 70.80 page-4966190e7ca45b28.js:1:14434
     - Self Raising Flour: 2.7 × 15.996 = 43.19 page-4966190e7ca45b28.js:1:14434
     - Brown Sugar: 1.25 × 18 = 22.50 page-4966190e7ca45b28.js:1:14434
     - White Sugar: 1 × 19.4 = 19.40 page-4966190e7ca45b28.js:1:14434
     - Cheese Slice: 7 × 3.056 = 21.39 page-4966190e7ca45b28.js:1:14434
     - Lettuce: 1 × 6.99 = 6.99 page-4966190e7ca45b28.js:1:14434
     - Bacon: 1 × 88.35 = 88.35 page-4966190e7ca45b28.js:1:14434
     - Ham: 0.5 × 112.995 = 56.50 page-4966190e7ca45b28.js:1:14434
     - Mayonnaise: 2 × 56 = 112.00 page-4966190e7ca45b28.js:1:14434
     - Cream: 0.5 × 98.02 = 49.01 page-4966190e7ca45b28.js:1:14434
     - Halls: 72 × 0.243 = 17.50 page-4966190e7ca45b28.js:1:14434
     - Russian: 1 × 101.649 = 101.65 page-4966190e7ca45b28.js:1:14434
     - Cooking Oil: 2 × 30.5 = 61.00 page-4966190e7ca45b28.js:1:14434
     - FOMO 40: 75 × 0.66 = 49.50 page-4966190e7ca45b28.js:1:14434
     - Beef Stewing: 5.05 × 247.555 = 1250.15 page-4966190e7ca45b28.js:1:14434
     - Chicken: 5.4 × 48.5 = 261.90 page-4966190e7ca45b28.js:1:14434
     - Tastic Rice: 3.5 × 18.4 = 64.40 page-4966190e7ca45b28.js:1:14434
     - Potatoes: 7 × 9.999 = 69.99 page-4966190e7ca45b28.js:1:14434
     - Red Pepper: 0.1 × 58.14 = 5.81 page-4966190e7ca45b28.js:1:14434
     - Yellow Pepper: 0.25 × 48.276 = 12.07 page-4966190e7ca45b28.js:1:14434
     - Butternut: 7 × 10 = 70.00 page-4966190e7ca45b28.js:1:14434
     - Cucumber: 2 × 10 = 20.00 page-4966190e7ca45b28.js:1:14434
     - Spring Onion: 1 × 24.99 = 24.99 page-4966190e7ca45b28.js:1:14434
     - Sweet-Chilli Sauce: 1 × 51 = 51.00 page-4966190e7ca45b28.js:1:14434
     - Chillies (Bottle): 1 × 100 = 100.00 page-4966190e7ca45b28.js:1:14434
     - Steel Wool: 1 × 15.2 = 15.20 page-4966190e7ca45b28.js:1:14434
     - Hake Fillet: 0.3 × 155.2 = 46.56 page-4966190e7ca45b28.js:1:14434
     - Spur Ribs: 0.45 × 133.2 = 59.94 page-4966190e7ca45b28.js:1:14434
     - Pork Chops: 0.2 × 103.73 = 20.75 page-4966190e7ca45b28.js:1:14434
     - Lemon juice: 1 × 35.5 = 35.50 page-4966190e7ca45b28.js:1:14434
     - Doritos 45g: 2 × 7.438 = 14.88 page-4966190e7ca45b28.js:1:14434
     - Soft Drink 300ml: 2 × 11.667 = 23.33 page-4966190e7ca45b28.js:1:14434
     - Liqui Fruit Can 300ml: 3 × 10.25 = 30.75 page-4966190e7ca45b28.js:1:14434
     - Ice-Tea 500ml: 1 × 16.5 = 16.50 page-4966190e7ca45b28.js:1:14434
     - Kingsize 300ml: 8 × 7.396 = 59.17 page-4966190e7ca45b28.js:1:14434
     - Cabana: 1 × 13.167 = 13.17 page-4966190e7ca45b28.js:1:14434
     - Still Water 500ml: 2 × 4.167 = 8.33 page-4966190e7ca45b28.js:1:14434
     - Soft Drink 2L: 2 × 23.667 = 47.33 page-4966190e7ca45b28.js:1:14434
     - Red-Bull 250ml: 1 × 16.458 = 16.46 page-4966190e7ca45b28.js:1:14434
     SUBTOTAL: 3222.03 page-4966190e7ca45b28.js:1:14530
  5506. DL-00281 (2026-02-05T00:00:00.000Z): page-4966190e7ca45b28.js:1:14168
     - Hake Fillet: 3 × 155.2 = 465.60 page-4966190e7ca45b28.js:1:14434
     - Chicken: 1.7 × 48.5 = 82.45 page-4966190e7ca45b28.js:1:14434
     - Macaroni: 0.5 × 33.6 = 16.80 page-4966190e7ca45b28.js:1:14434
     - Tastic Rice: 1 × 18.4 = 18.40 page-4966190e7ca45b28.js:1:14434
     - Brocolli: 5 × 32.99 = 164.95 page-4966190e7ca45b28.js:1:14434
     - Cauliflower: 3 × 39.99 = 119.97 page-4966190e7ca45b28.js:1:14434
     - Red Pepper: 0.4 × 58.14 = 23.26 page-4966190e7ca45b28.js:1:14434
     - Yellow Pepper: 0.5 × 48.276 = 24.14 page-4966190e7ca45b28.js:1:14434
     - Lemon juice: 1 × 35.5 = 35.50 page-4966190e7ca45b28.js:1:14434
     - Butternut: 4 × 10 = 40.00 page-4966190e7ca45b28.js:1:14434
     - Cheddar Cheese: 0.55 × 180.885 = 99.49 page-4966190e7ca45b28.js:1:14434
     - Mozzarella Cheese: 0.2 × 180.885 = 36.18 page-4966190e7ca45b28.js:1:14434
     - Umcenge Milk: 2 × 18.333 = 36.67 page-4966190e7ca45b28.js:1:14434
     - Nectarines: 1 × 24.99 = 24.99 page-4966190e7ca45b28.js:1:14434
     - Pears: 1.5 × 19.327 = 28.99 page-4966190e7ca45b28.js:1:14434
     - Dishwash Liquid: 5 × 12.32 = 61.60 page-4966190e7ca45b28.js:1:14434
     - Pot Scourer: 4 × 1.111 = 4.44 page-4966190e7ca45b28.js:1:14434
     - Cream: 0.5 × 98.02 = 49.01 page-4966190e7ca45b28.js:1:14434
     - Mushrooms: 0.25 × 119.96 = 29.99 page-4966190e7ca45b28.js:1:14434
     - Tomato Sauce: 0.7 × 50 = 35.00 page-4966190e7ca45b28.js:1:14434
     - Still Water 500ml: 19 × 4.167 = 79.17 page-4966190e7ca45b28.js:1:14434
     - Banana: 1.2 × 15.825 = 18.99 page-4966190e7ca45b28.js:1:14434
     - Aprons: 1 × 38 = 38.00 page-4966190e7ca45b28.js:1:14434
     - Eggs: 7 × 1.917 = 13.42 page-4966190e7ca45b28.js:1:14434
     - Rama: 0.5 × 52.667 = 26.33 page-4966190e7ca45b28.js:1:14434
     - Liqui Fruit Can 300ml: 7 × 10.25 = 71.75 page-4966190e7ca45b28.js:1:14434
     SUBTOTAL: 1645.08 page-4966190e7ca45b28.js:1:14530
  5507. DL-00280 (2026-02-05T00:00:00.000Z): page-4966190e7ca45b28.js:1:14168
     - Brown Bread: 2 × 14.59 = 29.18 page-4966190e7ca45b28.js:1:14434
     - White Bread: 2 × 16.29 = 32.58 page-4966190e7ca45b28.js:1:14434
     - Beef Sausages: 2 × 160 = 320.00 page-4966190e7ca45b28.js:1:14434
     - Pork Sausages: 1.6 × 96.99 = 155.18 page-4966190e7ca45b28.js:1:14434
     - Umcenge Milk: 6 × 18.333 = 110.00 page-4966190e7ca45b28.js:1:14434
     - Eggs: 20 × 1.917 = 38.34 page-4966190e7ca45b28.js:1:14434
     - Egg Lifter: 1 × 0 = 0.00 page-4966190e7ca45b28.js:1:14434
     - Selati Brown Sugar: 98 × 0.26 = 25.48 page-4966190e7ca45b28.js:1:14434
     - Rooibos Tea: 15 × 0.481 = 7.21 page-4966190e7ca45b28.js:1:14434
     - Ellis Brown Sachets 4g: 12 × 1.19 = 14.28 page-4966190e7ca45b28.js:1:14434
     - Canderel Sugar: 1 × 0.655 = 0.66 page-4966190e7ca45b28.js:1:14434
     - Top Score Maize Meal: 1.2 × 12.2 = 14.64 page-4966190e7ca45b28.js:1:14434
     - Emabele: 0.5 × 16 = 8.00 page-4966190e7ca45b28.js:1:14434
     - All-Bran: 0.75 × 76 = 57.00 page-4966190e7ca45b28.js:1:14434
     - Lettuce: 1 × 6.99 = 6.99 page-4966190e7ca45b28.js:1:14434
     - Tomatoes: 1 × 22.323 = 22.32 page-4966190e7ca45b28.js:1:14434
     - Rama: 0.5 × 52.667 = 26.33 page-4966190e7ca45b28.js:1:14434
     - Bacon: 1 × 88.35 = 88.35 page-4966190e7ca45b28.js:1:14434
     - Ham: 0.5 × 112.995 = 56.50 page-4966190e7ca45b28.js:1:14434
     - Red Pepper: 0.1 × 58.14 = 5.81 page-4966190e7ca45b28.js:1:14434
     - Yellow Pepper: 0.25 × 48.276 = 12.07 page-4966190e7ca45b28.js:1:14434
     - Cheese Slice: 22 × 3.056 = 67.23 page-4966190e7ca45b28.js:1:14434
     - Koo Beans 410g: 3 × 14.167 = 42.50 page-4966190e7ca45b28.js:1:14434
     - Cooking Oil: 2 × 30.5 = 61.00 page-4966190e7ca45b28.js:1:14434
     - Mayonnaise: 1 × 56 = 56.00 page-4966190e7ca45b28.js:1:14434
     - Green Pepper: 0.5 × 39.98 = 19.99 page-4966190e7ca45b28.js:1:14434
     - Krush 200ML: 2 × 35.833 = 71.67 page-4966190e7ca45b28.js:1:14434
     - Liqui Fruit Can 300ml: 25 × 10.25 = 256.25 page-4966190e7ca45b28.js:1:14434
     SUBTOTAL: 1605.57 page-4966190e7ca45b28.js:1:14530
  5508. DL-00283 (2026-02-05T00:00:00.000Z): page-4966190e7ca45b28.js:1:14168
     - Chicken: 8.85 × 48.5 = 429.22 page-4966190e7ca45b28.js:1:14434
     - Tastic Rice: 1 × 18.4 = 18.40 page-4966190e7ca45b28.js:1:14434
     - Potatoes: 10 × 9.999 = 99.99 page-4966190e7ca45b28.js:1:14434
     - Sweet-Chilli Sauce: 1 × 51 = 51.00 page-4966190e7ca45b28.js:1:14434
     - Domestos 750ml : 0.75 × 42.667 = 32.00 page-4966190e7ca45b28.js:1:14434
     - Lettuce: 1 × 6.99 = 6.99 page-4966190e7ca45b28.js:1:14434
     - Red Pepper: 0.3 × 58.14 = 17.44 page-4966190e7ca45b28.js:1:14434
     - Yellow Pepper: 0.55 × 48.276 = 26.55 page-4966190e7ca45b28.js:1:14434
     - Top Score Maize Meal: 0.8 × 12.2 = 9.76 page-4966190e7ca45b28.js:1:14434
     - Brocolli: 1 × 32.99 = 32.99 page-4966190e7ca45b28.js:1:14434
     - Cauliflower: 1 × 39.99 = 39.99 page-4966190e7ca45b28.js:1:14434
     - Plain Yoghurt 150G: 2 × 14.49 = 28.98 page-4966190e7ca45b28.js:1:14434
     - Gas Lighter: 1 × 91.99 = 91.99 page-4966190e7ca45b28.js:1:14434
     - Oven Cleaner: 0.5 × 135.98 = 67.99 page-4966190e7ca45b28.js:1:14434
     - Umcenge Milk: 1 × 18.333 = 18.33 page-4966190e7ca45b28.js:1:14434
     - Liqui Fruit Can 300ml: 31 × 10.25 = 317.75 page-4966190e7ca45b28.js:1:14434
     - Still Water 500ml: 8 × 4.167 = 33.34 page-4966190e7ca45b28.js:1:14434
     SUBTOTAL: 1322.72 page-4966190e7ca45b28.js:1:14530
  5509. DL-00279 (2026-02-05T00:00:00.000Z): page-4966190e7ca45b28.js:1:14168
     - All-Bran: 2 × 76 = 152.00 page-4966190e7ca45b28.js:1:14434
     - Aquelle Drink 500ml: 2 × 7.167 = 14.33 page-4966190e7ca45b28.js:1:14434
     - Bacon: 1 × 88.35 = 88.35 page-4966190e7ca45b28.js:1:14434
     - Baby Marrow: 5 × 44.99 = 224.95 page-4966190e7ca45b28.js:1:14434
     - Beef Stewing: 1.5 × 247.555 = 371.33 page-4966190e7ca45b28.js:1:14434
     - Beetroot: 1 × 9.998 = 10.00 page-4966190e7ca45b28.js:1:14434
     - Butternut: 2.4 × 10 = 24.00 page-4966190e7ca45b28.js:1:14434
     - Buhlalu Rice: 1 × 12 = 12.00 page-4966190e7ca45b28.js:1:14434
     SUBTOTAL: 896.96 page-4966190e7ca45b28.js:1:14530
  5510. DL-00282 (2026-02-05T00:00:00.000Z): page-4966190e7ca45b28.js:1:14168
     - Liqui Fruit Can 300ml: 1 × 10.25 = 10.25 page-4966190e7ca45b28.js:1:14434
     - Yoghurt Bliss 150g: 1 × 14.49 = 14.49 page-4966190e7ca45b28.js:1:14434
     SUBTOTAL: 24.74 page-4966190e7ca45b28.js:1:14530
  5511. DL-00274 (2026-02-04T00:00:00.000Z): page-4966190e7ca45b28.js:1:14168
     - Brown Bread: 3 × 14.59 = 43.77 page-4966190e7ca45b28.js:1:14434
     - White Bread: 1 × 16.29 = 16.29 page-4966190e7ca45b28.js:1:14434
     - Mince Meat: 0.5 × 132.87 = 66.44 page-4966190e7ca45b28.js:1:14434
     - Hake Fillet: 1.7 × 155.2 = 263.84 page-4966190e7ca45b28.js:1:14434
     - Canderel Sugar: 20 × 0.655 = 13.10 page-4966190e7ca45b28.js:1:14434
     - Rooibos Tea: 6 × 0.481 = 2.89 page-4966190e7ca45b28.js:1:14434
     - Selati Brown Sugar: 112 × 0.26 = 29.12 page-4966190e7ca45b28.js:1:14434
     - Ellis Brown Sachets 4g: 5 × 1.19 = 5.95 page-4966190e7ca45b28.js:1:14434
     - Top Score Maize Meal: 0.65 × 12.2 = 7.93 page-4966190e7ca45b28.js:1:14434
     - Green Pepper: 0.5 × 39.98 = 19.99 page-4966190e7ca45b28.js:1:14434
     - Umcenge Milk: 5 × 18.333 = 91.66 page-4966190e7ca45b28.js:1:14434
     - Brocolli: 1 × 32.99 = 32.99 page-4966190e7ca45b28.js:1:14434
     - Cauliflower: 1 × 34.99 = 34.99 page-4966190e7ca45b28.js:1:14434
     - Baby Marrow: 0.4 × 44.99 = 18.00 page-4966190e7ca45b28.js:1:14434
     - Yoghurt Bliss 150g: 3 × 14.49 = 43.47 page-4966190e7ca45b28.js:1:14434
     - Liqui Fruit Can 300ml: 20 × 10.375 = 207.50 page-4966190e7ca45b28.js:1:14434
     - Krush 200ML: 2 × 35.833 = 71.67 page-4966190e7ca45b28.js:1:14434
     - Plain Yoghurt 150G: 1 × 14.49 = 14.49 page-4966190e7ca45b28.js:1:14434
     - Cheese Slice: 6 × 3.056 = 18.34 page-4966190e7ca45b28.js:1:14434
     - Lettuce: 1 × 6.99 = 6.99 page-4966190e7ca45b28.js:1:14434
     - Eggs: 38 × 2 = 76.00 page-4966190e7ca45b28.js:1:14434
     - Dishwash Liquid: 2.5 × 12.32 = 30.80 page-4966190e7ca45b28.js:1:14434
     SUBTOTAL: 1116.20 page-4966190e7ca45b28.js:1:14530
  5512. DL-00276 (2026-02-04T00:00:00.000Z): page-4966190e7ca45b28.js:1:14168
     - Makhaya Chicken: 2 × 100 = 200.00 page-4966190e7ca45b28.js:1:14434
     - Chicken: 1.9 × 48.5 = 92.15 page-4966190e7ca45b28.js:1:14434
     - Tastic Rice: 1 × 18.4 = 18.40 page-4966190e7ca45b28.js:1:14434
     - Sunny Sugar Beans: 1 × 31.2 = 31.20 page-4966190e7ca45b28.js:1:14434
     - Self Raising Flour: 1 × 15.996 = 16.00 page-4966190e7ca45b28.js:1:14434
     - Eggs: 6 × 2 = 12.00 page-4966190e7ca45b28.js:1:14434
     - Umcenge Milk: 1 × 18.333 = 18.33 page-4966190e7ca45b28.js:1:14434
     - Top Score Maize Meal: 1.55 × 12.2 = 18.91 page-4966190e7ca45b28.js:1:14434
     - Pork Chops: 0.2 × 103.73 = 20.75 page-4966190e7ca45b28.js:1:14434
     - Tomatoes: 1 × 22.323 = 22.32 page-4966190e7ca45b28.js:1:14434
     - Cabbage: 1 × 15 = 15.00 page-4966190e7ca45b28.js:1:14434
     - Red Cabbage: 1 × 29.99 = 29.99 page-4966190e7ca45b28.js:1:14434
     - Carrots: 2 × 6.598 = 13.20 page-4966190e7ca45b28.js:1:14434
     - Baby Marrow: 0.4 × 44.99 = 18.00 page-4966190e7ca45b28.js:1:14434
     - Liqui Fruit Can 300ml: 20 × 10.375 = 207.50 page-4966190e7ca45b28.js:1:14434
     - Still Water 500ml: 4 × 4.167 = 16.67 page-4966190e7ca45b28.js:1:14434
     - Krush 200ML: 6 × 35.833 = 215.00 page-4966190e7ca45b28.js:1:14434
     - Foil Paper: 1 × 239.5 = 239.50 page-4966190e7ca45b28.js:1:14434
     SUBTOTAL: 1204.91 page-4966190e7ca45b28.js:1:14530
  5513. DL-00277 (2026-02-04T00:00:00.000Z): page-4966190e7ca45b28.js:1:14168
     - Chicken: 8.65 × 48.5 = 419.53 page-4966190e7ca45b28.js:1:14434
     - Cheese Slice: 6 × 3.056 = 18.34 page-4966190e7ca45b28.js:1:14434
     - Eggs: 6 × 2 = 12.00 page-4966190e7ca45b28.js:1:14434
     - Umcenge Milk: 1 × 18.333 = 18.33 page-4966190e7ca45b28.js:1:14434
     - Brown Bread: 1 × 14.59 = 14.59 page-4966190e7ca45b28.js:1:14434
     - Tastic Rice: 1 × 18.4 = 18.40 page-4966190e7ca45b28.js:1:14434
     - Yellow Gloves: 5 × 22.5 = 112.50 page-4966190e7ca45b28.js:1:14434
     SUBTOTAL: 613.68 page-4966190e7ca45b28.js:1:14530
  5514. DL-00275 (2026-02-04T00:00:00.000Z): page-4966190e7ca45b28.js:1:14168
     - Ox-tail: 4.5 × 105.488 = 474.70 page-4966190e7ca45b28.js:1:14434
     - Chicken: 1.8 × 48.5 = 87.30 page-4966190e7ca45b28.js:1:14434
     - Tastic Rice: 1 × 18.4 = 18.40 page-4966190e7ca45b28.js:1:14434
     - Spice Mix: 0.4 × 70 = 28.00 page-4966190e7ca45b28.js:1:14434
     - Beetroot: 1 × 9.998 = 10.00 page-4966190e7ca45b28.js:1:14434
     - Cream: 0.5 × 98.02 = 49.01 page-4966190e7ca45b28.js:1:14434
     - Potatoes: 5 × 9.999 = 50.00 page-4966190e7ca45b28.js:1:14434
     - Dark Soya Sauce 250 ml: 1 × 80.99 = 80.99 page-4966190e7ca45b28.js:1:14434
     - Domestos 750ml : 0.75 × 42.667 = 32.00 page-4966190e7ca45b28.js:1:14434
     - Onion: 1 × 7.5 = 7.50 page-4966190e7ca45b28.js:1:14434
     - Koo Beans 410g: 1 × 14.167 = 14.17 page-4966190e7ca45b28.js:1:14434
     - Red Apples: 1.5 × 33.327 = 49.99 page-4966190e7ca45b28.js:1:14434
     - Nectarines: 1 × 24.99 = 24.99 page-4966190e7ca45b28.js:1:14434
     - Banana: 1.4 × 11.972 = 16.76 page-4966190e7ca45b28.js:1:14434
     - Still Water 500ml: 24 × 4.167 = 100.01 page-4966190e7ca45b28.js:1:14434
     - Cake Flour: 1 × 14.16 = 14.16 page-4966190e7ca45b28.js:1:14434
     - Liqui Fruit Can 300ml: 2 × 10.375 = 20.75 page-4966190e7ca45b28.js:1:14434
     - Hake Fillet: 0.1 × 155.2 = 15.52 page-4966190e7ca45b28.js:1:14434
     - Red Pepper: 0.2 × 58.14 = 11.63 page-4966190e7ca45b28.js:1:14434
     - Yellow Pepper: 0.2 × 48.276 = 9.66 page-4966190e7ca45b28.js:1:14434
     SUBTOTAL: 1115.52 page-4966190e7ca45b28.js:1:14530
  5515. DL-00278 (2026-02-04T00:00:00.000Z): page-4966190e7ca45b28.js:1:14168
     - Brown Bread: 1 × 14.59 = 14.59 page-4966190e7ca45b28.js:1:14434
     - White Bread: 1 × 16.29 = 16.29 page-4966190e7ca45b28.js:1:14434
     - Yeast 10g: 0.02 × 42.083 = 0.84 page-4966190e7ca45b28.js:1:14434
     - Rama: 1 × 52.667 = 52.67 page-4966190e7ca45b28.js:1:14434
     - Cake Flour: 5 × 14.16 = 70.80 page-4966190e7ca45b28.js:1:14434
     - Self Raising Flour: 3.6 × 15.996 = 57.59 page-4966190e7ca45b28.js:1:14434
     - Brown Sugar: 1.3 × 17 = 22.10 page-4966190e7ca45b28.js:1:14434
     - White Sugar: 1.25 × 19.4 = 24.25 page-4966190e7ca45b28.js:1:14434
     - Umcenge Milk: 1 × 18.333 = 18.33 page-4966190e7ca45b28.js:1:14434
     - Cheese Slice: 9 × 3.056 = 27.50 page-4966190e7ca45b28.js:1:14434
     - Cream: 0.5 × 98.02 = 49.01 page-4966190e7ca45b28.js:1:14434
     - Cooking Oil: 2 × 30 = 60.00 page-4966190e7ca45b28.js:1:14434
     - Russian: 1 × 101.649 = 101.65 page-4966190e7ca45b28.js:1:14434
     - Eggs: 24 × 2 = 48.00 page-4966190e7ca45b28.js:1:14434
     - Jacobs Sachets: 2 × 4.25 = 8.50 page-4966190e7ca45b28.js:1:14434
     - Coconut: 0.2 × 228.95 = 45.79 page-4966190e7ca45b28.js:1:14434
     - FOMO 40: 75 × 0.66 = 49.50 page-4966190e7ca45b28.js:1:14434
     - Lunch bar 44g: 4 × 12.175 = 48.70 page-4966190e7ca45b28.js:1:14434
     - P.S. Bar 19g: 12 × 5 = 60.00 page-4966190e7ca45b28.js:1:14434
     - Nik-Naks 50g: 4 × 5.583 = 22.33 page-4966190e7ca45b28.js:1:14434
     - Doritos 45g: 4 × 7.438 = 29.75 page-4966190e7ca45b28.js:1:14434
     - Beef Stewing: 4.15 × 247.555 = 1027.35 page-4966190e7ca45b28.js:1:14434
     - Chicken: 1 × 48.5 = 48.50 page-4966190e7ca45b28.js:1:14434
     - Tastic Rice: 2.5 × 18.4 = 46.00 page-4966190e7ca45b28.js:1:14434
     - Ox-tail: 1 × 105.488 = 105.49 page-4966190e7ca45b28.js:1:14434
     - Beetroot: 2 × 9.998 = 20.00 page-4966190e7ca45b28.js:1:14434
     - Onion: 1 × 7.5 = 7.50 page-4966190e7ca45b28.js:1:14434
     - Potatoes: 7 × 9.999 = 69.99 page-4966190e7ca45b28.js:1:14434
     - Spring Onion: 1 × 24.99 = 24.99 page-4966190e7ca45b28.js:1:14434
     - Rajah (Medium): 0.1 × 200 = 20.00 page-4966190e7ca45b28.js:1:14434
     - Spice Mix: 0.4 × 70 = 28.00 page-4966190e7ca45b28.js:1:14434
     - Dishwash Liquid: 2.5 × 12.32 = 30.80 page-4966190e7ca45b28.js:1:14434
     - Domestos 750ml : 0.75 × 42.667 = 32.00 page-4966190e7ca45b28.js:1:14434
     - Red Pepper: 0.6 × 58.14 = 34.88 page-4966190e7ca45b28.js:1:14434
     - Yellow Pepper: 0.7 × 48.276 = 33.79 page-4966190e7ca45b28.js:1:14434
     - Brocolli: 2 × 32.99 = 65.98 page-4966190e7ca45b28.js:1:14434
     - Cauliflower: 1 × 34.99 = 34.99 page-4966190e7ca45b28.js:1:14434
     - Liqui Fruit Can 300ml: 1 × 10.375 = 10.38 page-4966190e7ca45b28.js:1:14434
     - Soft Drink 300ml: 1 × 11.646 = 11.65 page-4966190e7ca45b28.js:1:14434
     - Still Water 500ml: 1 × 4.167 = 4.17 page-4966190e7ca45b28.js:1:14434
     SUBTOTAL: 2484.65 page-4966190e7ca45b28.js:1:14530
  5516. DL-00271 (2026-02-03T00:00:00.000Z): page-4966190e7ca45b28.js:1:14168
     - Chicken: 8.88 × 48.5 = 430.68 page-4966190e7ca45b28.js:1:14434
     - Tastic Rice: 1.5 × 18.4 = 27.60 page-4966190e7ca45b28.js:1:14434
     - Mega Maize Rice: 0.9 × 18.4 = 16.56 page-4966190e7ca45b28.js:1:14434
     - Potatoes: 5 × 9.999 = 50.00 page-4966190e7ca45b28.js:1:14434
     - Salad Dressing: 1 × 33.99 = 33.99 page-4966190e7ca45b28.js:1:14434
     - Mayonnaise: 1 × 54.333 = 54.33 page-4966190e7ca45b28.js:1:14434
     - Brocolli: 1 × 34.99 = 34.99 page-4966190e7ca45b28.js:1:14434
     - Cauliflower: 1 × 34.99 = 34.99 page-4966190e7ca45b28.js:1:14434
     - Onion: 1 × 7.5 = 7.50 page-4966190e7ca45b28.js:1:14434
     - Red Pepper: 0.2 × 58.14 = 11.63 page-4966190e7ca45b28.js:1:14434
     - Yellow Pepper: 0.35 × 48.276 = 16.90 page-4966190e7ca45b28.js:1:14434
     - Dish Wash: 5 × 0 = 0.00 page-4966190e7ca45b28.js:1:14434
     - Refuse Bag Roll: 1 × 27.9 = 27.90 page-4966190e7ca45b28.js:1:14434
     - Umbhidvo Wetitsanga: 2 × 10 = 20.00 page-4966190e7ca45b28.js:1:14434
     - Carrots: 1.5 × 6.598 = 9.90 page-4966190e7ca45b28.js:1:14434
     - Plain Yoghurt 150G: 2 × 14.49 = 28.98 page-4966190e7ca45b28.js:1:14434
     - Top Score Maize Meal: 0.8 × 12.2 = 9.76 page-4966190e7ca45b28.js:1:14434
     - Still Water 500ml: 4 × 4.167 = 16.67 page-4966190e7ca45b28.js:1:14434
     - Krush 200ML: 7 × 35.833 = 250.83 page-4966190e7ca45b28.js:1:14434
     - Liqui Fruit Can 300ml: 18 × 10.375 = 186.75 page-4966190e7ca45b28.js:1:14434
     - Pumpkin Leaves : 3 × 10 = 30.00 page-4966190e7ca45b28.js:1:14434
     - Beef Chuck: 0.25 × 130.674 = 32.67 page-4966190e7ca45b28.js:1:14434
     SUBTOTAL: 1332.62 page-4966190e7ca45b28.js:1:14530
  5517. DL-00273 (2026-02-03T00:00:00.000Z): page-4966190e7ca45b28.js:1:14168
     - Brown Bread: 1 × 14.59 = 14.59 page-4966190e7ca45b28.js:1:14434
     - White Bread: 1 × 16.29 = 16.29 page-4966190e7ca45b28.js:1:14434
     - Rama: 1 × 52.667 = 52.67 page-4966190e7ca45b28.js:1:14434
     - Yeast 10g: 0.04 × 42.083 = 1.68 page-4966190e7ca45b28.js:1:14434
     - Umcenge Milk: 1 × 18.333 = 18.33 page-4966190e7ca45b28.js:1:14434
     - Eggs: 26 × 2 = 52.00 page-4966190e7ca45b28.js:1:14434
     - Self Raising Flour: 2 × 15.996 = 31.99 page-4966190e7ca45b28.js:1:14434
     - Cake Flour: 5 × 14.16 = 70.80 page-4966190e7ca45b28.js:1:14434
     - Brown Sugar: 1.3 × 17 = 22.10 page-4966190e7ca45b28.js:1:14434
     - White Sugar: 1 × 19.4 = 19.40 page-4966190e7ca45b28.js:1:14434
     - Tomatoes: 1 × 22.323 = 22.32 page-4966190e7ca45b28.js:1:14434
     - Lettuce: 1 × 6.99 = 6.99 page-4966190e7ca45b28.js:1:14434
     - Mayonnaise: 2 × 54.333 = 108.67 page-4966190e7ca45b28.js:1:14434
     - Cheese Slice: 8 × 3.056 = 24.45 page-4966190e7ca45b28.js:1:14434
     - Yum-Yum: 1 × 92.727 = 92.73 page-4966190e7ca45b28.js:1:14434
     - Cooking Oil: 4 × 30 = 120.00 page-4966190e7ca45b28.js:1:14434
     - Cabana: 4 × 13.167 = 52.67 page-4966190e7ca45b28.js:1:14434
     - P.S. Bar 19g: 12 × 5 = 60.00 page-4966190e7ca45b28.js:1:14434
     - Cloretes: 56 × 0.607 = 33.99 page-4966190e7ca45b28.js:1:14434
     - Selati Brown Sugar: 6 × 0.26 = 1.56 page-4966190e7ca45b28.js:1:14434
     - Beef Stewing: 3.5 × 247.555 = 866.44 page-4966190e7ca45b28.js:1:14434
     - Chicken: 5.5 × 48.5 = 266.75 page-4966190e7ca45b28.js:1:14434
     - Tastic Rice: 3 × 18.4 = 55.20 page-4966190e7ca45b28.js:1:14434
     - Umbhidvo Wetitsanga: 8 × 10 = 80.00 page-4966190e7ca45b28.js:1:14434
     - Potatoes: 12 × 9.999 = 119.99 page-4966190e7ca45b28.js:1:14434
     - Onion: 1.5 × 7.5 = 11.25 page-4966190e7ca45b28.js:1:14434
     - Carrots: 1 × 6.598 = 6.60 page-4966190e7ca45b28.js:1:14434
     - Krush 200ML: 1 × 35.833 = 35.83 page-4966190e7ca45b28.js:1:14434
     - Hake Fillet: 0.55 × 155.2 = 85.36 page-4966190e7ca45b28.js:1:14434
     - FOMO 40: 75 × 0.66 = 49.50 page-4966190e7ca45b28.js:1:14434
     - Fomo Tubs: 50 × 0.684 = 34.20 page-4966190e7ca45b28.js:1:14434
     - Chillies (Bottle): 1 × 100 = 100.00 page-4966190e7ca45b28.js:1:14434
     - Spur Ribs: 0.35 × 133.2 = 46.62 page-4966190e7ca45b28.js:1:14434
     - Mixed Herbs: 0.25 × 61 = 15.25 page-4966190e7ca45b28.js:1:14434
     - Soft Drink 300ml: 2 × 11.646 = 23.29 page-4966190e7ca45b28.js:1:14434
     - Liqui Fruit Can 300ml: 3 × 10.375 = 31.13 page-4966190e7ca45b28.js:1:14434
     - Energade 500ml: 3 × 10.5 = 31.50 page-4966190e7ca45b28.js:1:14434
     - Aquelle Drink 500ml: 2 × 7.167 = 14.33 page-4966190e7ca45b28.js:1:14434
     - Kingsize 300ml: 6 × 7.396 = 44.38 page-4966190e7ca45b28.js:1:14434
     - Still Water 500ml: 2 × 4.167 = 8.33 page-4966190e7ca45b28.js:1:14434
     - Soft Drink 2L: 3 × 23.667 = 71.00 page-4966190e7ca45b28.js:1:14434
     - Ginger Shots 100ml: 2 × 20 = 40.00 page-4966190e7ca45b28.js:1:14434
     - Sparkling Water 500ml: 2 × 6.25 = 12.50 page-4966190e7ca45b28.js:1:14434
     SUBTOTAL: 2872.68 page-4966190e7ca45b28.js:1:14530
  5518. DL-00269 (2026-02-03T00:00:00.000Z): page-4966190e7ca45b28.js:1:14168
     - Brown Bread: 2 × 14.59 = 29.18 page-4966190e7ca45b28.js:1:14434
     - White Bread: 1 × 16.29 = 16.29 page-4966190e7ca45b28.js:1:14434
     - Chicken Gizzards: 1 × 41.075 = 41.08 page-4966190e7ca45b28.js:1:14434
     - Low GI Bread 400g : 1 × 24.99 = 24.99 page-4966190e7ca45b28.js:1:14434
     - Mushrooms: 0.75 × 119.96 = 89.97 page-4966190e7ca45b28.js:1:14434
     - Umcenge Milk: 4 × 18.333 = 73.33 page-4966190e7ca45b28.js:1:14434
     - Eggs: 30 × 2 = 60.00 page-4966190e7ca45b28.js:1:14434
     - Selati Brown Sugar: 93 × 0.26 = 24.18 page-4966190e7ca45b28.js:1:14434
     - Rooibos Tea: 10 × 0.481 = 4.81 page-4966190e7ca45b28.js:1:14434
     - Ellis Brown Sachets 4g: 7 × 1.19 = 8.33 page-4966190e7ca45b28.js:1:14434
     - Canderel Sugar: 9 × 0.655 = 5.90 page-4966190e7ca45b28.js:1:14434
     - Corn-flakes: 1 × 65 = 65.00 page-4966190e7ca45b28.js:1:14434
     - Jungle Oats: 1 × 40 = 40.00 page-4966190e7ca45b28.js:1:14434
     - Hake Fillet: 0.2 × 155.2 = 31.04 page-4966190e7ca45b28.js:1:14434
     - Top Score Maize Meal: 0.7 × 12.2 = 8.54 page-4966190e7ca45b28.js:1:14434
     - Jacobs Sachets: 2 × 4.25 = 8.50 page-4966190e7ca45b28.js:1:14434
     - Onion: 1 × 7.5 = 7.50 page-4966190e7ca45b28.js:1:14434
     - Red Pepper: 0.3 × 58.14 = 17.44 page-4966190e7ca45b28.js:1:14434
     - Yellow Pepper: 0.35 × 48.276 = 16.90 page-4966190e7ca45b28.js:1:14434
     - Brocolli: 1 × 34.99 = 34.99 page-4966190e7ca45b28.js:1:14434
     - Cauliflower: 1 × 34.99 = 34.99 page-4966190e7ca45b28.js:1:14434
     - Baby Marrow: 0.4 × 74.99 = 30.00 page-4966190e7ca45b28.js:1:14434
     - Tomatoes: 1 × 22.323 = 22.32 page-4966190e7ca45b28.js:1:14434
     - Cheese Slice: 5 × 3.056 = 15.28 page-4966190e7ca45b28.js:1:14434
     - Krush 200ML: 6 × 35.833 = 215.00 page-4966190e7ca45b28.js:1:14434
     - Yoghurt Bliss 150g: 2 × 14.49 = 28.98 page-4966190e7ca45b28.js:1:14434
     - Plain Yoghurt 150G: 1 × 14.49 = 14.49 page-4966190e7ca45b28.js:1:14434
     - Liqui Fruit Can 300ml: 10 × 10.375 = 103.75 page-4966190e7ca45b28.js:1:14434
     SUBTOTAL: 1072.77 page-4966190e7ca45b28.js:1:14530
  5519. DL-00270 (2026-02-03T00:00:00.000Z): page-4966190e7ca45b28.js:1:14168
     - Hake Fillet: 2.25 × 155.2 = 349.20 page-4966190e7ca45b28.js:1:14434
     - Chicken: 3.5 × 48.5 = 169.75 page-4966190e7ca45b28.js:1:14434
     - Macaroni: 0.5 × 33.6 = 16.80 page-4966190e7ca45b28.js:1:14434
     - Tastic Rice: 1 × 18.4 = 18.40 page-4966190e7ca45b28.js:1:14434
     - Onion: 1 × 7.5 = 7.50 page-4966190e7ca45b28.js:1:14434
     - Carrots: 1 × 6.598 = 6.60 page-4966190e7ca45b28.js:1:14434
     - Mixed Herbs: 0.25 × 61 = 15.25 page-4966190e7ca45b28.js:1:14434
     - Brocolli: 4 × 34.99 = 139.96 page-4966190e7ca45b28.js:1:14434
     - Cauliflower: 1 × 34.99 = 34.99 page-4966190e7ca45b28.js:1:14434
     - Baby Marrow: 0.4 × 74.99 = 30.00 page-4966190e7ca45b28.js:1:14434
     - Red Pepper: 0.35 × 58.14 = 20.35 page-4966190e7ca45b28.js:1:14434
     - Yellow Pepper: 0.4 × 48.276 = 19.31 page-4966190e7ca45b28.js:1:14434
     - Yum-Yum: 0.75 × 92.727 = 69.55 page-4966190e7ca45b28.js:1:14434
     - Potatoes: 7 × 9.999 = 69.99 page-4966190e7ca45b28.js:1:14434
     - Cheddar Cheese: 0.5 × 180.885 = 90.44 page-4966190e7ca45b28.js:1:14434
     - Mozzarella Cheese: 0.55 × 180.885 = 99.49 page-4966190e7ca45b28.js:1:14434
     - Cream: 0.5 × 98.02 = 49.01 page-4966190e7ca45b28.js:1:14434
     - Top Score Maize Meal: 0.7 × 12.2 = 8.54 page-4966190e7ca45b28.js:1:14434
     - Cooking Oil: 2 × 30 = 60.00 page-4966190e7ca45b28.js:1:14434
     - Red Cabbage: 1 × 29.99 = 29.99 page-4966190e7ca45b28.js:1:14434
     - Umcenge Milk: 1 × 18.333 = 18.33 page-4966190e7ca45b28.js:1:14434
     - Banana: 1.12 × 11.972 = 13.41 page-4966190e7ca45b28.js:1:14434
     - Still Water 500ml: 22 × 4.167 = 91.67 page-4966190e7ca45b28.js:1:14434
     - Peaches: 1 × 34.99 = 34.99 page-4966190e7ca45b28.js:1:14434
     - Pears: 1.5 × 19.327 = 28.99 page-4966190e7ca45b28.js:1:14434
     - Lemon: 1.5 × 26.66 = 39.99 page-4966190e7ca45b28.js:1:14434
     SUBTOTAL: 1532.50 page-4966190e7ca45b28.js:1:14530
  5520. DL-00272 (2026-02-03T00:00:00.000Z): page-4966190e7ca45b28.js:1:14168
     - Chicken: 8.67 × 48.5 = 420.50 page-4966190e7ca45b28.js:1:14434
     - Five Roses Tea: 10 × 0.64 = 6.40 page-4966190e7ca45b28.js:1:14434
     - Rooibos Tea: 10 × 0.481 = 4.81 page-4966190e7ca45b28.js:1:14434
     - Cheese Slice: 5 × 3.056 = 15.28 page-4966190e7ca45b28.js:1:14434
     - Yum-Yum: 1 × 92.727 = 92.73 page-4966190e7ca45b28.js:1:14434
     - Tastic Rice: 1 × 18.4 = 18.40 page-4966190e7ca45b28.js:1:14434
     - Eggs: 6 × 2 = 12.00 page-4966190e7ca45b28.js:1:14434
     - Brown Bread: 1 × 14.59 = 14.59 page-4966190e7ca45b28.js:1:14434
     SUBTOTAL: 584.70 page-4966190e7ca45b28.js:1:14530
  5521. DL-00263 (2026-02-02T00:00:00.000Z): page-4966190e7ca45b28.js:1:14168
     - Brown Bread: 1 × 13.99 = 13.99 page-4966190e7ca45b28.js:1:14434
     - White Bread: 2 × 16.29 = 32.58 page-4966190e7ca45b28.js:1:14434
     - Pork Sausages: 1 × 96.99 = 96.99 page-4966190e7ca45b28.js:1:14434
     - Beef Sausages: 1 × 160 = 160.00 page-4966190e7ca45b28.js:1:14434
     - Jungle Oats: 1 × 40 = 40.00 page-4966190e7ca45b28.js:1:14434
     - Weet-Bix 900g: 0.9 × 53.333 = 48.00 page-4966190e7ca45b28.js:1:14434
     - All-Bran: 0.75 × 76 = 57.00 page-4966190e7ca45b28.js:1:14434
     - Selati Brown Sugar: 40 × 0.26 = 10.40 page-4966190e7ca45b28.js:1:14434
     - Rooibos Tea: 10 × 0.481 = 4.81 page-4966190e7ca45b28.js:1:14434
     - Ellis Brown Sachets 4g: 8 × 1.19 = 9.52 page-4966190e7ca45b28.js:1:14434
     - Canderel Sugar: 6 × 0.655 = 3.93 page-4966190e7ca45b28.js:1:14434
     - Top Score Maize Meal: 0.9 × 12.2 = 10.98 page-4966190e7ca45b28.js:1:14434
     - Tomatoes: 1 × 17.497 = 17.50 page-4966190e7ca45b28.js:1:14434
     - Lettuce: 1 × 6.99 = 6.99 page-4966190e7ca45b28.js:1:14434
     - Rama: 0.5 × 52.667 = 26.33 page-4966190e7ca45b28.js:1:14434
     - Eggs: 14 × 2 = 28.00 page-4966190e7ca45b28.js:1:14434
     - Umcenge Milk: 4 × 18.333 = 73.33 page-4966190e7ca45b28.js:1:14434
     - Emabele: 1 × 16 = 16.00 page-4966190e7ca45b28.js:1:14434
     - Brocolli: 1 × 30.99 = 30.99 page-4966190e7ca45b28.js:1:14434
     - Cauliflower: 1 × 29.99 = 29.99 page-4966190e7ca45b28.js:1:14434
     - Hake Fillet: 0.25 × 144.336 = 36.08 page-4966190e7ca45b28.js:1:14434
     - Red Pepper: 0.2 × 89.899 = 17.98 page-4966190e7ca45b28.js:1:14434
     - Yellow Pepper: 0.2 × 79.862 = 15.97 page-4966190e7ca45b28.js:1:14434
     - Soy Milk: 1 × 46.99 = 46.99 page-4966190e7ca45b28.js:1:14434
     - Liqui Fruit Can 300ml: 9 × 10.25 = 92.25 page-4966190e7ca45b28.js:1:14434
     - Yoghurt Bliss 150g: 1 × 14.49 = 14.49 page-4966190e7ca45b28.js:1:14434
     - Still Water 500ml: 1 × 4.167 = 4.17 page-4966190e7ca45b28.js:1:14434
     SUBTOTAL: 945.27 page-4966190e7ca45b28.js:1:14530
  5522. DL-00266 (2026-02-02T00:00:00.000Z): page-4966190e7ca45b28.js:1:14168
     - Chicken: 5.1 × 45.105 = 230.04 page-4966190e7ca45b28.js:1:14434
     - Cremora: 0.75 × 68 = 51.00 page-4966190e7ca45b28.js:1:14434
     - Cheese Slice: 6 × 3.056 = 18.34 page-4966190e7ca45b28.js:1:14434
     - Eggs: 9 × 2 = 18.00 page-4966190e7ca45b28.js:1:14434
     - Tastic Rice: 1 × 18.4 = 18.40 page-4966190e7ca45b28.js:1:14434
     - White Bread: 1 × 16.29 = 16.29 page-4966190e7ca45b28.js:1:14434
     - Braai Wors: 2 × 129.995 = 259.99 page-4966190e7ca45b28.js:1:14434
     - Brown Bread: 1 × 13.99 = 13.99 page-4966190e7ca45b28.js:1:14434
     SUBTOTAL: 626.04 page-4966190e7ca45b28.js:1:14530
  5523. DL-00267 (2026-02-02T00:00:00.000Z): page-4966190e7ca45b28.js:1:14168
     - Brown Bread: 1 × 13.99 = 13.99 page-4966190e7ca45b28.js:1:14434
     - Yeast 10g: 0.05 × 42.083 = 2.10 page-4966190e7ca45b28.js:1:14434
     - Rama: 1 × 52.667 = 52.67 page-4966190e7ca45b28.js:1:14434
     - Eggs: 18 × 2 = 36.00 page-4966190e7ca45b28.js:1:14434
     - Cheese Slice: 9 × 3.056 = 27.50 page-4966190e7ca45b28.js:1:14434
     - Self Raising Flour: 2.6 × 15.996 = 41.59 page-4966190e7ca45b28.js:1:14434
     - Cake Flour: 5 × 14.16 = 70.80 page-4966190e7ca45b28.js:1:14434
     - Brown Sugar: 1.3 × 17 = 22.10 page-4966190e7ca45b28.js:1:14434
     - White Sugar: 1 × 19.4 = 19.40 page-4966190e7ca45b28.js:1:14434
     - Lettuce: 1 × 6.99 = 6.99 page-4966190e7ca45b28.js:1:14434
     - Tomatoes: 1 × 17.497 = 17.50 page-4966190e7ca45b28.js:1:14434
     - Cooking Oil: 6 × 30 = 180.00 page-4966190e7ca45b28.js:1:14434
     - Cream: 0.5 × 98.02 = 49.01 page-4966190e7ca45b28.js:1:14434
     - Russian: 1 × 101.649 = 101.65 page-4966190e7ca45b28.js:1:14434
     - P.S. Bar 19g: 12 × 5 = 60.00 page-4966190e7ca45b28.js:1:14434
     - Eclairs: 50 × 0.53 = 26.50 page-4966190e7ca45b28.js:1:14434
     - Smoothies: 72 × 0.297 = 21.38 page-4966190e7ca45b28.js:1:14434
     - Halls: 72 × 0.243 = 17.50 page-4966190e7ca45b28.js:1:14434
     - Lunch bar 44g: 7 × 12.175 = 85.23 page-4966190e7ca45b28.js:1:14434
     - Beef Stewing: 4 × 124.188 = 496.75 page-4966190e7ca45b28.js:1:14434
     - Chicken: 5.65 × 45.105 = 254.84 page-4966190e7ca45b28.js:1:14434
     - Mega Star Samp: 0.35 × 14.6 = 5.11 page-4966190e7ca45b28.js:1:14434
     - Tastic Rice: 3 × 18.4 = 55.20 page-4966190e7ca45b28.js:1:14434
     - Potatoes: 7 × 9.999 = 69.99 page-4966190e7ca45b28.js:1:14434
     - Spring Onion: 1 × 18.99 = 18.99 page-4966190e7ca45b28.js:1:14434
     - Butternut: 7 × 10 = 70.00 page-4966190e7ca45b28.js:1:14434
     - Exotic Paprika: 0.5 × 124 = 62.00 page-4966190e7ca45b28.js:1:14434
     - Spice Mix: 0.4 × 70 = 28.00 page-4966190e7ca45b28.js:1:14434
     - Fomo 5: 125 × 0.308 = 38.50 page-4966190e7ca45b28.js:1:14434
     - FOMO 40: 75 × 0.66 = 49.50 page-4966190e7ca45b28.js:1:14434
     - Pork Chops: 0.2 × 103.73 = 20.75 page-4966190e7ca45b28.js:1:14434
     - Soft Drink 300ml: 5 × 11.646 = 58.23 page-4966190e7ca45b28.js:1:14434
     - Liqui Fruit Can 300ml: 3 × 10.25 = 30.75 page-4966190e7ca45b28.js:1:14434
     - Liqui Fruit 1L: 2 × 22.917 = 45.83 page-4966190e7ca45b28.js:1:14434
     - Ice-Tea 500ml: 2 × 16.5 = 33.00 page-4966190e7ca45b28.js:1:14434
     - Aquelle Drink 500ml: 3 × 7.167 = 21.50 page-4966190e7ca45b28.js:1:14434
     - Kingsize 300ml: 9 × 7.396 = 66.56 page-4966190e7ca45b28.js:1:14434
     - Cabana: 1 × 13.167 = 13.17 page-4966190e7ca45b28.js:1:14434
     - Still Water 500ml: 1 × 4.167 = 4.17 page-4966190e7ca45b28.js:1:14434
     - Sparkling Water 500ml: 4 × 6.25 = 25.00 page-4966190e7ca45b28.js:1:14434
     - Mahewu 500ml: 2 × 9.1 = 18.20 page-4966190e7ca45b28.js:1:14434
     - Emahewu 1L: 1 × 14.2 = 14.20 page-4966190e7ca45b28.js:1:14434
     - Soft Drink 1L: 2 × 16.375 = 32.75 page-4966190e7ca45b28.js:1:14434
     - Soft Drink 2L: 4 × 23.667 = 94.67 page-4966190e7ca45b28.js:1:14434
     - Ginger Shots 100ml: 2 × 20 = 40.00 page-4966190e7ca45b28.js:1:14434
     SUBTOTAL: 2519.57 page-4966190e7ca45b28.js:1:14530
  5524. DL-00268 (2026-02-02T00:00:00.000Z): page-4966190e7ca45b28.js:1:14168
     - Chicken: 5.35 × 45.105 = 241.31 page-4966190e7ca45b28.js:1:14434
     - Tastic Rice: 1 × 18.4 = 18.40 page-4966190e7ca45b28.js:1:14434
     - Potatoes: 7 × 9.999 = 69.99 page-4966190e7ca45b28.js:1:14434
     - Lettuce: 3 × 6.99 = 20.97 page-4966190e7ca45b28.js:1:14434
     - Red Pepper: 0.2 × 89.899 = 17.98 page-4966190e7ca45b28.js:1:14434
     - Cucumber: 1 × 10 = 10.00 page-4966190e7ca45b28.js:1:14434
     - Green Pepper: 0.5 × 24.975 = 12.49 page-4966190e7ca45b28.js:1:14434
     - Top Score Maize Meal: 0.8 × 12.2 = 9.76 page-4966190e7ca45b28.js:1:14434
     - Umcenge Milk: 1 × 18.333 = 18.33 page-4966190e7ca45b28.js:1:14434
     - Provita 125g: 1 × 16.747 = 16.75 page-4966190e7ca45b28.js:1:14434
     - Canderel Sugar: 6 × 0.655 = 3.93 page-4966190e7ca45b28.js:1:14434
     - Rooibos Tea: 3 × 0.481 = 1.44 page-4966190e7ca45b28.js:1:14434
     - Onion: 1.5 × 7.5 = 11.25 page-4966190e7ca45b28.js:1:14434
     - Yellow Pepper: 0.1 × 79.862 = 7.99 page-4966190e7ca45b28.js:1:14434
     - Carrots: 1 × 8.998 = 9.00 page-4966190e7ca45b28.js:1:14434
     - Cheese Slice: 2 × 3.056 = 6.11 page-4966190e7ca45b28.js:1:14434
     - Cream: 0.5 × 98.02 = 49.01 page-4966190e7ca45b28.js:1:14434
     - Krush 200ML: 5 × 35.833 = 179.16 page-4966190e7ca45b28.js:1:14434
     - Still Water 500ml: 3 × 4.167 = 12.50 page-4966190e7ca45b28.js:1:14434
     - Liqui Fruit Can 300ml: 14 × 10.25 = 143.50 page-4966190e7ca45b28.js:1:14434
     SUBTOTAL: 859.88 page-4966190e7ca45b28.js:1:14530
  5525. DL-00265 (2026-02-02T00:00:00.000Z): page-4966190e7ca45b28.js:1:14168
     - Yoghurt Bliss 150g: 1 × 14.49 = 14.49 page-4966190e7ca45b28.js:1:14434
     - Liqui Fruit Can 300ml: 1 × 10.25 = 10.25 page-4966190e7ca45b28.js:1:14434
     SUBTOTAL: 24.74 page-4966190e7ca45b28.js:1:14530
  5526. DL-00264 (2026-02-02T00:00:00.000Z): page-4966190e7ca45b28.js:1:14168
     - Lamb: 2 × 180.252 = 360.50 page-4966190e7ca45b28.js:1:14434
     - Chicken: 3.55 × 45.105 = 160.12 page-4966190e7ca45b28.js:1:14434
     - Mega Star Samp: 0.9 × 14.6 = 13.14 page-4966190e7ca45b28.js:1:14434
     - Tastic Rice: 1 × 18.4 = 18.40 page-4966190e7ca45b28.js:1:14434
     - Cream: 0.5 × 98.02 = 49.01 page-4966190e7ca45b28.js:1:14434
     - Cabbage: 1 × 15 = 15.00 page-4966190e7ca45b28.js:1:14434
     - Butternut: 3 × 10 = 30.00 page-4966190e7ca45b28.js:1:14434
     - Exotic Paprika: 0.5 × 124 = 62.00 page-4966190e7ca45b28.js:1:14434
     - Red Pepper: 0.4 × 89.899 = 35.96 page-4966190e7ca45b28.js:1:14434
     - Yellow Pepper: 0.35 × 79.862 = 27.95 page-4966190e7ca45b28.js:1:14434
     - Spice Mix: 0.4 × 70 = 28.00 page-4966190e7ca45b28.js:1:14434
     - Umcenge Milk: 1 × 18.333 = 18.33 page-4966190e7ca45b28.js:1:14434
     - Cheddar Cheese: 0.3 × 180.885 = 54.27 page-4966190e7ca45b28.js:1:14434
     - Top Score Maize Meal: 1.3 × 12.2 = 15.86 page-4966190e7ca45b28.js:1:14434
     - Hake Fillet: 0.15 × 144.336 = 21.65 page-4966190e7ca45b28.js:1:14434
     - Rajah (Medium): 0.1 × 200 = 20.00 page-4966190e7ca45b28.js:1:14434
     - Banana: 1.2 × 41.658 = 49.99 page-4966190e7ca45b28.js:1:14434
     - Red Apples: 1.5 × 33.327 = 49.99 page-4966190e7ca45b28.js:1:14434
     - Still Water 500ml: 13 × 4.167 = 54.17 page-4966190e7ca45b28.js:1:14434
     - Pot Scourer: 5 × 1.111 = 5.55 page-4966190e7ca45b28.js:1:14434
     - Steel Wool: 1 × 15.2 = 15.20 page-4966190e7ca45b28.js:1:14434
     - Domestos 750ml : 1.5 × 42.667 = 64.00 page-4966190e7ca45b28.js:1:14434
     - Mutton Cloth(roll): 1 × 48.5 = 48.50 page-4966190e7ca45b28.js:1:14434
     SUBTOTAL: 1217.60 page-4966190e7ca45b28.js:1:14530
  5527. DL-00259 (2026-02-01T00:00:00.000Z): page-4966190e7ca45b28.js:1:14168
     - Chicken: 1.8 × 45.105 = 81.19 page-4966190e7ca45b28.js:1:14434
     - Top Score Maize Meal: 0.95 × 12.2 = 11.59 page-4966190e7ca45b28.js:1:14434
     - Baby Marrow: 0.4 × 74.99 = 30.00 page-4966190e7ca45b28.js:1:14434
     - Red Cabbage: 1 × 29.99 = 29.99 page-4966190e7ca45b28.js:1:14434
     - Eggs: 6 × 2 = 12.00 page-4966190e7ca45b28.js:1:14434
     - Self Raising Flour: 1 × 15.996 = 16.00 page-4966190e7ca45b28.js:1:14434
     - Potatoes: 3 × 9.999 = 30.00 page-4966190e7ca45b28.js:1:14434
     - Umcenge Milk: 1 × 18.333 = 18.33 page-4966190e7ca45b28.js:1:14434
     - Liqui Fruit Can 300ml: 13 × 10.25 = 133.25 page-4966190e7ca45b28.js:1:14434
     - Still Water 500ml: 1 × 4.167 = 4.17 page-4966190e7ca45b28.js:1:14434
     - Yoghurt Bliss 150g: 1 × 14.49 = 14.49 page-4966190e7ca45b28.js:1:14434
     SUBTOTAL: 381.00 page-4966190e7ca45b28.js:1:14530
  5528. DL-00260 (2026-02-01T00:00:00.000Z): page-4966190e7ca45b28.js:1:14168
     - Eggs: 4 × 2 = 8.00 page-4966190e7ca45b28.js:1:14434
     - Cheese Slice: 4 × 3.056 = 12.22 page-4966190e7ca45b28.js:1:14434
     - Tastic Rice: 1 × 18.4 = 18.40 page-4966190e7ca45b28.js:1:14434
     - Top Score Maize Meal: 0.4 × 12.2 = 4.88 page-4966190e7ca45b28.js:1:14434
     - Beef Chuck: 0.4 × 130.674 = 52.27 page-4966190e7ca45b28.js:1:14434
     - Braai Wors: 2 × 129.995 = 259.99 page-4966190e7ca45b28.js:1:14434
     - Rooibos Tea: 10 × 0.481 = 4.81 page-4966190e7ca45b28.js:1:14434
     - Brown Sugar: 1.5 × 17 = 25.50 page-4966190e7ca45b28.js:1:14434
     - Pork Sliced: 1.6 × 93 = 148.80 page-4966190e7ca45b28.js:1:14434
     SUBTOTAL: 534.87 page-4966190e7ca45b28.js:1:14530
  5529. DL-00262 (2026-02-01T00:00:00.000Z): page-4966190e7ca45b28.js:1:14168
     - Brown Bread: 1 × 13.99 = 13.99 page-4966190e7ca45b28.js:1:14434
     - White Bread: 1 × 16.29 = 16.29 page-4966190e7ca45b28.js:1:14434
     - Eggs: 4 × 2 = 8.00 page-4966190e7ca45b28.js:1:14434
     - Cheese Slice: 4 × 3.056 = 12.22 page-4966190e7ca45b28.js:1:14434
     - Brown Sugar: 0.75 × 17 = 12.75 page-4966190e7ca45b28.js:1:14434
     - Cake Flour: 3 × 14.16 = 42.48 page-4966190e7ca45b28.js:1:14434
     - Cooking Oil: 2 × 30 = 60.00 page-4966190e7ca45b28.js:1:14434
     - Score 500ml: 1 × 8.333 = 8.33 page-4966190e7ca45b28.js:1:14434
     - Soft Drink 2L: 2 × 23.667 = 47.33 page-4966190e7ca45b28.js:1:14434
     - Kingsize 300ml: 2 × 7.396 = 14.79 page-4966190e7ca45b28.js:1:14434
     - Brown S.O Bag #4: 250 × 0.346 = 86.50 page-4966190e7ca45b28.js:1:14434
     - Nik-Naks 50g: 2 × 5.583 = 11.17 page-4966190e7ca45b28.js:1:14434
     - Chicken: 5.8 × 45.105 = 261.61 page-4966190e7ca45b28.js:1:14434
     - Tastic Rice: 1.5 × 18.4 = 27.60 page-4966190e7ca45b28.js:1:14434
     - Lettuce: 2 × 6.99 = 13.98 page-4966190e7ca45b28.js:1:14434
     - Koo Beans 410g: 2 × 14.167 = 28.33 page-4966190e7ca45b28.js:1:14434
     - Rajah (Medium): 0.01 × 200 = 2.00 page-4966190e7ca45b28.js:1:14434
     - Potatoes: 4 × 9.999 = 40.00 page-4966190e7ca45b28.js:1:14434
     SUBTOTAL: 707.38 page-4966190e7ca45b28.js:1:14530
  5530. DL-00257 (2026-02-01T00:00:00.000Z): page-4966190e7ca45b28.js:1:14168
     - Selati Brown Sugar: 98 × 0.26 = 25.48 page-4966190e7ca45b28.js:1:14434
     - Canderel Sugar: 8 × 0.655 = 5.24 page-4966190e7ca45b28.js:1:14434
     - Ellis Brown Sachets 4g: 6 × 1.19 = 7.14 page-4966190e7ca45b28.js:1:14434
     - Rooibos Tea: 8 × 0.481 = 3.85 page-4966190e7ca45b28.js:1:14434
     - Jungle Oats: 1 × 40 = 40.00 page-4966190e7ca45b28.js:1:14434
     - Brown Bread: 2 × 13.99 = 27.98 page-4966190e7ca45b28.js:1:14434
     - White Bread: 1 × 16.29 = 16.29 page-4966190e7ca45b28.js:1:14434
     - Ox-Liver: 1.4 × 73.343 = 102.68 page-4966190e7ca45b28.js:1:14434
     - Eggs: 28 × 2 = 56.00 page-4966190e7ca45b28.js:1:14434
     - Umcenge Milk: 4 × 18.333 = 73.33 page-4966190e7ca45b28.js:1:14434
     - Red Pepper: 0.2 × 89.899 = 17.98 page-4966190e7ca45b28.js:1:14434
     - Green Pepper: 0.5 × 24.975 = 12.49 page-4966190e7ca45b28.js:1:14434
     - Yellow Pepper: 0.2 × 79.862 = 15.97 page-4966190e7ca45b28.js:1:14434
     - Top Score Maize Meal: 0.8 × 12.2 = 9.76 page-4966190e7ca45b28.js:1:14434
     - Cheese Slice: 5 × 3.056 = 15.28 page-4966190e7ca45b28.js:1:14434
     - Liqui Fruit Can 300ml: 13 × 10.25 = 133.25 page-4966190e7ca45b28.js:1:14434
     - Tomatoes: 1 × 17.497 = 17.50 page-4966190e7ca45b28.js:1:14434
     - Cucumber: 1 × 10 = 10.00 page-4966190e7ca45b28.js:1:14434
     - Cooking Oil: 1 × 30 = 30.00 page-4966190e7ca45b28.js:1:14434
     - Honey 375g: 1 × 63.333 = 63.33 page-4966190e7ca45b28.js:1:14434
     - Plain Yoghurt 150G: 1 × 14.49 = 14.49 page-4966190e7ca45b28.js:1:14434
     SUBTOTAL: 698.04 page-4966190e7ca45b28.js:1:14530
  5531. DL-00261 (2026-02-01T00:00:00.000Z): page-4966190e7ca45b28.js:1:14168
     - Black Forest Cake: 2 × 79.99 = 159.98 page-4966190e7ca45b28.js:1:14434
     - Raspberry: 0.125 × 319.92 = 39.99 page-4966190e7ca45b28.js:1:14434
     - Blueberries: 0.125 × 343.92 = 42.99 page-4966190e7ca45b28.js:1:14434
     - Tennis Biscuits 200g: 1 × 21.67 = 21.67 page-4966190e7ca45b28.js:1:14434
     SUBTOTAL: 264.63 page-4966190e7ca45b28.js:1:14530
  5532. DL-00258 (2026-02-01T00:00:00.000Z): page-4966190e7ca45b28.js:1:14168
     - Beef Chuck: 1 × 130.674 = 130.67 page-4966190e7ca45b28.js:1:14434
     - Pork Chops: 0.8 × 103.73 = 82.98 page-4966190e7ca45b28.js:1:14434
     - Chicken: 3.8 × 45.105 = 171.40 page-4966190e7ca45b28.js:1:14434
     - Tastic Rice: 1 × 18.4 = 18.40 page-4966190e7ca45b28.js:1:14434
     - Sweet-Chilli Sauce: 1 × 51 = 51.00 page-4966190e7ca45b28.js:1:14434
     - Cooking Oil: 1 × 30 = 30.00 page-4966190e7ca45b28.js:1:14434
     - Lettuce: 3 × 6.99 = 20.97 page-4966190e7ca45b28.js:1:14434
     - Cucumber: 1 × 10 = 10.00 page-4966190e7ca45b28.js:1:14434
     - Koo Beans 410g: 2 × 14.167 = 28.33 page-4966190e7ca45b28.js:1:14434
     - Brocolli: 1 × 30.99 = 30.99 page-4966190e7ca45b28.js:1:14434
     - Cauliflower: 1 × 29.99 = 29.99 page-4966190e7ca45b28.js:1:14434
     - Top Score Maize Meal: 1 × 12.2 = 12.20 page-4966190e7ca45b28.js:1:14434
     - Still Water 500ml: 13 × 4.167 = 54.17 page-4966190e7ca45b28.js:1:14434
     - Banana: 1.2 × 41.658 = 49.99 page-4966190e7ca45b28.js:1:14434
     SUBTOTAL: 721.10 page-4966190e7ca45b28.js:1:14530
  5533. DL-00251 (2026-01-31T00:00:00.000Z): page-4966190e7ca45b28.js:1:14168
     - Brown Bread: 3 × 13.99 = 41.97 page-4966190e7ca45b28.js:1:14434
     - Low GI Bread 400g : 1 × 24.99 = 24.99 page-4966190e7ca45b28.js:1:14434
     - Eggs: 32 × 2 = 64.00 page-4966190e7ca45b28.js:1:14434
     - Corn-flakes: 1 × 65 = 65.00 page-4966190e7ca45b28.js:1:14434
     - Canderel Sugar: 6 × 0.655 = 3.93 page-4966190e7ca45b28.js:1:14434
     - Selati Brown Sugar: 114 × 0.26 = 29.64 page-4966190e7ca45b28.js:1:14434
     - Ellis Brown Sachets 4g: 10 × 1.19 = 11.90 page-4966190e7ca45b28.js:1:14434
     - Red Pepper: 0.2 × 89.899 = 17.98 page-4966190e7ca45b28.js:1:14434
     - Yellow Pepper: 0.2 × 79.862 = 15.97 page-4966190e7ca45b28.js:1:14434
     - Tomatoes: 1 × 19.995 = 20.00 page-4966190e7ca45b28.js:1:14434
     - Cucumber: 1 × 10 = 10.00 page-4966190e7ca45b28.js:1:14434
     - Top Score Maize Meal: 0.6 × 12.2 = 7.32 page-4966190e7ca45b28.js:1:14434
     - Liqui Fruit Can 300ml: 11 × 10.25 = 112.75 page-4966190e7ca45b28.js:1:14434
     - Yoghurt Bliss 150g: 3 × 14.49 = 43.47 page-4966190e7ca45b28.js:1:14434
     - Koo Beans 410g: 3 × 14.167 = 42.50 page-4966190e7ca45b28.js:1:14434
     - Jacobs Sachets: 2 × 4.25 = 8.50 page-4966190e7ca45b28.js:1:14434
     - Cheese Slice: 6 × 3.056 = 18.34 page-4966190e7ca45b28.js:1:14434
     - Plain Yoghurt 150G: 1 × 14.49 = 14.49 page-4966190e7ca45b28.js:1:14434
     SUBTOTAL: 552.74 page-4966190e7ca45b28.js:1:14530
  5534. DL-00256 (2026-01-31T00:00:00.000Z): page-4966190e7ca45b28.js:1:14168
     - White Bread: 1 × 16.29 = 16.29 page-4966190e7ca45b28.js:1:14434
     - Cheese Slice: 6 × 3.056 = 18.34 page-4966190e7ca45b28.js:1:14434
     - Yeast 10g: 3 × 42.083 = 126.25 page-4966190e7ca45b28.js:1:14434
     - Cake Flour: 3.2 × 14.16 = 45.31 page-4966190e7ca45b28.js:1:14434
     - Brown Sugar: 0.8 × 17 = 13.60 page-4966190e7ca45b28.js:1:14434
     - Eggs: 5 × 2 = 10.00 page-4966190e7ca45b28.js:1:14434
     - Lettuce: 3 × 6.99 = 20.97 page-4966190e7ca45b28.js:1:14434
     - Mayonnaise: 1.5 × 54.333 = 81.50 page-4966190e7ca45b28.js:1:14434
     - FOMO 73: 250 × 0.368 = 92.00 page-4966190e7ca45b28.js:1:14434
     - Brown S.O Bag #4: 250 × 0.346 = 86.50 page-4966190e7ca45b28.js:1:14434
     - Chicken: 5.6 × 45.105 = 252.59 page-4966190e7ca45b28.js:1:14434
     - Tastic Rice: 1.5 × 18.4 = 27.60 page-4966190e7ca45b28.js:1:14434
     - Butternut: 3 × 10 = 30.00 page-4966190e7ca45b28.js:1:14434
     - Onion: 1 × 7.5 = 7.50 page-4966190e7ca45b28.js:1:14434
     - Carrots: 1 × 8.998 = 9.00 page-4966190e7ca45b28.js:1:14434
     - Spur Ribs: 0.2 × 123.876 = 24.78 page-4966190e7ca45b28.js:1:14434
     - Beef Chuck: 0.2 × 130.674 = 26.13 page-4966190e7ca45b28.js:1:14434
     - Tomatoes: 1 × 22.99 = 22.99 page-4966190e7ca45b28.js:1:14434
     - Kingsize 300ml: 4 × 7.396 = 29.58 page-4966190e7ca45b28.js:1:14434
     - Soft Drink 300ml: 4 × 11.646 = 46.58 page-4966190e7ca45b28.js:1:14434
     - Liqui Fruit Can 300ml: 2 × 10.25 = 20.50 page-4966190e7ca45b28.js:1:14434
     - Liqui Fruit 1L: 1 × 22.917 = 22.92 page-4966190e7ca45b28.js:1:14434
     - Score 500ml: 2 × 8.333 = 16.67 page-4966190e7ca45b28.js:1:14434
     - Ice-Tea 500ml: 1 × 16.5 = 16.50 page-4966190e7ca45b28.js:1:14434
     - Sparkling 500ml : 1 × 6 = 6.00 page-4966190e7ca45b28.js:1:14434
     SUBTOTAL: 1070.09 page-4966190e7ca45b28.js:1:14530
  5535. DL-00254 (2026-01-31T00:00:00.000Z): page-4966190e7ca45b28.js:1:14168
     - Chicken: 7 × 45.105 = 315.73 page-4966190e7ca45b28.js:1:14434
     - Tastic Rice: 1 × 18.4 = 18.40 page-4966190e7ca45b28.js:1:14434
     - Eggs: 4 × 2 = 8.00 page-4966190e7ca45b28.js:1:14434
     - Cheese Slice: 6 × 3.056 = 18.34 page-4966190e7ca45b28.js:1:14434
     - Onion: 0.5 × 7.5 = 3.75 page-4966190e7ca45b28.js:1:14434
     - Umcenge Milk: 1 × 18.333 = 18.33 page-4966190e7ca45b28.js:1:14434
     - Lucky Star 215g: 1 × 0 = 0.00 page-4966190e7ca45b28.js:1:14434
     SUBTOTAL: 382.55 page-4966190e7ca45b28.js:1:14530
  5536. DL-00252 (2026-01-31T00:00:00.000Z): page-4966190e7ca45b28.js:1:14168
     - Spur Ribs: 4.5 × 123.876 = 557.44 page-4966190e7ca45b28.js:1:14434
     - Chicken: 1.8 × 45.105 = 81.19 page-4966190e7ca45b28.js:1:14434
     - Potatoes: 14 × 9.999 = 139.99 page-4966190e7ca45b28.js:1:14434
     - Lettuce: 3 × 5 = 15.00 page-4966190e7ca45b28.js:1:14434
     - Top Score Maize Meal: 1 × 12.2 = 12.20 page-4966190e7ca45b28.js:1:14434
     - Butternut: 3 × 10 = 30.00 page-4966190e7ca45b28.js:1:14434
     - Onion: 1.5 × 7.5 = 11.25 page-4966190e7ca45b28.js:1:14434
     - Salt: 1 × 6.7 = 6.70 page-4966190e7ca45b28.js:1:14434
     - Red Pepper: 0.15 × 89.899 = 13.48 page-4966190e7ca45b28.js:1:14434
     - Yellow Pepper: 0.2 × 79.862 = 15.97 page-4966190e7ca45b28.js:1:14434
     - Still Water 500ml: 17 × 4.167 = 70.84 page-4966190e7ca45b28.js:1:14434
     - Pears: 0.999 × 28.99 = 28.96 page-4966190e7ca45b28.js:1:14434
     - Nectarines: 1 × 24.99 = 24.99 page-4966190e7ca45b28.js:1:14434
     - Beef Chuck: 0.2 × 130.674 = 26.13 page-4966190e7ca45b28.js:1:14434
     - Peaches: 1 × 39.99 = 39.99 page-4966190e7ca45b28.js:1:14434
     - Liqui Fruit Can 300ml: 2 × 10.25 = 20.50 page-4966190e7ca45b28.js:1:14434
     SUBTOTAL: 1094.64 page-4966190e7ca45b28.js:1:14530
  5537. DL-00255 (2026-01-31T00:00:00.000Z): page-4966190e7ca45b28.js:1:14168
     - Yoghurt Bliss 150g: 1 × 14.49 = 14.49 page-4966190e7ca45b28.js:1:14434
     - Liqui Fruit Can 300ml: 1 × 10.25 = 10.25 page-4966190e7ca45b28.js:1:14434
     - Tortilla Wrap: 1.001 × 47.99 = 48.04 page-4966190e7ca45b28.js:1:14434
     - Lettuce: 1 × 6.99 = 6.99 page-4966190e7ca45b28.js:1:14434
     - Plain Yoghurt 150G: 3 × 14.49 = 43.47 page-4966190e7ca45b28.js:1:14434
     SUBTOTAL: 123.24 page-4966190e7ca45b28.js:1:14530
  5538. DL-00253 (2026-01-31T00:00:00.000Z): page-4966190e7ca45b28.js:1:14168
     - Chicken: 5.35 × 45.105 = 241.31 page-4966190e7ca45b28.js:1:14434
     - Tastic Rice: 1 × 18.4 = 18.40 page-4966190e7ca45b28.js:1:14434
     - Mayonnaise: 1.5 × 54.333 = 81.50 page-4966190e7ca45b28.js:1:14434
     - Tomato Sauce: 0.7 × 50 = 35.00 page-4966190e7ca45b28.js:1:14434
     - Brocolli: 1 × 30.99 = 30.99 page-4966190e7ca45b28.js:1:14434
     - Cauliflower: 1 × 26.99 = 26.99 page-4966190e7ca45b28.js:1:14434
     - Baby Marrow: 0.8 × 74.99 = 59.99 page-4966190e7ca45b28.js:1:14434
     - Beetroot: 1 × 9.998 = 10.00 page-4966190e7ca45b28.js:1:14434
     - Top Score Maize Meal: 1.2 × 12.2 = 14.64 page-4966190e7ca45b28.js:1:14434
     - Hake Fillet: 0.25 × 144.336 = 36.08 page-4966190e7ca45b28.js:1:14434
     - Onion: 2 × 7.5 = 15.00 page-4966190e7ca45b28.js:1:14434
     SUBTOTAL: 569.91 page-4966190e7ca45b28.js:1:14530
  5539. DL-00247 (2026-01-30T00:00:00.000Z): page-4966190e7ca45b28.js:1:14168
     - Chicken: 7.45 × 45.105 = 336.03 page-4966190e7ca45b28.js:1:14434
     - Tastic Rice: 1 × 18.4 = 18.40 page-4966190e7ca45b28.js:1:14434
     - White Bread: 1 × 16.29 = 16.29 page-4966190e7ca45b28.js:1:14434
     - Eggs: 8 × 1.956 = 15.65 page-4966190e7ca45b28.js:1:14434
     - Cheese Slice: 6 × 3.056 = 18.34 page-4966190e7ca45b28.js:1:14434
     - Oros: 2 × 91 = 182.00 page-4966190e7ca45b28.js:1:14434
     - Brown Sugar: 1 × 17 = 17.00 page-4966190e7ca45b28.js:1:14434
     - Top Score Maize Meal: 0.5 × 12.2 = 6.10 page-4966190e7ca45b28.js:1:14434
     SUBTOTAL: 609.81 page-4966190e7ca45b28.js:1:14530
  5540. DL-00244 (2026-01-30T00:00:00.000Z): page-4966190e7ca45b28.js:1:14168
     - Brown Bread: 3 × 13.99 = 41.97 page-4966190e7ca45b28.js:1:14434
     - White Bread: 2 × 16.29 = 32.58 page-4966190e7ca45b28.js:1:14434
     - Chicken Gizzards: 2 × 41.075 = 82.15 page-4966190e7ca45b28.js:1:14434
     - Mushrooms: 1 × 119.96 = 119.96 page-4966190e7ca45b28.js:1:14434
     - Sunny Milk: 5 × 16.667 = 83.34 page-4966190e7ca45b28.js:1:14434
     - Eggs: 45 × 2 = 90.00 page-4966190e7ca45b28.js:1:14434
     - Selati Brown Sugar: 125 × 0.26 = 32.50 page-4966190e7ca45b28.js:1:14434
     - Rooibos Tea: 12 × 0.481 = 5.77 page-4966190e7ca45b28.js:1:14434
     - Ellis Brown Sachets 4g: 15 × 1.19 = 17.85 page-4966190e7ca45b28.js:1:14434
     - Canderel Sugar: 7 × 0.655 = 4.58 page-4966190e7ca45b28.js:1:14434
     - Top Score Maize Meal: 0.6 × 12.2 = 7.32 page-4966190e7ca45b28.js:1:14434
     - Jungle Oats: 1 × 40 = 40.00 page-4966190e7ca45b28.js:1:14434
     - Five Roses Sachet : 2 × 2.72 = 5.44 page-4966190e7ca45b28.js:1:14434
     - Rama: 0.5 × 52.667 = 26.33 page-4966190e7ca45b28.js:1:14434
     - Hake Fillet: 0.3 × 144.336 = 43.30 page-4966190e7ca45b28.js:1:14434
     - Red Pepper: 0.35 × 89.899 = 31.46 page-4966190e7ca45b28.js:1:14434
     - Yellow Pepper: 0.4 × 79.862 = 31.94 page-4966190e7ca45b28.js:1:14434
     - Cream: 0.5 × 98.02 = 49.01 page-4966190e7ca45b28.js:1:14434
     - Liqui Fruit Can 300ml: 19 × 10.25 = 194.75 page-4966190e7ca45b28.js:1:14434
     - Still Water 500ml: 2 × 4.167 = 8.33 page-4966190e7ca45b28.js:1:14434
     - Cheese Slice: 9 × 3.056 = 27.50 page-4966190e7ca45b28.js:1:14434
     - Cooking Oil: 1 × 30 = 30.00 page-4966190e7ca45b28.js:1:14434
     - Plain Yoghurt 150G: 1 × 14.49 = 14.49 page-4966190e7ca45b28.js:1:14434
     - Yoghurt Bliss 150g: 1 × 14.49 = 14.49 page-4966190e7ca45b28.js:1:14434
     SUBTOTAL: 1035.08 page-4966190e7ca45b28.js:1:14530
  5541. DL-00248 (2026-01-30T00:00:00.000Z): page-4966190e7ca45b28.js:1:14168
     - Liqui Fruit Can 300ml: 1 × 10.25 = 10.25 page-4966190e7ca45b28.js:1:14434
     - Plain Yoghurt 150G: 3 × 14.49 = 43.47 page-4966190e7ca45b28.js:1:14434
     - Yoghurt Bliss 150g: 2 × 14.49 = 28.98 page-4966190e7ca45b28.js:1:14434
     SUBTOTAL: 82.70 page-4966190e7ca45b28.js:1:14530
  5542. DL-00245 (2026-01-30T00:00:00.000Z): page-4966190e7ca45b28.js:1:14168
     - Beef Stewing: 4 × 136.99 = 547.96 page-4966190e7ca45b28.js:1:14434
     - Chicken: 1.8 × 45.105 = 81.19 page-4966190e7ca45b28.js:1:14434
     - Beetroot: 2 × 9.998 = 20.00 page-4966190e7ca45b28.js:1:14434
     - Onion: 1.5 × 7.5 = 11.25 page-4966190e7ca45b28.js:1:14434
     - Red Pepper: 0.3 × 89.899 = 26.97 page-4966190e7ca45b28.js:1:14434
     - Yellow Pepper: 0.3 × 79.862 = 23.96 page-4966190e7ca45b28.js:1:14434
     - Cooking Oil: 1 × 30 = 30.00 page-4966190e7ca45b28.js:1:14434
     - Top Score Maize Meal: 0.7 × 12.2 = 8.54 page-4966190e7ca45b28.js:1:14434
     - Tastic Rice: 1 × 18.4 = 18.40 page-4966190e7ca45b28.js:1:14434
     - Red Apples: 1 × 33.327 = 33.33 page-4966190e7ca45b28.js:1:14434
     - Still Water 500ml: 25 × 4.167 = 104.17 page-4966190e7ca45b28.js:1:14434
     - Liqui Fruit Can 300ml: 1 × 10.25 = 10.25 page-4966190e7ca45b28.js:1:14434
     - Pumpkin Leaves : 3 × 10 = 30.00 page-4966190e7ca45b28.js:1:14434
     - Green Pepper: 0.5 × 39.98 = 19.99 page-4966190e7ca45b28.js:1:14434
     SUBTOTAL: 966.01 page-4966190e7ca45b28.js:1:14530
  5543. DL-00249 (2026-01-30T00:00:00.000Z): page-4966190e7ca45b28.js:1:14168
     - Brown Bread: 1 × 13.99 = 13.99 page-4966190e7ca45b28.js:1:14434
     - White Bread: 1 × 16.29 = 16.29 page-4966190e7ca45b28.js:1:14434
     - Mince Meat: 0.75 × 106.667 = 80.00 page-4966190e7ca45b28.js:1:14434
     - Chicken Drumsticks: 2 × 58.96 = 117.92 page-4966190e7ca45b28.js:1:14434
     - Hake Fillet: 1 × 144.336 = 144.34 page-4966190e7ca45b28.js:1:14434
     - Liqui Fruit Can 300ml: 1 × 10.25 = 10.25 page-4966190e7ca45b28.js:1:14434
     - Eggs: 7 × 1.956 = 13.69 page-4966190e7ca45b28.js:1:14434
     - Cheddar Cheese: 0.6 × 180.885 = 108.53 page-4966190e7ca45b28.js:1:14434
     - Mozzarella Cheese: 0.6 × 180.885 = 108.53 page-4966190e7ca45b28.js:1:14434
     - Mushrooms: 0.25 × 119.96 = 29.99 page-4966190e7ca45b28.js:1:14434
     - Cheese Slice: 15 × 3.056 = 45.84 page-4966190e7ca45b28.js:1:14434
     - Red Pepper: 0.4 × 89.899 = 35.96 page-4966190e7ca45b28.js:1:14434
     - Yellow Pepper: 0.4 × 79.862 = 31.94 page-4966190e7ca45b28.js:1:14434
     - Lettuce: 1 × 5 = 5.00 page-4966190e7ca45b28.js:1:14434
     - Tomatoes: 1 × 19.995 = 20.00 page-4966190e7ca45b28.js:1:14434
     - Chicken: 1 × 45.105 = 45.10 page-4966190e7ca45b28.js:1:14434
     SUBTOTAL: 827.37 page-4966190e7ca45b28.js:1:14530
  5544. DL-00246 (2026-01-30T00:00:00.000Z): page-4966190e7ca45b28.js:1:14168
     - Chicken: 8 × 45.105 = 360.84 page-4966190e7ca45b28.js:1:14434
     - Mega Maize Rice: 0.6 × 18.4 = 11.04 page-4966190e7ca45b28.js:1:14434
     - Tastic Rice: 1 × 18.4 = 18.40 page-4966190e7ca45b28.js:1:14434
     - Cooking Oil: 2 × 30 = 60.00 page-4966190e7ca45b28.js:1:14434
     - Top Score Maize Meal: 1.3 × 12.2 = 15.86 page-4966190e7ca45b28.js:1:14434
     - Onion: 1 × 7.5 = 7.50 page-4966190e7ca45b28.js:1:14434
     - Carrots: 2 × 8.998 = 18.00 page-4966190e7ca45b28.js:1:14434
     - Cake Flour: 1 × 14.16 = 14.16 page-4966190e7ca45b28.js:1:14434
     - Spinach: 6 × 10 = 60.00 page-4966190e7ca45b28.js:1:14434
     SUBTOTAL: 565.80 page-4966190e7ca45b28.js:1:14530
  5545. DL-00250 (2026-01-30T00:00:00.000Z): page-4966190e7ca45b28.js:1:14168
     - Brown Bread: 1 × 13.99 = 13.99 page-4966190e7ca45b28.js:1:14434
     - White Bread: 1 × 16.29 = 16.29 page-4966190e7ca45b28.js:1:14434
     - Yeast 10g: 5 × 42.083 = 210.41 page-4966190e7ca45b28.js:1:14434
     - Eggs: 17 × 1.956 = 33.25 page-4966190e7ca45b28.js:1:14434
     - Rama: 1 × 52.667 = 52.67 page-4966190e7ca45b28.js:1:14434
     - Umcenge Milk: 1 × 18.333 = 18.33 page-4966190e7ca45b28.js:1:14434
     - Cake Flour: 5 × 14.16 = 70.80 page-4966190e7ca45b28.js:1:14434
     - Self Raising Flour: 2 × 16 = 32.00 page-4966190e7ca45b28.js:1:14434
     - Brown Sugar: 1.3 × 17 = 22.10 page-4966190e7ca45b28.js:1:14434
     - White Sugar: 0.85 × 19.4 = 16.49 page-4966190e7ca45b28.js:1:14434
     - Lettuce: 1 × 5 = 5.00 page-4966190e7ca45b28.js:1:14434
     - Tomatoes: 1 × 19.995 = 20.00 page-4966190e7ca45b28.js:1:14434
     - Cooking Oil: 2 × 30 = 60.00 page-4966190e7ca45b28.js:1:14434
     - Doritos 45g: 5 × 7.438 = 37.19 page-4966190e7ca45b28.js:1:14434
     - Halls: 72 × 0.243 = 17.50 page-4966190e7ca45b28.js:1:14434
     - Beef Stewing: 3.5 × 136.99 = 479.47 page-4966190e7ca45b28.js:1:14434
     - Chicken: 7.4 × 45.105 = 333.78 page-4966190e7ca45b28.js:1:14434
     - Tastic Rice: 3.5 × 18.4 = 64.40 page-4966190e7ca45b28.js:1:14434
     - Beetroot: 2 × 9.998 = 20.00 page-4966190e7ca45b28.js:1:14434
     - Onion: 1.5 × 7.5 = 11.25 page-4966190e7ca45b28.js:1:14434
     - Top Score Maize Meal: 0.7 × 12.2 = 8.54 page-4966190e7ca45b28.js:1:14434
     - Beef Chuck: 0.5 × 130.722 = 65.36 page-4966190e7ca45b28.js:1:14434
     - Spur Ribs: 0.3 × 123.876 = 37.16 page-4966190e7ca45b28.js:1:14434
     - Potatoes: 5 × 9.999 = 50.00 page-4966190e7ca45b28.js:1:14434
     - Pumpkin Leaves : 10 × 10 = 100.00 page-4966190e7ca45b28.js:1:14434
     - FOMO 40: 74 × 0.66 = 48.84 page-4966190e7ca45b28.js:1:14434
     - Soft Drink 300ml: 1 × 11.646 = 11.65 page-4966190e7ca45b28.js:1:14434
     - Liqui Fruit Can 300ml: 1 × 10.25 = 10.25 page-4966190e7ca45b28.js:1:14434
     - Score 500ml: 1 × 8.333 = 8.33 page-4966190e7ca45b28.js:1:14434
     - Ice-Tea 500ml: 1 × 16.5 = 16.50 page-4966190e7ca45b28.js:1:14434
     - Kingsize 300ml: 1 × 7.396 = 7.40 page-4966190e7ca45b28.js:1:14434
     - Cabana: 1 × 13.167 = 13.17 page-4966190e7ca45b28.js:1:14434
     - Sparkling Water 500ml: 1 × 6.25 = 6.25 page-4966190e7ca45b28.js:1:14434
     - Soft Drink 2L: 1 × 23.667 = 23.67 page-4966190e7ca45b28.js:1:14434
     SUBTOTAL: 1942.01 page-4966190e7ca45b28.js:1:14530
  5546. DL-00240 (2026-01-29T00:00:00.000Z): page-4966190e7ca45b28.js:1:14168
     - Chicken: 1.55 × 45.105 = 69.91 page-4966190e7ca45b28.js:1:14434
     - Tastic Rice: 1 × 18.4 = 18.40 page-4966190e7ca45b28.js:1:14434
     - Macaroni: 1 × 33.6 = 33.60 page-4966190e7ca45b28.js:1:14434
     - Onion: 1 × 7.5 = 7.50 page-4966190e7ca45b28.js:1:14434
     - Brocolli: 3 × 30.99 = 92.97 page-4966190e7ca45b28.js:1:14434
     - Cauliflower: 2 × 26.99 = 53.98 page-4966190e7ca45b28.js:1:14434
     - Baby Marrow: 0.8 × 39.975 = 31.98 page-4966190e7ca45b28.js:1:14434
     - Red Pepper: 0.25 × 89.899 = 22.47 page-4966190e7ca45b28.js:1:14434
     - Yellow Pepper: 0.35 × 79.862 = 27.95 page-4966190e7ca45b28.js:1:14434
     - Dishwash Liquid: 5 × 12.32 = 61.60 page-4966190e7ca45b28.js:1:14434
     - Spice Mix: 0.4 × 70 = 28.00 page-4966190e7ca45b28.js:1:14434
     - Mayonnaise: 1.5 × 54.333 = 81.50 page-4966190e7ca45b28.js:1:14434
     - Cheddar Cheese: 0.3 × 180.885 = 54.27 page-4966190e7ca45b28.js:1:14434
     - Mozzarella Cheese: 0.8 × 180.885 = 144.71 page-4966190e7ca45b28.js:1:14434
     - Sunny Milk: 1 × 16.667 = 16.67 page-4966190e7ca45b28.js:1:14434
     - Cream: 0.5 × 98.02 = 49.01 page-4966190e7ca45b28.js:1:14434
     - Mushrooms: 0.25 × 119.96 = 29.99 page-4966190e7ca45b28.js:1:14434
     - Refuse Bag Roll: 1 × 27.9 = 27.90 page-4966190e7ca45b28.js:1:14434
     - Top Score Maize Meal: 1 × 12.2 = 12.20 page-4966190e7ca45b28.js:1:14434
     - Cooking Oil: 1 × 30 = 30.00 page-4966190e7ca45b28.js:1:14434
     - Still Water 500ml: 19 × 4.167 = 79.17 page-4966190e7ca45b28.js:1:14434
     - Banana: 1.2 × 22.492 = 26.99 page-4966190e7ca45b28.js:1:14434
     - Pears: 1 × 28.99 = 28.99 page-4966190e7ca45b28.js:1:14434
     - Liqui Fruit Can 300ml: 4 × 10.25 = 41.00 page-4966190e7ca45b28.js:1:14434
     - Red Apples: 1.5 × 33.327 = 49.99 page-4966190e7ca45b28.js:1:14434
     - Hake Fillet: 1.8 × 144.336 = 259.80 page-4966190e7ca45b28.js:1:14434
     SUBTOTAL: 1380.56 page-4966190e7ca45b28.js:1:14530
  5547. DL-00239 (2026-01-29T00:00:00.000Z): page-4966190e7ca45b28.js:1:14168
     - Brown Bread: 2 × 13.99 = 27.98 page-4966190e7ca45b28.js:1:14434
     - White Bread: 1 × 16.29 = 16.29 page-4966190e7ca45b28.js:1:14434
     - Beef Sausages: 2 × 160 = 320.00 page-4966190e7ca45b28.js:1:14434
     - Pork Sausages: 2 × 96.99 = 193.98 page-4966190e7ca45b28.js:1:14434
     - Sunny Milk: 4 × 16.667 = 66.67 page-4966190e7ca45b28.js:1:14434
     - Eggs: 14 × 2 = 28.00 page-4966190e7ca45b28.js:1:14434
     - Top Score Maize Meal: 0.6 × 12.2 = 7.32 page-4966190e7ca45b28.js:1:14434
     - Rama: 0.5 × 52.667 = 26.33 page-4966190e7ca45b28.js:1:14434
     - Lettuce: 1 × 5 = 5.00 page-4966190e7ca45b28.js:1:14434
     - Onion: 1 × 7.5 = 7.50 page-4966190e7ca45b28.js:1:14434
     - Cheese Slice: 19 × 3.056 = 58.06 page-4966190e7ca45b28.js:1:14434
     - Red Pepper: 0.1 × 89.899 = 8.99 page-4966190e7ca45b28.js:1:14434
     - Yellow Pepper: 0.15 × 79.862 = 11.98 page-4966190e7ca45b28.js:1:14434
     - Soy Milk: 1 × 44.99 = 44.99 page-4966190e7ca45b28.js:1:14434
     - Rooibos Sachets : 10 × 2.72 = 27.20 page-4966190e7ca45b28.js:1:14434
     - Selati Brown Sugar: 116 × 0.26 = 30.16 page-4966190e7ca45b28.js:1:14434
     - Ellis Brown Sachets 4g: 10 × 1.19 = 11.90 page-4966190e7ca45b28.js:1:14434
     - Canderel Sugar: 6 × 0.655 = 3.93 page-4966190e7ca45b28.js:1:14434
     - Koo Beans 410g: 3 × 14.167 = 42.50 page-4966190e7ca45b28.js:1:14434
     - Honey 375g: 1 × 63.333 = 63.33 page-4966190e7ca45b28.js:1:14434
     - Emabele: 1.15 × 16 = 18.40 page-4966190e7ca45b28.js:1:14434
     - Krush 200ML: 1 × 35.833 = 35.83 page-4966190e7ca45b28.js:1:14434
     - Liqui Fruit Can 300ml: 12 × 10.25 = 123.00 page-4966190e7ca45b28.js:1:14434
     SUBTOTAL: 1179.35 page-4966190e7ca45b28.js:1:14530
  5548. DL-00241 (2026-01-29T00:00:00.000Z): page-4966190e7ca45b28.js:1:14168
     - Chicken: 8.8 × 45.105 = 396.92 page-4966190e7ca45b28.js:1:14434
     - Tastic Rice: 1 × 18.4 = 18.40 page-4966190e7ca45b28.js:1:14434
     - Potatoes: 10 × 9.999 = 99.99 page-4966190e7ca45b28.js:1:14434
     - Lettuce: 3 × 5 = 15.00 page-4966190e7ca45b28.js:1:14434
     - Onion: 1 × 7.5 = 7.50 page-4966190e7ca45b28.js:1:14434
     - Red Pepper: 0.35 × 89.899 = 31.46 page-4966190e7ca45b28.js:1:14434
     - Yellow Pepper: 0.25 × 79.862 = 19.97 page-4966190e7ca45b28.js:1:14434
     - Top Score Maize Meal: 1.3 × 12.2 = 15.86 page-4966190e7ca45b28.js:1:14434
     - Liqui Fruit Can 300ml: 24 × 10.25 = 246.00 page-4966190e7ca45b28.js:1:14434
     - Still Water 500ml: 2 × 4.167 = 8.33 page-4966190e7ca45b28.js:1:14434
     - Krush 200ML: 1 × 35.833 = 35.83 page-4966190e7ca45b28.js:1:14434
     SUBTOTAL: 895.27 page-4966190e7ca45b28.js:1:14530
  5549. DL-00242 (2026-01-29T00:00:00.000Z): page-4966190e7ca45b28.js:1:14168
     - Chicken: 8.5 × 45.105 = 383.39 page-4966190e7ca45b28.js:1:14434
     - Tastic Rice: 1 × 18.4 = 18.40 page-4966190e7ca45b28.js:1:14434
     - Eggs: 12 × 2 = 24.00 page-4966190e7ca45b28.js:1:14434
     - Cheese Slice: 3 × 3.056 = 9.17 page-4966190e7ca45b28.js:1:14434
     - White Bread: 1 × 16.29 = 16.29 page-4966190e7ca45b28.js:1:14434
     - Sunny Milk: 1 × 16.667 = 16.67 page-4966190e7ca45b28.js:1:14434
     SUBTOTAL: 467.92 page-4966190e7ca45b28.js:1:14530
  5550. DL-00243 (2026-01-29T00:00:00.000Z): page-4966190e7ca45b28.js:1:14168
     - Brown Bread: 3 × 13.99 = 41.97 page-4966190e7ca45b28.js:1:14434
     - White Bread: 2 × 16.29 = 32.58 page-4966190e7ca45b28.js:1:14434
     - Yeast 10g: 0.3 × 42.083 = 12.62 page-4966190e7ca45b28.js:1:14434
     - Eggs: 37 × 2 = 74.00 page-4966190e7ca45b28.js:1:14434
     - Sunny Milk: 2 × 16.667 = 33.33 page-4966190e7ca45b28.js:1:14434
     - Rama: 1 × 52.667 = 52.67 page-4966190e7ca45b28.js:1:14434
     - Cheese Slice: 18 × 3.056 = 55.01 page-4966190e7ca45b28.js:1:14434
     - Cake Flour: 5 × 14.16 = 70.80 page-4966190e7ca45b28.js:1:14434
     - Brown Sugar: 1.3 × 17 = 22.10 page-4966190e7ca45b28.js:1:14434
     - Ham: 1 × 112.995 = 113.00 page-4966190e7ca45b28.js:1:14434
     - Lettuce: 2 × 5 = 10.00 page-4966190e7ca45b28.js:1:14434
     - Emasi: 2 × 14.995 = 29.99 page-4966190e7ca45b28.js:1:14434
     - Cooking Oil: 1 × 30 = 30.00 page-4966190e7ca45b28.js:1:14434
     - Doritos 45g: 6 × 7.438 = 44.63 page-4966190e7ca45b28.js:1:14434
     - Endearmints: 250 × 0.568 = 142.00 page-4966190e7ca45b28.js:1:14434
     - Selati Brown Sugar: 21 × 0.26 = 5.46 page-4966190e7ca45b28.js:1:14434
     - Beef Stewing: 4.5 × 136.99 = 616.46 page-4966190e7ca45b28.js:1:14434
     - Liqui Fruit Can 300ml: 19 × 10.25 = 194.75 page-4966190e7ca45b28.js:1:14434
     - Soft Drink 300ml: 7 × 11.646 = 81.52 page-4966190e7ca45b28.js:1:14434
     - Cling Wrap: 1 × 300 = 300.00 page-4966190e7ca45b28.js:1:14434
     - FOMO 40: 75 × 0.66 = 49.50 page-4966190e7ca45b28.js:1:14434
     - Chicken: 5.6 × 45.105 = 252.59 page-4966190e7ca45b28.js:1:14434
     - Tastic Rice: 3.05 × 18.4 = 56.12 page-4966190e7ca45b28.js:1:14434
     - Red Cabbage: 2 × 29.99 = 59.98 page-4966190e7ca45b28.js:1:14434
     - Carrots: 4 × 8.998 = 35.99 page-4966190e7ca45b28.js:1:14434
     - Onion: 1 × 7.5 = 7.50 page-4966190e7ca45b28.js:1:14434
     - FOMO 6: 125 × 0.32 = 40.00 page-4966190e7ca45b28.js:1:14434
     - Spice Mix: 0.4 × 70 = 28.00 page-4966190e7ca45b28.js:1:14434
     - Jimmy's SAUCE (Steakhouse): 2 × 63.5 = 127.00 page-4966190e7ca45b28.js:1:14434
     - Mayonnaise: 1.5 × 54.333 = 81.50 page-4966190e7ca45b28.js:1:14434
     - Potatoes: 10 × 9.999 = 99.99 page-4966190e7ca45b28.js:1:14434
     - Baby Marrow: 0.4 × 39.975 = 15.99 page-4966190e7ca45b28.js:1:14434
     - Red Pepper: 0.15 × 89.899 = 13.48 page-4966190e7ca45b28.js:1:14434
     - Green Pepper: 0.35 × 39.98 = 13.99 page-4966190e7ca45b28.js:1:14434
     - Spring Onion: 1 × 18.99 = 18.99 page-4966190e7ca45b28.js:1:14434
     - Raisins: 0.25 × 0 = 0.00 page-4966190e7ca45b28.js:1:14434
     - Chicken Drumsticks: 3.2 × 58.96 = 188.67 page-4966190e7ca45b28.js:1:14434
     - Score 500ml: 2 × 8.333 = 16.67 page-4966190e7ca45b28.js:1:14434
     - Ice-Tea 500ml: 1 × 16.5 = 16.50 page-4966190e7ca45b28.js:1:14434
     - Kingsize 300ml: 7 × 7.396 = 51.77 page-4966190e7ca45b28.js:1:14434
     - Still Water 500ml: 2 × 4.167 = 8.33 page-4966190e7ca45b28.js:1:14434
     - Sparkling 500ml : 1 × 6 = 6.00 page-4966190e7ca45b28.js:1:14434
     - Mahewu 500ml: 2 × 9.1 = 18.20 page-4966190e7ca45b28.js:1:14434
     - Soft Drink 2L: 3 × 23.667 = 71.00 page-4966190e7ca45b28.js:1:14434
     - Powerade 500ml: 1 × 13.167 = 13.17 page-4966190e7ca45b28.js:1:14434
     - Ginger shots 250ml : 2 × 30 = 60.00 page-4966190e7ca45b28.js:1:14434
     SUBTOTAL: 3313.82 page-4966190e7ca45b28.js:1:14530
  5551. DL-00233 (2026-01-28T00:00:00.000Z): page-4966190e7ca45b28.js:1:14168
     - All-Bran: 1 × 76 = 76.00 page-4966190e7ca45b28.js:1:14434
     - Apple: 2 × 33.327 = 66.65 page-4966190e7ca45b28.js:1:14434
     SUBTOTAL: 142.65 page-4966190e7ca45b28.js:1:14530
  5552. DL-00236 (2026-01-28T00:00:00.000Z): page-4966190e7ca45b28.js:1:14168
     - Makhaya Chicken: 3 × 100 = 300.00 page-4966190e7ca45b28.js:1:14434
     - Chicken: 1.7 × 45.105 = 76.68 page-4966190e7ca45b28.js:1:14434
     - Sweet-Chilli Sauce: 2 × 51 = 102.00 page-4966190e7ca45b28.js:1:14434
     - Eggs: 6 × 2 = 12.00 page-4966190e7ca45b28.js:1:14434
     - Sunny Milk: 1 × 16.667 = 16.67 page-4966190e7ca45b28.js:1:14434
     - Onion: 1 × 7.5 = 7.50 page-4966190e7ca45b28.js:1:14434
     - Green Beans: 0.9 × 56.633 = 50.97 page-4966190e7ca45b28.js:1:14434
     - Ice-Cream: 1.8 × 47.217 = 84.99 page-4966190e7ca45b28.js:1:14434
     - Red Pepper: 0.25 × 58.14 = 14.54 page-4966190e7ca45b28.js:1:14434
     - Yellow Pepper: 0.15 × 56.818 = 8.52 page-4966190e7ca45b28.js:1:14434
     - Tastic Rice: 1.6 × 18.4 = 29.44 page-4966190e7ca45b28.js:1:14434
     - Stainless Steal Polish: 0.5 × 161.98 = 80.99 page-4966190e7ca45b28.js:1:14434
     - Liqui Fruit Can 300ml: 16 × 10.25 = 164.00 page-4966190e7ca45b28.js:1:14434
     - Krush 200ML: 3 × 35.833 = 107.50 page-4966190e7ca45b28.js:1:14434
     - Carrots: 1 × 8.998 = 9.00 page-4966190e7ca45b28.js:1:14434
     SUBTOTAL: 1064.79 page-4966190e7ca45b28.js:1:14530
  5553. DL-00230 (2026-01-28T00:00:00.000Z): page-4966190e7ca45b28.js:1:14168
     - Yoghurt Bliss 150g: 1 × 14.49 = 14.49 page-4966190e7ca45b28.js:1:14434
     - Red Apples: 1 × 33.327 = 33.33 page-4966190e7ca45b28.js:1:14434
     SUBTOTAL: 47.82 page-4966190e7ca45b28.js:1:14530
  5554. DL-00235 (2026-01-28T00:00:00.000Z): page-4966190e7ca45b28.js:1:14168
     - Ox-tail: 4.4 × 120.04 = 528.18 page-4966190e7ca45b28.js:1:14434
     - Chicken: 1.8 × 45.105 = 81.19 page-4966190e7ca45b28.js:1:14434
     - Tastic Rice: 1 × 18.4 = 18.40 page-4966190e7ca45b28.js:1:14434
     - Tomato Paste: 1 × 72.667 = 72.67 page-4966190e7ca45b28.js:1:14434
     - Onion: 1 × 7.5 = 7.50 page-4966190e7ca45b28.js:1:14434
     - Beetroot: 1 × 9.998 = 10.00 page-4966190e7ca45b28.js:1:14434
     - Spinach: 4 × 10 = 40.00 page-4966190e7ca45b28.js:1:14434
     - Yellow Pepper: 0.4 × 56.818 = 22.73 page-4966190e7ca45b28.js:1:14434
     - Red Pepper: 0.3 × 58.14 = 17.44 page-4966190e7ca45b28.js:1:14434
     - Top Score Maize Meal: 1 × 12.2 = 12.20 page-4966190e7ca45b28.js:1:14434
     - Cream: 0.5 × 98.02 = 49.01 page-4966190e7ca45b28.js:1:14434
     - Sunny Milk: 1 × 16.667 = 16.67 page-4966190e7ca45b28.js:1:14434
     - Rama: 0.5 × 52.667 = 26.33 page-4966190e7ca45b28.js:1:14434
     - Still Water 500ml: 19 × 4.167 = 79.17 page-4966190e7ca45b28.js:1:14434
     - Nectarines: 1 × 29.99 = 29.99 page-4966190e7ca45b28.js:1:14434
     - Pears: 1 × 28.99 = 28.99 page-4966190e7ca45b28.js:1:14434
     - Yellow Gloves: 4 × 12 = 48.00 page-4966190e7ca45b28.js:1:14434
     - Steel Wool: 1 × 15.2 = 15.20 page-4966190e7ca45b28.js:1:14434
     - Pot Scourer: 6 × 1.111 = 6.67 page-4966190e7ca45b28.js:1:14434
     - Liqui Fruit Can 300ml: 3 × 10.25 = 30.75 page-4966190e7ca45b28.js:1:14434
     - Domestos 750ml : 2.25 × 42.667 = 96.00 page-4966190e7ca45b28.js:1:14434
     SUBTOTAL: 1237.08 page-4966190e7ca45b28.js:1:14530
  5555. DL-00237 (2026-01-28T00:00:00.000Z): page-4966190e7ca45b28.js:1:14168
     - Chicken: 8.5 × 45.105 = 383.39 page-4966190e7ca45b28.js:1:14434
     - Onion: 1 × 7.5 = 7.50 page-4966190e7ca45b28.js:1:14434
     - Eggs: 4 × 2 = 8.00 page-4966190e7ca45b28.js:1:14434
     - Cheese Slice: 5 × 3.056 = 15.28 page-4966190e7ca45b28.js:1:14434
     - Brown Bread: 1 × 13.99 = 13.99 page-4966190e7ca45b28.js:1:14434
     - White Bread: 1 × 16.29 = 16.29 page-4966190e7ca45b28.js:1:14434
     - Cremora: 0.375 × 68 = 25.50 page-4966190e7ca45b28.js:1:14434
     - Five Roses Tea: 10 × 0.64 = 6.40 page-4966190e7ca45b28.js:1:14434
     - Tastic Rice: 1 × 18.4 = 18.40 page-4966190e7ca45b28.js:1:14434
     SUBTOTAL: 494.75 page-4966190e7ca45b28.js:1:14530
  5556. DL-00238 (2026-01-28T00:00:00.000Z): page-4966190e7ca45b28.js:1:14168
     - Brown Bread: 1 × 13.99 = 13.99 page-4966190e7ca45b28.js:1:14434
     - White Bread: 1 × 16.29 = 16.29 page-4966190e7ca45b28.js:1:14434
     - Yeast 10g: 0.3 × 42.083 = 12.62 page-4966190e7ca45b28.js:1:14434
     - Rama: 1 × 52.667 = 52.67 page-4966190e7ca45b28.js:1:14434
     - Sunny Milk: 1 × 16.667 = 16.67 page-4966190e7ca45b28.js:1:14434
     - Eggs: 30 × 2 = 60.00 page-4966190e7ca45b28.js:1:14434
     - Cake Flour: 5 × 14.16 = 70.80 page-4966190e7ca45b28.js:1:14434
     - Brown Sugar: 1.25 × 17 = 21.25 page-4966190e7ca45b28.js:1:14434
     - White Sugar: 1 × 19.4 = 19.40 page-4966190e7ca45b28.js:1:14434
     - Cheese Slice: 6 × 3.056 = 18.34 page-4966190e7ca45b28.js:1:14434
     - Lettuce: 6 × 5 = 30.00 page-4966190e7ca45b28.js:1:14434
     - Tomatoes: 1 × 19.995 = 20.00 page-4966190e7ca45b28.js:1:14434
     - Smoothies: 72 × 0.279 = 20.09 page-4966190e7ca45b28.js:1:14434
     - Doritos 45g: 6 × 7.438 = 44.63 page-4966190e7ca45b28.js:1:14434
     - Chicken Burgers: 1 × 39.99 = 39.99 page-4966190e7ca45b28.js:1:14434
     - P.S. Bar 19g: 12 × 5 = 60.00 page-4966190e7ca45b28.js:1:14434
     - Beef Stewing: 5 × 136.99 = 684.95 page-4966190e7ca45b28.js:1:14434
     - Chicken: 5.6 × 45.105 = 252.59 page-4966190e7ca45b28.js:1:14434
     - Tastic Rice: 3.7 × 18.4 = 68.08 page-4966190e7ca45b28.js:1:14434
     - Potatoes: 20 × 9.999 = 199.98 page-4966190e7ca45b28.js:1:14434
     - Rajah (Medium): 0.1 × 200 = 20.00 page-4966190e7ca45b28.js:1:14434
     - Brocolli: 2 × 30.99 = 61.98 page-4966190e7ca45b28.js:1:14434
     - Onion: 1 × 7.5 = 7.50 page-4966190e7ca45b28.js:1:14434
     - Tomato Paste: 1 × 72.667 = 72.67 page-4966190e7ca45b28.js:1:14434
     - Red Pepper: 0.25 × 89.899 = 22.47 page-4966190e7ca45b28.js:1:14434
     - Yellow Pepper: 0.35 × 79.862 = 27.95 page-4966190e7ca45b28.js:1:14434
     - Cheddar Cheese: 0.05 × 180.885 = 9.04 page-4966190e7ca45b28.js:1:14434
     - Spray & Cook 300ml: 1 × 43 = 43.00 page-4966190e7ca45b28.js:1:14434
     - Dishwash Liquid: 5 × 12.32 = 61.60 page-4966190e7ca45b28.js:1:14434
     - Beef Chuck: 0.2 × 130.722 = 26.14 page-4966190e7ca45b28.js:1:14434
     - Domestos 750ml : 0.75 × 42.667 = 32.00 page-4966190e7ca45b28.js:1:14434
     - Soft Drink 300ml: 6 × 11.646 = 69.88 page-4966190e7ca45b28.js:1:14434
     - Liqui Fruit Can 300ml: 8 × 10.25 = 82.00 page-4966190e7ca45b28.js:1:14434
     - Liqui Fruit 1L: 1 × 22.917 = 22.92 page-4966190e7ca45b28.js:1:14434
     - Ice-Tea 500ml: 1 × 16.5 = 16.50 page-4966190e7ca45b28.js:1:14434
     - Kingsize 300ml: 6 × 7.396 = 44.38 page-4966190e7ca45b28.js:1:14434
     - Cabana: 2 × 13.167 = 26.33 page-4966190e7ca45b28.js:1:14434
     - Still Water 500ml: 2 × 4.167 = 8.33 page-4966190e7ca45b28.js:1:14434
     - Sparkling 500ml : 2 × 6 = 12.00 page-4966190e7ca45b28.js:1:14434
     - Soft Drink 1L: 2 × 16.375 = 32.75 page-4966190e7ca45b28.js:1:14434
     - Soft Drink 2L: 1 × 23.667 = 23.67 page-4966190e7ca45b28.js:1:14434
     - Powerade 500ml: 2 × 13.167 = 26.33 page-4966190e7ca45b28.js:1:14434
     - Ginger Shots 100ml: 2 × 20 = 40.00 page-4966190e7ca45b28.js:1:14434
     - Stimorol: 50 × 0.97 = 48.50 page-4966190e7ca45b28.js:1:14434
     - Green Pepper: 0.5 × 39.98 = 19.99 page-4966190e7ca45b28.js:1:14434
     SUBTOTAL: 2580.26 page-4966190e7ca45b28.js:1:14530
  5557. DL-00234 (2026-01-28T00:00:00.000Z): page-4966190e7ca45b28.js:1:14168
     - Brown Bread: 3 × 13.99 = 41.97 page-4966190e7ca45b28.js:1:14434
     - White Bread: 1 × 16.29 = 16.29 page-4966190e7ca45b28.js:1:14434
     - Mince Meat: 0.75 × 106.667 = 80.00 page-4966190e7ca45b28.js:1:14434
     - Sunny Milk: 3 × 16.665 = 49.99 page-4966190e7ca45b28.js:1:14434
     - Eggs: 37 × 1.978 = 73.19 page-4966190e7ca45b28.js:1:14434
     - Selati Brown Sugar: 100 × 0.26 = 26.00 page-4966190e7ca45b28.js:1:14434
     - Rooibos Sachets : 8 × 2.72 = 21.76 page-4966190e7ca45b28.js:1:14434
     - Ellis Brown Sachets 4g: 8 × 1.19 = 9.52 page-4966190e7ca45b28.js:1:14434
     - Onion: 1 × 7.5 = 7.50 page-4966190e7ca45b28.js:1:14434
     - Canderel Sugar: 9 × 0.655 = 5.90 page-4966190e7ca45b28.js:1:14434
     - Jungle Oats: 1 × 40 = 40.00 page-4966190e7ca45b28.js:1:14434
     - Top Score Maize Meal: 0.6 × 12.2 = 7.32 page-4966190e7ca45b28.js:1:14434
     - Brocolli: 1 × 30.99 = 30.99 page-4966190e7ca45b28.js:1:14434
     - Cauliflower: 1 × 26.99 = 26.99 page-4966190e7ca45b28.js:1:14434
     - Red Pepper: 0.25 × 58.14 = 14.54 page-4966190e7ca45b28.js:1:14434
     - Yellow Pepper: 0.4 × 56.818 = 22.73 page-4966190e7ca45b28.js:1:14434
     - Tomatoes: 1 × 19.995 = 20.00 page-4966190e7ca45b28.js:1:14434
     - Banana: 1.2 × 22.492 = 26.99 page-4966190e7ca45b28.js:1:14434
     - Still Water 500ml: 2 × 4.167 = 8.33 page-4966190e7ca45b28.js:1:14434
     - Krush 200ML: 3 × 35.833 = 107.50 page-4966190e7ca45b28.js:1:14434
     - All-Bran: 0.75 × 76 = 57.00 page-4966190e7ca45b28.js:1:14434
     - Liqui Fruit Can 300ml: 16 × 10.25 = 164.00 page-4966190e7ca45b28.js:1:14434
     - Plain Yoghurt 150G: 1 × 14.49 = 14.49 page-4966190e7ca45b28.js:1:14434
     SUBTOTAL: 872.99 page-4966190e7ca45b28.js:1:14530
  5558. DL-00232 (2026-01-27T00:00:00.000Z): page-4966190e7ca45b28.js:1:14168
     - Brown Bread: 1 × 13.99 = 13.99 page-4966190e7ca45b28.js:1:14434
     - White Bread: 1 × 16.29 = 16.29 page-4966190e7ca45b28.js:1:14434
     - Cake Flour: 5 × 14.16 = 70.80 page-4966190e7ca45b28.js:1:14434
     - Brown Sugar: 1.3 × 17.84 = 23.19 page-4966190e7ca45b28.js:1:14434
     - White Sugar: 1 × 19.4 = 19.40 page-4966190e7ca45b28.js:1:14434
     - Yeast 10g: 0.5 × 42.083 = 21.04 page-4966190e7ca45b28.js:1:14434
     - Rama: 1.5 × 50.667 = 76.00 page-4966190e7ca45b28.js:1:14434
     - Eggs: 18 × 1.978 = 35.60 page-4966190e7ca45b28.js:1:14434
     - Cheese Slice: 10 × 3.056 = 30.56 page-4966190e7ca45b28.js:1:14434
     - Lettuce: 1 × 5 = 5.00 page-4966190e7ca45b28.js:1:14434
     - Tomatoes: 1 × 19.995 = 20.00 page-4966190e7ca45b28.js:1:14434
     - Cooking Oil: 2 × 30 = 60.00 page-4966190e7ca45b28.js:1:14434
     - Umcenge Milk: 2 × 19.832 = 39.66 page-4966190e7ca45b28.js:1:14434
     - Coconut: 0.2 × 228.95 = 45.79 page-4966190e7ca45b28.js:1:14434
     - Selati Brown Sugar: 7 × 0.26 = 1.82 page-4966190e7ca45b28.js:1:14434
     - Ellis Brown Sachets 4g: 1 × 1.19 = 1.19 page-4966190e7ca45b28.js:1:14434
     - Nik-naks 135g: 3 × 12.636 = 37.91 page-4966190e7ca45b28.js:1:14434
     - P.S. Bar 19g: 12 × 5 = 60.00 page-4966190e7ca45b28.js:1:14434
     - Dishwash Liquid: 1.5 × 23.993 = 35.99 page-4966190e7ca45b28.js:1:14434
     - Beef Stewing: 3.9 × 136.99 = 534.26 page-4966190e7ca45b28.js:1:14434
     - Chicken: 7.25 × 45.105 = 327.01 page-4966190e7ca45b28.js:1:14434
     - Tastic Rice: 4 × 18.4 = 73.60 page-4966190e7ca45b28.js:1:14434
     - Butternut: 4 × 10 = 40.00 page-4966190e7ca45b28.js:1:14434
     - Spinach: 6 × 10 = 60.00 page-4966190e7ca45b28.js:1:14434
     - Macaroni: 0.5 × 33.6 = 16.80 page-4966190e7ca45b28.js:1:14434
     - Onion: 1 × 7.5 = 7.50 page-4966190e7ca45b28.js:1:14434
     - Spring Onion: 1 × 18.99 = 18.99 page-4966190e7ca45b28.js:1:14434
     - Sweet-Chilli Sauce: 2 × 71.414 = 142.83 page-4966190e7ca45b28.js:1:14434
     - Tomato Paste: 1 × 63.333 = 63.33 page-4966190e7ca45b28.js:1:14434
     - Potatoes: 10 × 9.999 = 99.99 page-4966190e7ca45b28.js:1:14434
     - Beef Chuck: 0.25 × 130.722 = 32.68 page-4966190e7ca45b28.js:1:14434
     - Pork Sliced: 0.25 × 93 = 23.25 page-4966190e7ca45b28.js:1:14434
     - Soft Drink 300ml: 8 × 11.646 = 93.17 page-4966190e7ca45b28.js:1:14434
     - Kingsize 300ml: 2 × 7.396 = 14.79 page-4966190e7ca45b28.js:1:14434
     - Liqui Fruit 1L: 1 × 22.917 = 22.92 page-4966190e7ca45b28.js:1:14434
     - Energade 500ml: 1 × 10.5 = 10.50 page-4966190e7ca45b28.js:1:14434
     - Ice-Tea 500ml: 3 × 16.5 = 49.50 page-4966190e7ca45b28.js:1:14434
     - Cabana: 5 × 13.167 = 65.83 page-4966190e7ca45b28.js:1:14434
     - Still Water 500ml: 1 × 4.167 = 4.17 page-4966190e7ca45b28.js:1:14434
     - Soft Drink 1L: 1 × 16.375 = 16.38 page-4966190e7ca45b28.js:1:14434
     - Soft Drink 2L: 2 × 22.5 = 45.00 page-4966190e7ca45b28.js:1:14434
     - Red-Bull 250ml: 2 × 0 = 0.00 page-4966190e7ca45b28.js:1:14434
     - Ginger Shots 100ml: 1 × 20 = 20.00 page-4966190e7ca45b28.js:1:14434
     - Ginger shots 250ml : 1 × 30 = 30.00 page-4966190e7ca45b28.js:1:14434
     - Liqui Fruit Can 300ml: 4 × 10.25 = 41.00 page-4966190e7ca45b28.js:1:14434
     SUBTOTAL: 2467.73 page-4966190e7ca45b28.js:1:14530
  5559. DL-00231 (2026-01-27T00:00:00.000Z): page-4966190e7ca45b28.js:1:14168
     - Chicken: 1 × 45.105 = 45.10 page-4966190e7ca45b28.js:1:14434
     - Brown Bread: 1 × 13.99 = 13.99 page-4966190e7ca45b28.js:1:14434
     - White Bread: 1 × 16.29 = 16.29 page-4966190e7ca45b28.js:1:14434
     - Tastic Rice: 1 × 18.4 = 18.40 page-4966190e7ca45b28.js:1:14434
     - Cheese Slice: 1 × 3.056 = 3.06 page-4966190e7ca45b28.js:1:14434
     - Rooibos Tea: 1 × 0.481 = 0.48 page-4966190e7ca45b28.js:1:14434
     - Sunny Milk: 1 × 16.665 = 16.66 page-4966190e7ca45b28.js:1:14434
     - Brown Sugar: 1 × 17.84 = 17.84 page-4966190e7ca45b28.js:1:14434
     - Eggs: 1 × 1.978 = 1.98 page-4966190e7ca45b28.js:1:14434
     SUBTOTAL: 133.81 page-4966190e7ca45b28.js:1:14530
  5560. DL-00228 (2026-01-27T00:00:00.000Z): page-4966190e7ca45b28.js:1:14168
     - Chicken: 3.65 × 45.105 = 164.63 page-4966190e7ca45b28.js:1:14434
     - Hake Fillet: 1.1 × 144.336 = 158.77 page-4966190e7ca45b28.js:1:14434
     - Macaroni: 0.5 × 33.6 = 16.80 page-4966190e7ca45b28.js:1:14434
     - Tastic Rice: 1 × 18.4 = 18.40 page-4966190e7ca45b28.js:1:14434
     - Butternut: 1 × 10 = 10.00 page-4966190e7ca45b28.js:1:14434
     - Onion: 1 × 7.5 = 7.50 page-4966190e7ca45b28.js:1:14434
     - Carrots: 1 × 8.998 = 9.00 page-4966190e7ca45b28.js:1:14434
     - Potatoes: 7 × 9.999 = 69.99 page-4966190e7ca45b28.js:1:14434
     - Brocolli: 4 × 30.99 = 123.96 page-4966190e7ca45b28.js:1:14434
     - Cauliflower: 2 × 26.99 = 53.98 page-4966190e7ca45b28.js:1:14434
     - Baby Marrow: 0.4 × 39.975 = 15.99 page-4966190e7ca45b28.js:1:14434
     - Top Score Maize Meal: 1.2 × 12.2 = 14.64 page-4966190e7ca45b28.js:1:14434
     - Cream: 0.5 × 98.02 = 49.01 page-4966190e7ca45b28.js:1:14434
     - Cheddar Cheese: 1.15 × 180.885 = 208.02 page-4966190e7ca45b28.js:1:14434
     - Mushrooms: 0.25 × 119.96 = 29.99 page-4966190e7ca45b28.js:1:14434
     - Sunny Milk: 1 × 16.665 = 16.66 page-4966190e7ca45b28.js:1:14434
     - Still Water 500ml: 24 × 4.167 = 100.01 page-4966190e7ca45b28.js:1:14434
     - Red Apples: 1.5 × 33.327 = 49.99 page-4966190e7ca45b28.js:1:14434
     - Nectarines: 2 × 29.99 = 59.98 page-4966190e7ca45b28.js:1:14434
     - Jelly: 0.08 × 324.75 = 25.98 page-4966190e7ca45b28.js:1:14434
     - Liqui Fruit Can 300ml: 2 × 10.25 = 20.50 page-4966190e7ca45b28.js:1:14434
     SUBTOTAL: 1223.81 page-4966190e7ca45b28.js:1:14530
  5561. DL-00227 (2026-01-27T00:00:00.000Z): page-4966190e7ca45b28.js:1:14168
     - Brown Bread: 3 × 13.99 = 41.97 page-4966190e7ca45b28.js:1:14434
     - White Bread: 1 × 16.29 = 16.29 page-4966190e7ca45b28.js:1:14434
     - Chicken Gizzards: 2 × 41.075 = 82.15 page-4966190e7ca45b28.js:1:14434
     - Mushrooms: 0.75 × 119.96 = 89.97 page-4966190e7ca45b28.js:1:14434
     - Selati Brown Sugar: 142 × 0.26 = 36.92 page-4966190e7ca45b28.js:1:14434
     - Rooibos Sachets : 11 × 2.72 = 29.92 page-4966190e7ca45b28.js:1:14434
     - Ellis Brown Sachets 4g: 11 × 1.19 = 13.09 page-4966190e7ca45b28.js:1:14434
     - Canderel Sugar: 3 × 0.655 = 1.97 page-4966190e7ca45b28.js:1:14434
     - Tomatoes: 1 × 19.995 = 20.00 page-4966190e7ca45b28.js:1:14434
     - Eggs: 34 × 1.978 = 67.25 page-4966190e7ca45b28.js:1:14434
     - Umcenge Milk: 3 × 19.832 = 59.50 page-4966190e7ca45b28.js:1:14434
     - Sunny Milk: 3 × 16.665 = 49.99 page-4966190e7ca45b28.js:1:14434
     - Jungle Oats: 1 × 40 = 40.00 page-4966190e7ca45b28.js:1:14434
     - Corn-flakes: 1 × 65 = 65.00 page-4966190e7ca45b28.js:1:14434
     - Top Score Maize Meal: 1.2 × 12.2 = 14.64 page-4966190e7ca45b28.js:1:14434
     - Emabele: 1.5 × 16 = 24.00 page-4966190e7ca45b28.js:1:14434
     - Jam Hugos AIO: 0.9 × 47.767 = 42.99 page-4966190e7ca45b28.js:1:14434
     - Yoghurt Bliss 150g: 4 × 14.49 = 57.96 page-4966190e7ca45b28.js:1:14434
     - Krush 200ML: 5 × 35.833 = 179.16 page-4966190e7ca45b28.js:1:14434
     - Mini Butter 7g: 0.18 × 2.29 = 0.41 page-4966190e7ca45b28.js:1:14434
     - Lettuce: 1 × 5 = 5.00 page-4966190e7ca45b28.js:1:14434
     - Cheese Slice: 4 × 3.056 = 12.22 page-4966190e7ca45b28.js:1:14434
     - Soy Milk: 1 × 44.99 = 44.99 page-4966190e7ca45b28.js:1:14434
     - Liqui Fruit Can 300ml: 20 × 10.25 = 205.00 page-4966190e7ca45b28.js:1:14434
     - Rye-bread: 1 × 19.99 = 19.99 page-4966190e7ca45b28.js:1:14434
     SUBTOTAL: 1220.38 page-4966190e7ca45b28.js:1:14530
  5562. DL-00229 (2026-01-27T00:00:00.000Z): page-4966190e7ca45b28.js:1:14168
     - Chicken: 1 × 45.105 = 45.10 page-4966190e7ca45b28.js:1:14434
     - Mega Maize Rice: 1 × 18.4 = 18.40 page-4966190e7ca45b28.js:1:14434
     - Top Score Maize Meal: 1 × 12.2 = 12.20 page-4966190e7ca45b28.js:1:14434
     - Brocolli: 1 × 30.99 = 30.99 page-4966190e7ca45b28.js:1:14434
     - Cauliflower: 1 × 26.99 = 26.99 page-4966190e7ca45b28.js:1:14434
     - Yellow Pepper: 1 × 56.818 = 56.82 page-4966190e7ca45b28.js:1:14434
     - Red Pepper: 1 × 58.14 = 58.14 page-4966190e7ca45b28.js:1:14434
     - Hake Fillet: 1 × 144.336 = 144.34 page-4966190e7ca45b28.js:1:14434
     - Baby Marrow: 1 × 39.975 = 39.98 page-4966190e7ca45b28.js:1:14434
     - Onion: 1 × 7.5 = 7.50 page-4966190e7ca45b28.js:1:14434
     - Cake Flour: 1 × 14.16 = 14.16 page-4966190e7ca45b28.js:1:14434
     - Sunny Milk: 1 × 16.665 = 16.66 page-4966190e7ca45b28.js:1:14434
     - Still Water 500ml: 1 × 4.167 = 4.17 page-4966190e7ca45b28.js:1:14434
     - Krush 200ML: 1 × 35.833 = 35.83 page-4966190e7ca45b28.js:1:14434
     SUBTOTAL: 511.28 page-4966190e7ca45b28.js:1:14530
  5563. DL-00226 (2026-01-26T00:00:00.000Z): page-4966190e7ca45b28.js:1:14168
     - Brown Bread: 1 × 13.99 = 13.99 page-4966190e7ca45b28.js:1:14434
     - White Bread: 1 × 16.29 = 16.29 page-4966190e7ca45b28.js:1:14434
     - Rama: 1 × 50.667 = 50.67 page-4966190e7ca45b28.js:1:14434
     - Yeast 10g: 0.05 × 42.083 = 2.10 page-4966190e7ca45b28.js:1:14434
     - Cake Flour: 5 × 14.16 = 70.80 page-4966190e7ca45b28.js:1:14434
     - Brown Sugar: 1.3 × 17.84 = 23.19 page-4966190e7ca45b28.js:1:14434
     - White Sugar: 1 × 19.4 = 19.40 page-4966190e7ca45b28.js:1:14434
     - Ham: 0.5 × 112.995 = 56.50 page-4966190e7ca45b28.js:1:14434
     - Bacon: 0.5 × 88.35 = 44.17 page-4966190e7ca45b28.js:1:14434
     - Eggs: 18 × 1.978 = 35.60 page-4966190e7ca45b28.js:1:14434
     - Umcenge Milk: 1 × 18.333 = 18.33 page-4966190e7ca45b28.js:1:14434
     - Emasi: 2 × 14.995 = 29.99 page-4966190e7ca45b28.js:1:14434
     - Cream: 0.5 × 98.02 = 49.01 page-4966190e7ca45b28.js:1:14434
     - Tomatoes: 1 × 18.745 = 18.75 page-4966190e7ca45b28.js:1:14434
     - Cooking Oil: 3 × 30 = 90.00 page-4966190e7ca45b28.js:1:14434
     - Russian: 1 × 101.649 = 101.65 page-4966190e7ca45b28.js:1:14434
     - Smoothies: 72 × 0.279 = 20.09 page-4966190e7ca45b28.js:1:14434
     - Eclairs: 50 × 0.53 = 26.50 page-4966190e7ca45b28.js:1:14434
     - Halls: 144 × 0.35 = 50.40 page-4966190e7ca45b28.js:1:14434
     - Nik-Naks 50g: 2 × 5.583 = 11.17 page-4966190e7ca45b28.js:1:14434
     - Beef Stewing: 3.5 × 136.99 = 479.47 page-4966190e7ca45b28.js:1:14434
     - Chicken: 8 × 45.105 = 360.84 page-4966190e7ca45b28.js:1:14434
     - Tastic Rice: 3 × 18.4 = 55.20 page-4966190e7ca45b28.js:1:14434
     - Mega Star Samp: 0.4 × 14.6 = 5.84 page-4966190e7ca45b28.js:1:14434
     - Onion: 1 × 7.5 = 7.50 page-4966190e7ca45b28.js:1:14434
     - Spice Mix: 0.4 × 70 = 28.00 page-4966190e7ca45b28.js:1:14434
     - Potatoes: 7 × 7.5 = 52.50 page-4966190e7ca45b28.js:1:14434
     - Beetroot: 3 × 9.998 = 29.99 page-4966190e7ca45b28.js:1:14434
     - Brocolli: 1 × 30.99 = 30.99 page-4966190e7ca45b28.js:1:14434
     - Exotic Six 4 All: 0.5 × 83 = 41.50 page-4966190e7ca45b28.js:1:14434
     - FOMO 40: 75 × 0.66 = 49.50 page-4966190e7ca45b28.js:1:14434
     - Fomo 5: 125 × 0.308 = 38.50 page-4966190e7ca45b28.js:1:14434
     - Oven Cleaner: 1 × 135.98 = 135.98 page-4966190e7ca45b28.js:1:14434
     - Soft Drink 300ml: 9 × 11.646 = 104.81 page-4966190e7ca45b28.js:1:14434
     - Liqui Fruit 1L: 1 × 22.917 = 22.92 page-4966190e7ca45b28.js:1:14434
     - Score 500ml: 1 × 8.333 = 8.33 page-4966190e7ca45b28.js:1:14434
     - Ice-Tea 500ml: 2 × 16.5 = 33.00 page-4966190e7ca45b28.js:1:14434
     - Cabana: 4 × 13.167 = 52.67 page-4966190e7ca45b28.js:1:14434
     - Sparkling 500ml : 4 × 6 = 24.00 page-4966190e7ca45b28.js:1:14434
     - Mahewu 500ml: 2 × 9.1 = 18.20 page-4966190e7ca45b28.js:1:14434
     - Soft Drink 1L: 2 × 16.375 = 32.75 page-4966190e7ca45b28.js:1:14434
     - Soft Drink 2L: 3 × 22.5 = 67.50 page-4966190e7ca45b28.js:1:14434
     - Powerade 500ml: 3 × 13.167 = 39.50 page-4966190e7ca45b28.js:1:14434
     - Red-Bull 250ml: 1 × 0 = 0.00 page-4966190e7ca45b28.js:1:14434
     - Ginger Shots 100ml: 1 × 20 = 20.00 page-4966190e7ca45b28.js:1:14434
     - Ginger shots 250ml : 2 × 30 = 60.00 page-4966190e7ca45b28.js:1:14434
     SUBTOTAL: 2548.09 page-4966190e7ca45b28.js:1:14530
  5564. DL-00224 (2026-01-26T00:00:00.000Z): page-4966190e7ca45b28.js:1:14168
     - Yoghurt Bliss 150g: 12 × 14.49 = 173.88 page-4966190e7ca45b28.js:1:14434
     - Liqui Fruit Can 300ml: 12 × 10.25 = 123.00 page-4966190e7ca45b28.js:1:14434
     - Plain Yoghurt 150G: 1 × 14.49 = 14.49 page-4966190e7ca45b28.js:1:14434
     - Pears: 1 × 19.99 = 19.99 page-4966190e7ca45b28.js:1:14434
     SUBTOTAL: 331.36 page-4966190e7ca45b28.js:1:14530
  5565. DL-00223 (2026-01-26T00:00:00.000Z): page-4966190e7ca45b28.js:1:14168
     - Chicken: 9 × 45.105 = 405.94 page-4966190e7ca45b28.js:1:14434
     - Tastic Rice: 1.5 × 18.4 = 27.60 page-4966190e7ca45b28.js:1:14434
     - Potatoes: 10 × 7.5 = 75.00 page-4966190e7ca45b28.js:1:14434
     - Brocolli: 1 × 30.99 = 30.99 page-4966190e7ca45b28.js:1:14434
     - Baby Marrow: 0.4 × 49.975 = 19.99 page-4966190e7ca45b28.js:1:14434
     - Top Score Maize Meal: 1.35 × 12.2 = 16.47 page-4966190e7ca45b28.js:1:14434
     - Exotic Six 4 All: 0.5 × 83 = 41.50 page-4966190e7ca45b28.js:1:14434
     - Cooking Oil: 2 × 30 = 60.00 page-4966190e7ca45b28.js:1:14434
     - Tomatoes: 1 × 18.745 = 18.75 page-4966190e7ca45b28.js:1:14434
     - Beef Chuck: 0.25 × 130.722 = 32.68 page-4966190e7ca45b28.js:1:14434
     - Liqui Fruit Can 300ml: 124 × 10.25 = 1271.00 page-4966190e7ca45b28.js:1:14434
     - Krush 200ML: 8 × 35.833 = 286.66 page-4966190e7ca45b28.js:1:14434
     - Hake Fillet: 0.5 × 144.336 = 72.17 page-4966190e7ca45b28.js:1:14434
     - Cucumber: 1 × 10 = 10.00 page-4966190e7ca45b28.js:1:14434
     - Plain Yoghurt 150G: 1 × 14.49 = 14.49 page-4966190e7ca45b28.js:1:14434
     - Refuse Bag Roll: 1 × 27.9 = 27.90 page-4966190e7ca45b28.js:1:14434
     SUBTOTAL: 2411.14 page-4966190e7ca45b28.js:1:14530
  5566. DL-00208 (2026-01-26T00:00:00.000Z): page-4966190e7ca45b28.js:1:14168
     - Yoghurt Bliss 150g: 3 × 14.49 = 43.47 page-4966190e7ca45b28.js:1:14434
     - Liqui Fruit Can 300ml: 3 × 10.25 = 30.75 page-4966190e7ca45b28.js:1:14434
     - Banana: 1.2 × 25.667 = 30.80 page-4966190e7ca45b28.js:1:14434
     SUBTOTAL: 105.02 page-4966190e7ca45b28.js:1:14530
  5567. DL-00225 (2026-01-26T00:00:00.000Z): page-4966190e7ca45b28.js:1:14168
     - Chicken: 5.15 × 45.105 = 232.29 page-4966190e7ca45b28.js:1:14434
     - Braai Wors: 2 × 129.995 = 259.99 page-4966190e7ca45b28.js:1:14434
     - Eggs: 8 × 1.978 = 15.82 page-4966190e7ca45b28.js:1:14434
     - Tastic Rice: 1 × 18.4 = 18.40 page-4966190e7ca45b28.js:1:14434
     - Cheese Slice: 5 × 3.056 = 15.28 page-4966190e7ca45b28.js:1:14434
     SUBTOTAL: 541.78 page-4966190e7ca45b28.js:1:14530
  5568. DL-00209 (2026-01-26T00:00:00.000Z): page-4966190e7ca45b28.js:1:14168
     - Brown Bread: 1 × 13.99 = 13.99 page-4966190e7ca45b28.js:1:14434
     - White Bread: 1 × 16.29 = 16.29 page-4966190e7ca45b28.js:1:14434
     - Cheese Slice: 1 × 3.056 = 3.06 page-4966190e7ca45b28.js:1:14434
     - Eggs: 1 × 1.978 = 1.98 page-4966190e7ca45b28.js:1:14434
     - Rama: 1 × 50.667 = 50.67 page-4966190e7ca45b28.js:1:14434
     - Yeast 10g: 1 × 42.083 = 42.08 page-4966190e7ca45b28.js:1:14434
     - Cake Flour: 1 × 14.16 = 14.16 page-4966190e7ca45b28.js:1:14434
     - Brown Sugar: 1 × 17.84 = 17.84 page-4966190e7ca45b28.js:1:14434
     - White Sugar: 1 × 19.4 = 19.40 page-4966190e7ca45b28.js:1:14434
     - Vinegar Sachet: 1 × 0.158 = 0.16 page-4966190e7ca45b28.js:1:14434
     - Vinegar: 1 × 29.5 = 29.50 page-4966190e7ca45b28.js:1:14434
     - Umcenge Milk: 1 × 18.333 = 18.33 page-4966190e7ca45b28.js:1:14434
     - Mayonnaise: 1 × 62.997 = 63.00 page-4966190e7ca45b28.js:1:14434
     - Cream: 1 × 98.02 = 98.02 page-4966190e7ca45b28.js:1:14434
     - Bacon: 1 × 88.35 = 88.35 page-4966190e7ca45b28.js:1:14434
     - Cooking Oil: 1 × 30 = 30.00 page-4966190e7ca45b28.js:1:14434
     - Lettuce: 1 × 5 = 5.00 page-4966190e7ca45b28.js:1:14434
     - Russian: 1 × 101.649 = 101.65 page-4966190e7ca45b28.js:1:14434
     - FOMO 40: 1 × 0.66 = 0.66 page-4966190e7ca45b28.js:1:14434
     - Nik-Naks 50g: 1 × 5.583 = 5.58 page-4966190e7ca45b28.js:1:14434
     - Beef Stewing: 1 × 136.99 = 136.99 page-4966190e7ca45b28.js:1:14434
     - Chicken: 1 × 45.105 = 45.10 page-4966190e7ca45b28.js:1:14434
     - Tastic Rice: 1 × 18.4 = 18.40 page-4966190e7ca45b28.js:1:14434
     - Exotic Tumeric: 1 × 82 = 82.00 page-4966190e7ca45b28.js:1:14434
     - Spice Mix: 1 × 70 = 70.00 page-4966190e7ca45b28.js:1:14434
     - Beetroot: 1 × 9.998 = 10.00 page-4966190e7ca45b28.js:1:14434
     - Exotic Paprika: 1 × 124 = 124.00 page-4966190e7ca45b28.js:1:14434
     - Robot Pepper: 1 × 44.99 = 44.99 page-4966190e7ca45b28.js:1:14434
     - Potatoes: 1 × 7.5 = 7.50 page-4966190e7ca45b28.js:1:14434
     - Beef Chuck: 1 × 130.722 = 130.72 page-4966190e7ca45b28.js:1:14434
     - Green Pepper: 1 × 25.98 = 25.98 page-4966190e7ca45b28.js:1:14434
     - Onion: 1 × 7.5 = 7.50 page-4966190e7ca45b28.js:1:14434
     - Pork Chops: 1 × 103.73 = 103.73 page-4966190e7ca45b28.js:1:14434
     - Spur Ribs: 1 × 123.876 = 123.88 page-4966190e7ca45b28.js:1:14434
     - Rajah (Hot): 1 × 32.7 = 32.70 page-4966190e7ca45b28.js:1:14434
     - Rajah (Medium): 1 × 200 = 200.00 page-4966190e7ca45b28.js:1:14434
     - Selati Brown Sugar: 1 × 0.26 = 0.26 page-4966190e7ca45b28.js:1:14434
     - Soft Drink 300ml: 1 × 11.646 = 11.65 page-4966190e7ca45b28.js:1:14434
     SUBTOTAL: 1795.11 page-4966190e7ca45b28.js:1:14530
  5569. DL-00221 (2026-01-26T00:00:00.000Z): page-4966190e7ca45b28.js:1:14168
     - Brown Bread: 3 × 13.99 = 41.97 page-4966190e7ca45b28.js:1:14434
     - White Bread: 1 × 16.29 = 16.29 page-4966190e7ca45b28.js:1:14434
     - Pork Sausages: 2 × 96.99 = 193.98 page-4966190e7ca45b28.js:1:14434
     - Beef Sausages: 1 × 160 = 160.00 page-4966190e7ca45b28.js:1:14434
     - Eggs: 15 × 1.978 = 29.67 page-4966190e7ca45b28.js:1:14434
     - Umcenge Milk: 5 × 18.333 = 91.66 page-4966190e7ca45b28.js:1:14434
     - Top Score Maize Meal: 0.6 × 12.2 = 7.32 page-4966190e7ca45b28.js:1:14434
     - Ham: 0.5 × 112.995 = 56.50 page-4966190e7ca45b28.js:1:14434
     - Ellis Brown Sachets 4g: 5 × 1.19 = 5.95 page-4966190e7ca45b28.js:1:14434
     - Selati Brown Sugar: 95 × 0.26 = 24.70 page-4966190e7ca45b28.js:1:14434
     - Rooibos Sachets : 5 × 2.72 = 13.60 page-4966190e7ca45b28.js:1:14434
     - Canderel Sugar: 1 × 0.655 = 0.66 page-4966190e7ca45b28.js:1:14434
     - Lettuce: 1 × 5 = 5.00 page-4966190e7ca45b28.js:1:14434
     - Cheese Slice: 16 × 3.056 = 48.90 page-4966190e7ca45b28.js:1:14434
     - Tomatoes: 1 × 18.745 = 18.75 page-4966190e7ca45b28.js:1:14434
     - Rama: 0.5 × 50.667 = 25.33 page-4966190e7ca45b28.js:1:14434
     - Koo Beans 410g: 3 × 14.167 = 42.50 page-4966190e7ca45b28.js:1:14434
     - Cooking Oil: 1 × 30 = 30.00 page-4966190e7ca45b28.js:1:14434
     - Emabele: 0.2 × 16 = 3.20 page-4966190e7ca45b28.js:1:14434
     - Liqui Fruit Can 300ml: 18 × 10.25 = 184.50 page-4966190e7ca45b28.js:1:14434
     - Still Water 500ml: 6 × 4.167 = 25.00 page-4966190e7ca45b28.js:1:14434
     - Krush 200ML: 3 × 35.833 = 107.50 page-4966190e7ca45b28.js:1:14434
     - Bacon: 0.5 × 88.35 = 44.17 page-4966190e7ca45b28.js:1:14434
     SUBTOTAL: 1177.15 page-4966190e7ca45b28.js:1:14530
  5570. DL-00222 (2026-01-26T00:00:00.000Z): page-4966190e7ca45b28.js:1:14168
     - Lamb: 1.8 × 180.252 = 324.45 page-4966190e7ca45b28.js:1:14434
     - Chicken: 5.4 × 45.105 = 243.57 page-4966190e7ca45b28.js:1:14434
     - Spice Mix: 0.4 × 70 = 28.00 page-4966190e7ca45b28.js:1:14434
     - Cooking Oil: 1 × 30 = 30.00 page-4966190e7ca45b28.js:1:14434
     - Onion: 1.5 × 7.5 = 11.25 page-4966190e7ca45b28.js:1:14434
     - Beetroot: 2 × 9.998 = 20.00 page-4966190e7ca45b28.js:1:14434
     - Tastic Rice: 1 × 18.4 = 18.40 page-4966190e7ca45b28.js:1:14434
     - Top Score Maize Meal: 1 × 12.2 = 12.20 page-4966190e7ca45b28.js:1:14434
     - Potatoes: 3 × 7.5 = 22.50 page-4966190e7ca45b28.js:1:14434
     - Mega Star Samp: 0.8 × 14.6 = 11.68 page-4966190e7ca45b28.js:1:14434
     - Hake Fillet: 0.1 × 144.336 = 14.43 page-4966190e7ca45b28.js:1:14434
     - Cream: 0.5 × 98.02 = 49.01 page-4966190e7ca45b28.js:1:14434
     - Still Water 500ml: 24 × 4.167 = 100.01 page-4966190e7ca45b28.js:1:14434
     - Pears: 1 × 19.99 = 19.99 page-4966190e7ca45b28.js:1:14434
     - Nectarines: 1 × 29.99 = 29.99 page-4966190e7ca45b28.js:1:14434
     - Red Apples: 1 × 16.667 = 16.67 page-4966190e7ca45b28.js:1:14434
     - Soft Drink 300ml: 3 × 11.646 = 34.94 page-4966190e7ca45b28.js:1:14434
     SUBTOTAL: 987.08 page-4966190e7ca45b28.js:1:14530
  5571. DL-00217 (2026-01-25T00:00:00.000Z): page-4966190e7ca45b28.js:1:14168
     - Chicken: 1.8 × 45.105 = 81.19 page-4966190e7ca45b28.js:1:14434
     - Beef Chuck: 1.2 × 130.722 = 156.87 page-4966190e7ca45b28.js:1:14434
     - Braai Wors: 2 × 129.995 = 259.99 page-4966190e7ca45b28.js:1:14434
     - Spice Mix: 0.4 × 70 = 28.00 page-4966190e7ca45b28.js:1:14434
     - Pork Chops: 2.4 × 103.73 = 248.95 page-4966190e7ca45b28.js:1:14434
     - Top Score Maize Meal: 1.45 × 12.2 = 17.69 page-4966190e7ca45b28.js:1:14434
     - Tastic Rice: 1.2 × 18.4 = 22.08 page-4966190e7ca45b28.js:1:14434
     - Potatoes: 5 × 7.5 = 37.50 page-4966190e7ca45b28.js:1:14434
     - Lettuce: 2 × 5 = 10.00 page-4966190e7ca45b28.js:1:14434
     - Koo Beans 410g: 3 × 14.167 = 42.50 page-4966190e7ca45b28.js:1:14434
     - Tomatoes: 1 × 18.745 = 18.75 page-4966190e7ca45b28.js:1:14434
     - Tomato Sauce: 0.7 × 50 = 35.00 page-4966190e7ca45b28.js:1:14434
     - Still Water 500ml: 23 × 4.167 = 95.84 page-4966190e7ca45b28.js:1:14434
     - Liqui Fruit Can 300ml: 1 × 10.25 = 10.25 page-4966190e7ca45b28.js:1:14434
     - Onion: 1 × 7.5 = 7.50 page-4966190e7ca45b28.js:1:14434
     SUBTOTAL: 1072.10 page-4966190e7ca45b28.js:1:14530
  5572. DL-00220 (2026-01-25T00:00:00.000Z): page-4966190e7ca45b28.js:1:14168
     - Brown Bread: 1 × 13.99 = 13.99 page-4966190e7ca45b28.js:1:14434
     - White Bread: 1 × 16.29 = 16.29 page-4966190e7ca45b28.js:1:14434
     - Eggs: 4 × 1.978 = 7.91 page-4966190e7ca45b28.js:1:14434
     - Lettuce: 1 × 5 = 5.00 page-4966190e7ca45b28.js:1:14434
     - Cooking Oil: 4 × 30 = 120.00 page-4966190e7ca45b28.js:1:14434
     - Cake Flour: 2.5 × 14.16 = 35.40 page-4966190e7ca45b28.js:1:14434
     - Yeast 10g: 0.03 × 42.083 = 1.26 page-4966190e7ca45b28.js:1:14434
     - Rama: 0.5 × 50.667 = 25.33 page-4966190e7ca45b28.js:1:14434
     - Brown Sugar: 0.8 × 17.84 = 14.27 page-4966190e7ca45b28.js:1:14434
     - Soft Drink 2L: 3 × 22.5 = 67.50 page-4966190e7ca45b28.js:1:14434
     - Cabana: 1 × 13.167 = 13.17 page-4966190e7ca45b28.js:1:14434
     - Liqui Fruit Can 300ml: 1 × 10.25 = 10.25 page-4966190e7ca45b28.js:1:14434
     - Nik-Naks 50g: 3 × 5.583 = 16.75 page-4966190e7ca45b28.js:1:14434
     - Chicken: 5 × 45.105 = 225.52 page-4966190e7ca45b28.js:1:14434
     - Tastic Rice: 1 × 18.4 = 18.40 page-4966190e7ca45b28.js:1:14434
     - Koo Beans 410g: 2 × 14.167 = 28.33 page-4966190e7ca45b28.js:1:14434
     - Spice Mix: 0.4 × 70 = 28.00 page-4966190e7ca45b28.js:1:14434
     SUBTOTAL: 647.38 page-4966190e7ca45b28.js:1:14530
  5573. DL-00216 (2026-01-25T00:00:00.000Z): page-4966190e7ca45b28.js:1:14168
     - Brown Bread: 2 × 13.99 = 27.98 page-4966190e7ca45b28.js:1:14434
     - White Bread: 1 × 16.29 = 16.29 page-4966190e7ca45b28.js:1:14434
     - Ox-Liver: 1.64 × 70.574 = 115.74 page-4966190e7ca45b28.js:1:14434
     - Top Score Maize Meal: 1.3 × 12.2 = 15.86 page-4966190e7ca45b28.js:1:14434
     - Umcenge Milk: 4 × 18.333 = 73.33 page-4966190e7ca45b28.js:1:14434
     - Eggs: 30 × 1.978 = 59.34 page-4966190e7ca45b28.js:1:14434
     - Canderel Sugar: 3 × 0.655 = 1.97 page-4966190e7ca45b28.js:1:14434
     - Ellis Brown Sachets 4g: 7 × 1.19 = 8.33 page-4966190e7ca45b28.js:1:14434
     - Selati Brown Sugar: 106 × 0.26 = 27.56 page-4966190e7ca45b28.js:1:14434
     - Rooibos Sachets : 8 × 2.72 = 21.76 page-4966190e7ca45b28.js:1:14434
     - Green Pepper: 0.39 × 25.98 = 10.13 page-4966190e7ca45b28.js:1:14434
     - Jungle Oats: 1 × 40 = 40.00 page-4966190e7ca45b28.js:1:14434
     - Weet-Bix 900g: 1 × 51.111 = 51.11 page-4966190e7ca45b28.js:1:14434
     - Liqui Fruit Can 300ml: 17 × 10.25 = 174.25 page-4966190e7ca45b28.js:1:14434
     - Plain Yoghurt 150G: 3 × 14.49 = 43.47 page-4966190e7ca45b28.js:1:14434
     - Krush 200ML: 4 × 35.833 = 143.33 page-4966190e7ca45b28.js:1:14434
     - Mini Butter 7g: 0.12 × 2.29 = 0.27 page-4966190e7ca45b28.js:1:14434
     SUBTOTAL: 830.73 page-4966190e7ca45b28.js:1:14530
  5574. DL-00218 (2026-01-25T00:00:00.000Z): page-4966190e7ca45b28.js:1:14168
     - Makhaya Chicken: 4 × 100 = 400.00 page-4966190e7ca45b28.js:1:14434
     - Chicken: 1.6 × 45.105 = 72.17 page-4966190e7ca45b28.js:1:14434
     - Eggs: 6 × 1.978 = 11.87 page-4966190e7ca45b28.js:1:14434
     - Umcenge Milk: 1 × 18.333 = 18.33 page-4966190e7ca45b28.js:1:14434
     - Baby Marrow: 0.8 × 49.975 = 39.98 page-4966190e7ca45b28.js:1:14434
     - Carrots: 2 × 8 = 16.00 page-4966190e7ca45b28.js:1:14434
     - Green Beans: 0.6 × 54.257 = 32.55 page-4966190e7ca45b28.js:1:14434
     - Tastic Rice: 1 × 18.4 = 18.40 page-4966190e7ca45b28.js:1:14434
     - Top Score Maize Meal: 1.3 × 12.2 = 15.86 page-4966190e7ca45b28.js:1:14434
     - Onion: 1 × 7.5 = 7.50 page-4966190e7ca45b28.js:1:14434
     - Still Water 500ml: 2 × 4.167 = 8.33 page-4966190e7ca45b28.js:1:14434
     - Liqui Fruit Can 300ml: 21 × 10.25 = 215.25 page-4966190e7ca45b28.js:1:14434
     - Krush 200ML: 3 × 35.833 = 107.50 page-4966190e7ca45b28.js:1:14434
     SUBTOTAL: 963.75 page-4966190e7ca45b28.js:1:14530
  5575. DL-00219 (2026-01-25T00:00:00.000Z): page-4966190e7ca45b28.js:1:14168
     - Jelly: 0.16 × 324.75 = 51.96 page-4966190e7ca45b28.js:1:14434
     - Yoghurt Bliss 150g: 1 × 14.49 = 14.49 page-4966190e7ca45b28.js:1:14434
     - Tennis Biscuits 200g: 1 × 21.67 = 21.67 page-4966190e7ca45b28.js:1:14434
     - Ultra-mel: 1 × 24.96 = 24.96 page-4966190e7ca45b28.js:1:14434
     - Blueberries: 0.125 × 263.92 = 32.99 page-4966190e7ca45b28.js:1:14434
     - Strawberries: 0.5 × 199.96 = 99.98 page-4966190e7ca45b28.js:1:14434
     - Plain Yoghurt 150G: 1 × 14.49 = 14.49 page-4966190e7ca45b28.js:1:14434
     SUBTOTAL: 260.54 page-4966190e7ca45b28.js:1:14530
  5576. DL-00213 (2026-01-24T00:00:00.000Z): page-4966190e7ca45b28.js:1:14168
     - Brown Sugar: 1 × 17.84 = 17.84 page-4966190e7ca45b28.js:1:14434
     - Umcenge Milk: 1 × 18.333 = 18.33 page-4966190e7ca45b28.js:1:14434
     - Cheese Slice: 4 × 3.056 = 12.22 page-4966190e7ca45b28.js:1:14434
     - Eggs: 3 × 1.978 = 5.93 page-4966190e7ca45b28.js:1:14434
     - Braai Wors: 2 × 129.995 = 259.99 page-4966190e7ca45b28.js:1:14434
     - Chicken: 3.5 × 45.105 = 157.87 page-4966190e7ca45b28.js:1:14434
     - Tastic Rice: 1.5 × 18.4 = 27.60 page-4966190e7ca45b28.js:1:14434
     - White Bread: 1 × 16.29 = 16.29 page-4966190e7ca45b28.js:1:14434
     SUBTOTAL: 516.08 page-4966190e7ca45b28.js:1:14530
  5577. DL-00211 (2026-01-24T00:00:00.000Z): page-4966190e7ca45b28.js:1:14168
     - Chicken: 5.6 × 45.105 = 252.59 page-4966190e7ca45b28.js:1:14434
     - Spur Ribs: 2.85 × 123.876 = 353.05 page-4966190e7ca45b28.js:1:14434
     - Tastic Rice: 1 × 18.4 = 18.40 page-4966190e7ca45b28.js:1:14434
     - Cooking Oil: 2 × 30 = 60.00 page-4966190e7ca45b28.js:1:14434
     - Lettuce: 2 × 5 = 10.00 page-4966190e7ca45b28.js:1:14434
     - Cucumber: 1 × 10 = 10.00 page-4966190e7ca45b28.js:1:14434
     - Tomatoes: 1 × 18.745 = 18.75 page-4966190e7ca45b28.js:1:14434
     - Brocolli: 1 × 30.99 = 30.99 page-4966190e7ca45b28.js:1:14434
     - Hake Fillet: 0.2 × 144.336 = 28.87 page-4966190e7ca45b28.js:1:14434
     - Top Score Maize Meal: 1 × 12.2 = 12.20 page-4966190e7ca45b28.js:1:14434
     - Potatoes: 10 × 7.5 = 75.00 page-4966190e7ca45b28.js:1:14434
     - Still Water 500ml: 23 × 4.167 = 95.84 page-4966190e7ca45b28.js:1:14434
     - Liqui Fruit Can 300ml: 5 × 10.25 = 51.25 page-4966190e7ca45b28.js:1:14434
     - Peaches: 1 × 0 = 0.00 page-4966190e7ca45b28.js:1:14434
     - Onion: 1 × 7.5 = 7.50 page-4966190e7ca45b28.js:1:14434
     - Soft Drink 300ml: 2 × 11.646 = 23.29 page-4966190e7ca45b28.js:1:14434
     SUBTOTAL: 1047.72 page-4966190e7ca45b28.js:1:14530
  5578. DL-00215 (2026-01-24T00:00:00.000Z): page-4966190e7ca45b28.js:1:14168
     - Brown Bread: 1 × 13.99 = 13.99 page-4966190e7ca45b28.js:1:14434
     - White Bread: 1 × 16.29 = 16.29 page-4966190e7ca45b28.js:1:14434
     - Eggs: 1 × 1.978 = 1.98 page-4966190e7ca45b28.js:1:14434
     - Cheese Slice: 1 × 3.056 = 3.06 page-4966190e7ca45b28.js:1:14434
     - Tomatoes: 1 × 18.745 = 18.75 page-4966190e7ca45b28.js:1:14434
     - Yeast 10g: 1 × 42.083 = 42.08 page-4966190e7ca45b28.js:1:14434
     - Cake Flour: 1 × 14.16 = 14.16 page-4966190e7ca45b28.js:1:14434
     - Brown Sugar: 1 × 17.84 = 17.84 page-4966190e7ca45b28.js:1:14434
     - Rama: 1 × 50.667 = 50.67 page-4966190e7ca45b28.js:1:14434
     - Cooking Oil: 1 × 30 = 30.00 page-4966190e7ca45b28.js:1:14434
     - Vinegar: 1 × 29.5 = 29.50 page-4966190e7ca45b28.js:1:14434
     - Selati Brown Sugar: 1 × 0.26 = 0.26 page-4966190e7ca45b28.js:1:14434
     - Ellis Brown Sachets 4g: 1 × 1.19 = 1.19 page-4966190e7ca45b28.js:1:14434
     - FOMO 73: 1 × 0.368 = 0.37 page-4966190e7ca45b28.js:1:14434
     - Beef Stewing: 1 × 136.99 = 136.99 page-4966190e7ca45b28.js:1:14434
     - Chicken: 1 × 45.105 = 45.10 page-4966190e7ca45b28.js:1:14434
     - Tastic Rice: 1 × 18.4 = 18.40 page-4966190e7ca45b28.js:1:14434
     - Onion: 1 × 7.5 = 7.50 page-4966190e7ca45b28.js:1:14434
     SUBTOTAL: 448.12 page-4966190e7ca45b28.js:1:14530
  5579. DL-00210 (2026-01-24T00:00:00.000Z): page-4966190e7ca45b28.js:1:14168
     - Brown Bread: 3 × 13.99 = 41.97 page-4966190e7ca45b28.js:1:14434
     - White Bread: 1 × 16.29 = 16.29 page-4966190e7ca45b28.js:1:14434
     - Low GI Bread 400g : 1 × 24.99 = 24.99 page-4966190e7ca45b28.js:1:14434
     - Eggs: 35 × 1.978 = 69.23 page-4966190e7ca45b28.js:1:14434
     - Cheese Slice: 19 × 3.056 = 58.06 page-4966190e7ca45b28.js:1:14434
     - Five Roses Tea: 1 × 0.64 = 0.64 page-4966190e7ca45b28.js:1:14434
     - Rooibos Sachets : 10 × 2.72 = 27.20 page-4966190e7ca45b28.js:1:14434
     - Canderel Sugar: 7 × 0.655 = 4.58 page-4966190e7ca45b28.js:1:14434
     - Ellis Brown Sachets 4g: 3 × 1.19 = 3.57 page-4966190e7ca45b28.js:1:14434
     - Selati Brown Sugar: 107 × 0.26 = 27.82 page-4966190e7ca45b28.js:1:14434
     - Top Score Maize Meal: 0.5 × 12.2 = 6.10 page-4966190e7ca45b28.js:1:14434
     - All-Bran: 1 × 76 = 76.00 page-4966190e7ca45b28.js:1:14434
     - Robot Pepper: 0.6 × 44.99 = 26.99 page-4966190e7ca45b28.js:1:14434
     - Corn-flakes: 1 × 65 = 65.00 page-4966190e7ca45b28.js:1:14434
     - Jungle Oats: 1 × 40 = 40.00 page-4966190e7ca45b28.js:1:14434
     - Koo Beans 410g: 3 × 14.167 = 42.50 page-4966190e7ca45b28.js:1:14434
     - Sweet-Chilli Sauce: 0.7 × 71.414 = 49.99 page-4966190e7ca45b28.js:1:14434
     - Umcenge Milk: 5 × 18.333 = 91.66 page-4966190e7ca45b28.js:1:14434
     - Tomatoes: 1 × 18.745 = 18.75 page-4966190e7ca45b28.js:1:14434
     - Krush 200ML: 1 × 35.833 = 35.83 page-4966190e7ca45b28.js:1:14434
     - Still Water 500ml: 7 × 4.167 = 29.17 page-4966190e7ca45b28.js:1:14434
     - Beef Sausages: 1 × 160 = 160.00 page-4966190e7ca45b28.js:1:14434
     - Liqui Fruit Can 300ml: 28 × 10.25 = 287.00 page-4966190e7ca45b28.js:1:14434
     SUBTOTAL: 1203.36 page-4966190e7ca45b28.js:1:14530
  5580. DL-00214 (2026-01-24T00:00:00.000Z): page-4966190e7ca45b28.js:1:14168
     - Yoghurt Bliss 150g: 3 × 14.49 = 43.47 page-4966190e7ca45b28.js:1:14434
     - Umcenge Milk: 1 × 18.333 = 18.33 page-4966190e7ca45b28.js:1:14434
     - Provita 125g: 1 × 16.747 = 16.75 page-4966190e7ca45b28.js:1:14434
     - Liqui Fruit Can 300ml: 3 × 10.25 = 30.75 page-4966190e7ca45b28.js:1:14434
     SUBTOTAL: 109.30 page-4966190e7ca45b28.js:1:14530
  5581. DL-00212 (2026-01-24T00:00:00.000Z): page-4966190e7ca45b28.js:1:14168
     - Chicken: 1 × 45.105 = 45.10 page-4966190e7ca45b28.js:1:14434
     - Tastic Rice: 1 × 18.4 = 18.40 page-4966190e7ca45b28.js:1:14434
     - Sugar Beans: 1 × 26.8 = 26.80 page-4966190e7ca45b28.js:1:14434
     - Cabbage: 1 × 15 = 15.00 page-4966190e7ca45b28.js:1:14434
     - Carrots: 1 × 8 = 8.00 page-4966190e7ca45b28.js:1:14434
     - Potatoes: 1 × 7.5 = 7.50 page-4966190e7ca45b28.js:1:14434
     - Black Pepper: 1 × 39.99 = 39.99 page-4966190e7ca45b28.js:1:14434
     - Top Score Maize Meal: 1 × 12.2 = 12.20 page-4966190e7ca45b28.js:1:14434
     - Onion: 1 × 7.5 = 7.50 page-4966190e7ca45b28.js:1:14434
     - Yoghurt Bliss 150g: 1 × 14.49 = 14.49 page-4966190e7ca45b28.js:1:14434
     - Plain Yoghurt 150G: 1 × 14.49 = 14.49 page-4966190e7ca45b28.js:1:14434
     - Still Water 500ml: 1 × 4.167 = 4.17 page-4966190e7ca45b28.js:1:14434
     - Liqui Fruit Can 300ml: 1 × 10.25 = 10.25 page-4966190e7ca45b28.js:1:14434
     SUBTOTAL: 223.89 page-4966190e7ca45b28.js:1:14530
  5582. DL-00205 (2026-01-23T00:00:00.000Z): page-4966190e7ca45b28.js:1:14168
     - Chicken: 1 × 45.105 = 45.10 page-4966190e7ca45b28.js:1:14434
     - Beef Stewing: 1 × 124.188 = 124.19 page-4966190e7ca45b28.js:1:14434
     - Tastic Rice: 1 × 18.4 = 18.40 page-4966190e7ca45b28.js:1:14434
     - Top Score Maize Meal: 1 × 12.2 = 12.20 page-4966190e7ca45b28.js:1:14434
     - Mayonnaise: 1 × 62.997 = 63.00 page-4966190e7ca45b28.js:1:14434
     - Exotic Tumeric: 1 × 82 = 82.00 page-4966190e7ca45b28.js:1:14434
     - Beetroot: 1 × 9.998 = 10.00 page-4966190e7ca45b28.js:1:14434
     - Spice Mix: 1 × 70 = 70.00 page-4966190e7ca45b28.js:1:14434
     - Red Pepper: 1 × 56.18 = 56.18 page-4966190e7ca45b28.js:1:14434
     - Yellow Pepper: 1 × 57.471 = 57.47 page-4966190e7ca45b28.js:1:14434
     - Cooking Oil: 1 × 30 = 30.00 page-4966190e7ca45b28.js:1:14434
     - Exotic Paprika: 1 × 124 = 124.00 page-4966190e7ca45b28.js:1:14434
     - Potatoes: 1 × 7.5 = 7.50 page-4966190e7ca45b28.js:1:14434
     - Cauli/Broc: 1 × 59.98 = 59.98 page-4966190e7ca45b28.js:1:14434
     - Brocolli: 1 × 30.99 = 30.99 page-4966190e7ca45b28.js:1:14434
     - Onion: 1 × 7.5 = 7.50 page-4966190e7ca45b28.js:1:14434
     - Still Water 500ml: 1 × 4.167 = 4.17 page-4966190e7ca45b28.js:1:14434
     - Red Apples: 1 × 16.667 = 16.67 page-4966190e7ca45b28.js:1:14434
     - Liqui Fruit Can 300ml: 1 × 10.25 = 10.25 page-4966190e7ca45b28.js:1:14434
     SUBTOTAL: 829.59 page-4966190e7ca45b28.js:1:14530
  5583. DL-00204 (2026-01-23T00:00:00.000Z): page-4966190e7ca45b28.js:1:14168
     - Brown Bread: 2 × 14.59 = 29.18 page-4966190e7ca45b28.js:1:14434
     - White Bread: 1 × 16.29 = 16.29 page-4966190e7ca45b28.js:1:14434
     - Chicken Gizzards: 2 × 41.075 = 82.15 page-4966190e7ca45b28.js:1:14434
     - Mushrooms: 1 × 119.96 = 119.96 page-4966190e7ca45b28.js:1:14434
     - Rama: 0.5 × 50.667 = 25.33 page-4966190e7ca45b28.js:1:14434
     - Top Score Maize Meal: 0.6 × 12.2 = 7.32 page-4966190e7ca45b28.js:1:14434
     - Emabele: 1.4 × 16 = 22.40 page-4966190e7ca45b28.js:1:14434
     - Jungle Oats: 1 × 40 = 40.00 page-4966190e7ca45b28.js:1:14434
     - Selati Brown Sugar: 60 × 0.26 = 15.60 page-4966190e7ca45b28.js:1:14434
     - Rooibos Sachets : 10 × 2.72 = 27.20 page-4966190e7ca45b28.js:1:14434
     - Five Roses Sachet : 1 × 2.72 = 2.72 page-4966190e7ca45b28.js:1:14434
     - Red Pepper: 0.25 × 56.18 = 14.04 page-4966190e7ca45b28.js:1:14434
     - Yellow Pepper: 0.3 × 57.471 = 17.24 page-4966190e7ca45b28.js:1:14434
     - Eggs: 28 × 1.978 = 55.38 page-4966190e7ca45b28.js:1:14434
     - Umcenge Milk: 4 × 18.333 = 73.33 page-4966190e7ca45b28.js:1:14434
     - Hake Fillet: 0.2 × 144.336 = 28.87 page-4966190e7ca45b28.js:1:14434
     - Brocolli: 1 × 30.99 = 30.99 page-4966190e7ca45b28.js:1:14434
     - Cauli/Broc: 1 × 59.98 = 59.98 page-4966190e7ca45b28.js:1:14434
     - Liqui Fruit Can 300ml: 12 × 10.25 = 123.00 page-4966190e7ca45b28.js:1:14434
     - Still Water 500ml: 7 × 4.167 = 29.17 page-4966190e7ca45b28.js:1:14434
     - Krush 200ML: 1 × 35.833 = 35.83 page-4966190e7ca45b28.js:1:14434
     - Plain Yoghurt 150G: 1 × 14.49 = 14.49 page-4966190e7ca45b28.js:1:14434
     - Cheese Slice: 6 × 3.056 = 18.34 page-4966190e7ca45b28.js:1:14434
     SUBTOTAL: 888.82 page-4966190e7ca45b28.js:1:14530
  5584. DL-00206 (2026-01-23T00:00:00.000Z): page-4966190e7ca45b28.js:1:14168
     - Chicken: 9.45 × 45.105 = 426.24 page-4966190e7ca45b28.js:1:14434
     - Tastic Rice: 1 × 18.4 = 18.40 page-4966190e7ca45b28.js:1:14434
     - Mayonnaise: 1 × 62.997 = 63.00 page-4966190e7ca45b28.js:1:14434
     - Mega Maize Rice: 1 × 18.4 = 18.40 page-4966190e7ca45b28.js:1:14434
     - Potatoes: 1 × 7.5 = 7.50 page-4966190e7ca45b28.js:1:14434
     - Top Score Maize Meal: 1 × 12.2 = 12.20 page-4966190e7ca45b28.js:1:14434
     - Butternut: 1 × 7.143 = 7.14 page-4966190e7ca45b28.js:1:14434
     - Cabbage: 1 × 15 = 15.00 page-4966190e7ca45b28.js:1:14434
     - Baby Marrow: 1 × 49.975 = 49.98 page-4966190e7ca45b28.js:1:14434
     - Hake Fillet: 1 × 144.336 = 144.34 page-4966190e7ca45b28.js:1:14434
     - Carrots: 1 × 8 = 8.00 page-4966190e7ca45b28.js:1:14434
     - Pork Chops: 1 × 103.73 = 103.73 page-4966190e7ca45b28.js:1:14434
     - Liqui Fruit Can 300ml: 1 × 10.25 = 10.25 page-4966190e7ca45b28.js:1:14434
     - Krush 200ML: 1 × 35.833 = 35.83 page-4966190e7ca45b28.js:1:14434
     - Still Water 500ml: 1 × 4.167 = 4.17 page-4966190e7ca45b28.js:1:14434
     - Onion: 1 × 7.5 = 7.50 page-4966190e7ca45b28.js:1:14434
     SUBTOTAL: 931.67 page-4966190e7ca45b28.js:1:14530
  5585. DL-00207 (2026-01-23T00:00:00.000Z): page-4966190e7ca45b28.js:1:14168
     - Chicken: 6.8 × 45.105 = 306.71 page-4966190e7ca45b28.js:1:14434
     - Brown Sugar: 1.2 × 17.84 = 21.41 page-4966190e7ca45b28.js:1:14434
     - White Bread: 1 × 16.29 = 16.29 page-4966190e7ca45b28.js:1:14434
     - Cheese Slice: 5 × 3.056 = 15.28 page-4966190e7ca45b28.js:1:14434
     - Tastic Rice: 1 × 18.4 = 18.40 page-4966190e7ca45b28.js:1:14434
     - Eggs: 7 × 1.978 = 13.85 page-4966190e7ca45b28.js:1:14434
     - Umcenge Milk: 1 × 18.333 = 18.33 page-4966190e7ca45b28.js:1:14434
     - Top Score Maize Meal: 0.8 × 12.2 = 9.76 page-4966190e7ca45b28.js:1:14434
     SUBTOTAL: 420.03 page-4966190e7ca45b28.js:1:14530
  5586. DL-00200 (2026-01-22T00:00:00.000Z): page-4966190e7ca45b28.js:1:14168
     - Hake Fillet: 1.6 × 144.336 = 230.94 page-4966190e7ca45b28.js:1:14434
     - Chicken: 3.6 × 45.105 = 162.38 page-4966190e7ca45b28.js:1:14434
     - Tastic Rice: 1 × 18.4 = 18.40 page-4966190e7ca45b28.js:1:14434
     - Cooking Oil: 1 × 30 = 30.00 page-4966190e7ca45b28.js:1:14434
     - Macaroni: 0.5 × 33.6 = 16.80 page-4966190e7ca45b28.js:1:14434
     - Baby Marrow: 0.4 × 49.975 = 19.99 page-4966190e7ca45b28.js:1:14434
     - Onion: 1.5 × 7.5 = 11.25 page-4966190e7ca45b28.js:1:14434
     - Brocolli: 4 × 29.99 = 119.96 page-4966190e7ca45b28.js:1:14434
     - Cauliflower: 3 × 29.99 = 89.97 page-4966190e7ca45b28.js:1:14434
     - Red Pepper: 0.3 × 56.18 = 16.85 page-4966190e7ca45b28.js:1:14434
     - Yellow Pepper: 0.25 × 57.471 = 14.37 page-4966190e7ca45b28.js:1:14434
     - Umcenge Milk: 1 × 18.333 = 18.33 page-4966190e7ca45b28.js:1:14434
     - Parsley: 0.8 × 38.737 = 30.99 page-4966190e7ca45b28.js:1:14434
     - Cheddar Cheese: 0.85 × 180.885 = 153.75 page-4966190e7ca45b28.js:1:14434
     - Top Score Maize Meal: 1 × 12.2 = 12.20 page-4966190e7ca45b28.js:1:14434
     - Lemon: 1.5 × 26.66 = 39.99 page-4966190e7ca45b28.js:1:14434
     - Still Water 500ml: 20 × 4.167 = 83.34 page-4966190e7ca45b28.js:1:14434
     - Nectarines: 1 × 29.99 = 29.99 page-4966190e7ca45b28.js:1:14434
     - Pears: 2 × 19.99 = 39.98 page-4966190e7ca45b28.js:1:14434
     - Liqui Fruit Can 300ml: 5 × 10.25 = 51.25 page-4966190e7ca45b28.js:1:14434
     - Steel Wool: 1 × 15.2 = 15.20 page-4966190e7ca45b28.js:1:14434
     - Dishwash Liquid: 5 × 12.32 = 61.60 page-4966190e7ca45b28.js:1:14434
     - Cling Wrap: 1 × 300 = 300.00 page-4966190e7ca45b28.js:1:14434
     SUBTOTAL: 1567.53 page-4966190e7ca45b28.js:1:14530
  5587. DL-00198 (2026-01-22T00:00:00.000Z): page-4966190e7ca45b28.js:1:14168
     - Brown Bread: 1 × 14.59 = 14.59 page-4966190e7ca45b28.js:1:14434
     - White Bread: 1 × 16.29 = 16.29 page-4966190e7ca45b28.js:1:14434
     - Yeast 10g: 0.3 × 42.083 = 12.62 page-4966190e7ca45b28.js:1:14434
     - Umcenge Milk: 1 × 18.333 = 18.33 page-4966190e7ca45b28.js:1:14434
     - Rama: 1 × 50.667 = 50.67 page-4966190e7ca45b28.js:1:14434
     - Eggs: 22 × 1.978 = 43.52 page-4966190e7ca45b28.js:1:14434
     - Lettuce: 1 × 5 = 5.00 page-4966190e7ca45b28.js:1:14434
     - Cheese Slice: 6 × 3.056 = 18.34 page-4966190e7ca45b28.js:1:14434
     - Cake Flour: 5 × 14.16 = 70.80 page-4966190e7ca45b28.js:1:14434
     - Self Raising Flour: 2.5 × 16 = 40.00 page-4966190e7ca45b28.js:1:14434
     - Brown Sugar: 1.25 × 17.84 = 22.30 page-4966190e7ca45b28.js:1:14434
     - White Sugar: 1 × 19.4 = 19.40 page-4966190e7ca45b28.js:1:14434
     - Spray & Cook 300ml: 1 × 43 = 43.00 page-4966190e7ca45b28.js:1:14434
     - Rooibos Tea: 1 × 0.481 = 0.48 page-4966190e7ca45b28.js:1:14434
     - Selati Brown Sugar: 3 × 0.26 = 0.78 page-4966190e7ca45b28.js:1:14434
     - Cooking Oil: 2 × 30 = 60.00 page-4966190e7ca45b28.js:1:14434
     - Simba 36g: 5 × 6.5 = 32.50 page-4966190e7ca45b28.js:1:14434
     - Nik-Naks 50g: 5 × 5.583 = 27.91 page-4966190e7ca45b28.js:1:14434
     - Cabana: 1 × 13.167 = 13.17 page-4966190e7ca45b28.js:1:14434
     - Eclairs: 50 × 0.53 = 26.50 page-4966190e7ca45b28.js:1:14434
     - Smoothies: 72 × 0.279 = 20.09 page-4966190e7ca45b28.js:1:14434
     - Beef Stewing: 2.45 × 124.188 = 304.26 page-4966190e7ca45b28.js:1:14434
     - Chicken: 6.65 × 45.105 = 299.95 page-4966190e7ca45b28.js:1:14434
     - Tastic Rice: 3.1 × 18.4 = 57.04 page-4966190e7ca45b28.js:1:14434
     - Onion: 1.5 × 7.5 = 11.25 page-4966190e7ca45b28.js:1:14434
     - Spinach: 5 × 10 = 50.00 page-4966190e7ca45b28.js:1:14434
     - Beetroot: 3 × 9.998 = 29.99 page-4966190e7ca45b28.js:1:14434
     - Mayonnaise: 1.5 × 62.997 = 94.50 page-4966190e7ca45b28.js:1:14434
     - Spring Onion: 1 × 18.99 = 18.99 page-4966190e7ca45b28.js:1:14434
     - Tomato Sauce: 0.7 × 50 = 35.00 page-4966190e7ca45b28.js:1:14434
     - Hake Fillet: 0.1 × 144.336 = 14.43 page-4966190e7ca45b28.js:1:14434
     - Baby Marrow: 0.4 × 49.975 = 19.99 page-4966190e7ca45b28.js:1:14434
     - Brocolli: 1 × 29.99 = 29.99 page-4966190e7ca45b28.js:1:14434
     - Ox-tail: 0.2 × 141.73 = 28.35 page-4966190e7ca45b28.js:1:14434
     - Spur Ribs: 0.3 × 123.876 = 37.16 page-4966190e7ca45b28.js:1:14434
     - Exotic Six 4 All: 1 × 83 = 83.00 page-4966190e7ca45b28.js:1:14434
     - Soft Drink 300ml: 4 × 11.646 = 46.58 page-4966190e7ca45b28.js:1:14434
     - Liqui Fruit Can 300ml: 2 × 10.25 = 20.50 page-4966190e7ca45b28.js:1:14434
     - Liqui Fruit 1L: 1 × 22.917 = 22.92 page-4966190e7ca45b28.js:1:14434
     - Ice-Tea 500ml: 1 × 16.5 = 16.50 page-4966190e7ca45b28.js:1:14434
     - Kingsize 300ml: 2 × 7.396 = 14.79 page-4966190e7ca45b28.js:1:14434
     - Still Water 500ml: 3 × 4.167 = 12.50 page-4966190e7ca45b28.js:1:14434
     - Soft Drink 1L: 2 × 16.375 = 32.75 page-4966190e7ca45b28.js:1:14434
     - Red-Bull 250ml: 1 × 0 = 0.00 page-4966190e7ca45b28.js:1:14434
     SUBTOTAL: 1836.73 page-4966190e7ca45b28.js:1:14530
  5588. DL-00202 (2026-01-22T00:00:00.000Z): page-4966190e7ca45b28.js:1:14168
     - Chicken: 8.8 × 45.105 = 396.92 page-4966190e7ca45b28.js:1:14434
     - Tastic Rice: 1 × 18.4 = 18.40 page-4966190e7ca45b28.js:1:14434
     - Umcenge Milk: 1 × 18.333 = 18.33 page-4966190e7ca45b28.js:1:14434
     - Eggs: 4 × 1.978 = 7.91 page-4966190e7ca45b28.js:1:14434
     - Cheese Slice: 4 × 3.056 = 12.22 page-4966190e7ca45b28.js:1:14434
     - Cremora: 0.375 × 68 = 25.50 page-4966190e7ca45b28.js:1:14434
     - Rooibos Tea: 10 × 0.481 = 4.81 page-4966190e7ca45b28.js:1:14434
     SUBTOTAL: 484.10 page-4966190e7ca45b28.js:1:14530
  5589. DL-00201 (2026-01-22T00:00:00.000Z): page-4966190e7ca45b28.js:1:14168
     - Chicken: 6.15 × 45.105 = 277.40 page-4966190e7ca45b28.js:1:14434
     - Tastic Rice: 1 × 18.4 = 18.40 page-4966190e7ca45b28.js:1:14434
     - Lettuce: 3 × 5 = 15.00 page-4966190e7ca45b28.js:1:14434
     - Hake Fillet: 0.1 × 144.336 = 14.43 page-4966190e7ca45b28.js:1:14434
     - Onion: 1 × 7.5 = 7.50 page-4966190e7ca45b28.js:1:14434
     - Brocolli: 1 × 29.99 = 29.99 page-4966190e7ca45b28.js:1:14434
     - Cauliflower: 1 × 29.99 = 29.99 page-4966190e7ca45b28.js:1:14434
     - Carrots: 1 × 8 = 8.00 page-4966190e7ca45b28.js:1:14434
     - Eggs: 2 × 1.978 = 3.96 page-4966190e7ca45b28.js:1:14434
     - Cooking Oil: 2 × 30 = 60.00 page-4966190e7ca45b28.js:1:14434
     - Top Score Maize Meal: 1 × 12.2 = 12.20 page-4966190e7ca45b28.js:1:14434
     - Still Water 500ml: 6 × 4.167 = 25.00 page-4966190e7ca45b28.js:1:14434
     - Krush 200ML: 1 × 35.833 = 35.83 page-4966190e7ca45b28.js:1:14434
     - Liqui Fruit Can 300ml: 22 × 10.25 = 225.50 page-4966190e7ca45b28.js:1:14434
     - Beef Chuck: 1.6 × 130.674 = 209.08 page-4966190e7ca45b28.js:1:14434
     - Pork Sliced: 1.05 × 93 = 97.65 page-4966190e7ca45b28.js:1:14434
     - Tomatoes: 1 × 16.99 = 16.99 page-4966190e7ca45b28.js:1:14434
     SUBTOTAL: 1086.92 page-4966190e7ca45b28.js:1:14530
  5590. DL-00203 (2026-01-22T00:00:00.000Z): page-4966190e7ca45b28.js:1:14168
     - Brown Bread: 1 × 14.59 = 14.59 page-4966190e7ca45b28.js:1:14434
     - White Bread: 1 × 16.29 = 16.29 page-4966190e7ca45b28.js:1:14434
     - Yeast 10g: 3 × 42.083 = 126.25 page-4966190e7ca45b28.js:1:14434
     - Eggs: 26 × 1.978 = 51.43 page-4966190e7ca45b28.js:1:14434
     - Umcenge Milk: 1 × 18.333 = 18.33 page-4966190e7ca45b28.js:1:14434
     - Rama: 1 × 50.667 = 50.67 page-4966190e7ca45b28.js:1:14434
     - Cheese Slice: 11 × 3.056 = 33.62 page-4966190e7ca45b28.js:1:14434
     - Cake Flour: 5 × 14.16 = 70.80 page-4966190e7ca45b28.js:1:14434
     - Self Raising Flour: 2.5 × 16 = 40.00 page-4966190e7ca45b28.js:1:14434
     - Brown Sugar: 1.25 × 17.84 = 22.30 page-4966190e7ca45b28.js:1:14434
     - White Sugar: 1 × 19.4 = 19.40 page-4966190e7ca45b28.js:1:14434
     - Coconut: 0.2 × 228.95 = 45.79 page-4966190e7ca45b28.js:1:14434
     - Nik-Naks 50g: 6 × 5.583 = 33.50 page-4966190e7ca45b28.js:1:14434
     - Russian: 0.5 × 101.649 = 50.82 page-4966190e7ca45b28.js:1:14434
     - Jacobs Sachets: 2 × 4.25 = 8.50 page-4966190e7ca45b28.js:1:14434
     - FOMO Cups 250ml: 25 × 0.34 = 8.50 page-4966190e7ca45b28.js:1:14434
     - Brown S.O Bag #4: 500 × 0.346 = 173.00 page-4966190e7ca45b28.js:1:14434
     - Fomo Tubs: 98 × 0 = 0.00 page-4966190e7ca45b28.js:1:14434
     - FOMO 40: 75 × 0.66 = 49.50 page-4966190e7ca45b28.js:1:14434
     - Beef Stewing: 0 × 124.188 = 0.00 page-4966190e7ca45b28.js:1:14434
     - Chicken: 5.45 × 45.105 = 245.82 page-4966190e7ca45b28.js:1:14434
     - Tastic Rice: 3 × 18.4 = 55.20 page-4966190e7ca45b28.js:1:14434
     - Potatoes: 10 × 7.5 = 75.00 page-4966190e7ca45b28.js:1:14434
     - Onion: 1.5 × 7.5 = 11.25 page-4966190e7ca45b28.js:1:14434
     - Red Cabbage: 1 × 15 = 15.00 page-4966190e7ca45b28.js:1:14434
     - Red Pepper: 0.25 × 56.18 = 14.04 page-4966190e7ca45b28.js:1:14434
     - Yellow Pepper: 0.25 × 57.471 = 14.37 page-4966190e7ca45b28.js:1:14434
     - Green Pepper: 0.6 × 25.98 = 15.59 page-4966190e7ca45b28.js:1:14434
     - Pineapple : 1 × 18.99 = 18.99 page-4966190e7ca45b28.js:1:14434
     - Grape: 1 × 79.98 = 79.98 page-4966190e7ca45b28.js:1:14434
     - Plain Yoghurt 150G: 1 × 14.49 = 14.49 page-4966190e7ca45b28.js:1:14434
     - Spur Ribs: 1.15 × 123.876 = 142.46 page-4966190e7ca45b28.js:1:14434
     - Hake Fillet: 0.1 × 144.336 = 14.43 page-4966190e7ca45b28.js:1:14434
     - Carrots: 1 × 8 = 8.00 page-4966190e7ca45b28.js:1:14434
     - Dishwash Liquid: 5 × 12.32 = 61.60 page-4966190e7ca45b28.js:1:14434
     - Soft Drink 300ml: 2 × 11.646 = 23.29 page-4966190e7ca45b28.js:1:14434
     - Liqui Fruit 1L: 1 × 22.917 = 22.92 page-4966190e7ca45b28.js:1:14434
     - Score 500ml: 2 × 8.333 = 16.67 page-4966190e7ca45b28.js:1:14434
     - Ice-Tea 500ml: 1 × 16.5 = 16.50 page-4966190e7ca45b28.js:1:14434
     - Kingsize 300ml: 0 × 7.396 = 0.00 page-4966190e7ca45b28.js:1:14434
     - Cabana: 3 × 13.167 = 39.50 page-4966190e7ca45b28.js:1:14434
     - Still Water 500ml: 5 × 4.167 = 20.84 page-4966190e7ca45b28.js:1:14434
     - Soft Drink 2L: 1 × 22.5 = 22.50 page-4966190e7ca45b28.js:1:14434
     SUBTOTAL: 1781.72 page-4966190e7ca45b28.js:1:14530
  5591. DL-00199 (2026-01-22T00:00:00.000Z): page-4966190e7ca45b28.js:1:14168
     - Brown Bread: 3 × 14.59 = 43.77 page-4966190e7ca45b28.js:1:14434
     - White Bread: 1 × 16.29 = 16.29 page-4966190e7ca45b28.js:1:14434
     - Pork Sausages: 2 × 96.99 = 193.98 page-4966190e7ca45b28.js:1:14434
     - Beef Sausages: 1 × 160 = 160.00 page-4966190e7ca45b28.js:1:14434
     - Umcenge Milk: 4 × 18.333 = 73.33 page-4966190e7ca45b28.js:1:14434
     - Eggs: 15 × 1.978 = 29.67 page-4966190e7ca45b28.js:1:14434
     - Selati Brown Sugar: 109 × 0.26 = 28.34 page-4966190e7ca45b28.js:1:14434
     - Rooibos Sachets : 8 × 2.72 = 21.76 page-4966190e7ca45b28.js:1:14434
     - Ellis Brown Sachets 4g: 5 × 1.19 = 5.95 page-4966190e7ca45b28.js:1:14434
     - Canderel Sugar: 13 × 0.655 = 8.52 page-4966190e7ca45b28.js:1:14434
     - Lettuce: 1 × 5 = 5.00 page-4966190e7ca45b28.js:1:14434
     - Top Score Maize Meal: 0.5 × 12.2 = 6.10 page-4966190e7ca45b28.js:1:14434
     - Cheese Slice: 13 × 3.056 = 39.73 page-4966190e7ca45b28.js:1:14434
     - Jungle Oats: 1 × 40 = 40.00 page-4966190e7ca45b28.js:1:14434
     - Brocolli: 1 × 29.99 = 29.99 page-4966190e7ca45b28.js:1:14434
     - Cauliflower: 1 × 29.99 = 29.99 page-4966190e7ca45b28.js:1:14434
     - Red Pepper: 0.25 × 56.18 = 14.04 page-4966190e7ca45b28.js:1:14434
     - Yellow Pepper: 0.3 × 57.471 = 17.24 page-4966190e7ca45b28.js:1:14434
     - Emabele: 1.2 × 16 = 19.20 page-4966190e7ca45b28.js:1:14434
     - Cooking Oil: 1 × 30 = 30.00 page-4966190e7ca45b28.js:1:14434
     - Koo Beans 410g: 3 × 14.167 = 42.50 page-4966190e7ca45b28.js:1:14434
     - Still Water 500ml: 6 × 4.167 = 25.00 page-4966190e7ca45b28.js:1:14434
     - Hake Fillet: 0.25 × 144.336 = 36.08 page-4966190e7ca45b28.js:1:14434
     - Krush 200ML: 1 × 35.833 = 35.83 page-4966190e7ca45b28.js:1:14434
     - Liqui Fruit Can 300ml: 18 × 10.25 = 184.50 page-4966190e7ca45b28.js:1:14434
     - Yoghurt Bliss 150g: 1 × 14.49 = 14.49 page-4966190e7ca45b28.js:1:14434
     - Grape: 1 × 79.98 = 79.98 page-4966190e7ca45b28.js:1:14434
     - Rama: 0.5 × 50.667 = 25.33 page-4966190e7ca45b28.js:1:14434
     - Banana: 1 × 25.667 = 25.67 page-4966190e7ca45b28.js:1:14434
     SUBTOTAL: 1282.29 page-4966190e7ca45b28.js:1:14530
  5592. DL-00197 (2026-01-21T00:00:00.000Z): page-4966190e7ca45b28.js:1:14168
     - Makhaya Chicken: 3 × 100 = 300.00 page-4966190e7ca45b28.js:1:14434
     - Chicken: 1.8 × 45.105 = 81.19 page-4966190e7ca45b28.js:1:14434
     - Tastic Rice: 1 × 18 = 18.00 page-4966190e7ca45b28.js:1:14434
     - Onion: 1.5 × 7.5 = 11.25 page-4966190e7ca45b28.js:1:14434
     - Cooking Oil: 2 × 30 = 60.00 page-4966190e7ca45b28.js:1:14434
     - Potatoes: 3 × 9.999 = 30.00 page-4966190e7ca45b28.js:1:14434
     - Self Raising Flour: 1 × 15.996 = 16.00 page-4966190e7ca45b28.js:1:14434
     - Eggs: 6 × 2 = 12.00 page-4966190e7ca45b28.js:1:14434
     - Rama: 0.5 × 50.667 = 25.33 page-4966190e7ca45b28.js:1:14434
     - Baby Marrow: 0.8 × 39.975 = 31.98 page-4966190e7ca45b28.js:1:14434
     - Red Pepper: 0.25 × 85.681 = 21.42 page-4966190e7ca45b28.js:1:14434
     - Brocolli: 1 × 29.99 = 29.99 page-4966190e7ca45b28.js:1:14434
     - Cauliflower: 1 × 26.99 = 26.99 page-4966190e7ca45b28.js:1:14434
     - Krush 200ML: 5 × 35.833 = 179.16 page-4966190e7ca45b28.js:1:14434
     - Plain Yoghurt 150G: 4 × 14.49 = 57.96 page-4966190e7ca45b28.js:1:14434
     - Still Water 500ml: 4 × 4.167 = 16.67 page-4966190e7ca45b28.js:1:14434
     - Liqui Fruit Can 300ml: 16 × 10.25 = 164.00 page-4966190e7ca45b28.js:1:14434
     - Umcenge Milk: 1 × 18.333 = 18.33 page-4966190e7ca45b28.js:1:14434
     - Tomato Cocktail: 0.25 × 107.96 = 26.99 page-4966190e7ca45b28.js:1:14434
     SUBTOTAL: 1127.26 page-4966190e7ca45b28.js:1:14530
  5593. DL-00196 (2026-01-21T00:00:00.000Z): page-4966190e7ca45b28.js:1:14168
     - Ox-tail: 4 × 141.73 = 566.92 page-4966190e7ca45b28.js:1:14434
     - Chicken: 1.75 × 45.105 = 78.93 page-4966190e7ca45b28.js:1:14434
     - Tastic Rice: 1 × 18 = 18.00 page-4966190e7ca45b28.js:1:14434
     - Cooking Oil: 1 × 30 = 30.00 page-4966190e7ca45b28.js:1:14434
     - Onion: 1 × 7.5 = 7.50 page-4966190e7ca45b28.js:1:14434
     - Spinach: 5 × 10 = 50.00 page-4966190e7ca45b28.js:1:14434
     - Beetroot: 2 × 9.998 = 20.00 page-4966190e7ca45b28.js:1:14434
     - Spice Mix: 0.6 × 73 = 43.80 page-4966190e7ca45b28.js:1:14434
     - Mayonnaise: 1.5 × 52.667 = 79.00 page-4966190e7ca45b28.js:1:14434
     - Red Pepper: 0.25 × 85.681 = 21.42 page-4966190e7ca45b28.js:1:14434
     - Yellow Pepper: 0.3 × 79.3 = 23.79 page-4966190e7ca45b28.js:1:14434
     - Green Pepper: 0.6 × 23.98 = 14.39 page-4966190e7ca45b28.js:1:14434
     - Brocolli: 0 × 29.99 = 0.00 page-4966190e7ca45b28.js:1:14434
     - Cauliflower: 1 × 26.99 = 26.99 page-4966190e7ca45b28.js:1:14434
     - Potatoes: 4 × 9.999 = 40.00 page-4966190e7ca45b28.js:1:14434
     - Koo Beans 410g: 1 × 14.167 = 14.17 page-4966190e7ca45b28.js:1:14434
     - Pears: 1 × 19.99 = 19.99 page-4966190e7ca45b28.js:1:14434
     - Red Apples: 0 × 49.99 = 0.00 page-4966190e7ca45b28.js:1:14434
     - Still Water 500ml: 17 × 4.167 = 70.84 page-4966190e7ca45b28.js:1:14434
     - Liqui Fruit Can 300ml: 2 × 10.25 = 20.50 page-4966190e7ca45b28.js:1:14434
     - Dishwash Liquid: 5 × 12.32 = 61.60 page-4966190e7ca45b28.js:1:14434
     SUBTOTAL: 1207.83 page-4966190e7ca45b28.js:1:14530
  5594. DL-00195 (2026-01-21T00:00:00.000Z): page-4966190e7ca45b28.js:1:14168
     - Brown Bread: 2 × 13.99 = 27.98 page-4966190e7ca45b28.js:1:14434
     - White Bread: 1 × 16.29 = 16.29 page-4966190e7ca45b28.js:1:14434
     - Mince Meat: 0.8 × 106.667 = 85.33 page-4966190e7ca45b28.js:1:14434
     - Hake Fillet: 1.25 × 144.336 = 180.42 page-4966190e7ca45b28.js:1:14434
     - Canderel Sugar: 13 × 0.655 = 8.52 page-4966190e7ca45b28.js:1:14434
     - Ellis Brown Sachets 4g: 8 × 1.627 = 13.02 page-4966190e7ca45b28.js:1:14434
     - Rooibos Sachets : 11 × 2.72 = 29.92 page-4966190e7ca45b28.js:1:14434
     - Selati Brown Sugar: 74 × 0.26 = 19.24 page-4966190e7ca45b28.js:1:14434
     - Brocolli: 0 × 29.99 = 0.00 page-4966190e7ca45b28.js:1:14434
     - Red Pepper: 0.2 × 85.681 = 17.14 page-4966190e7ca45b28.js:1:14434
     - Yellow Pepper: 0.3 × 79.3 = 23.79 page-4966190e7ca45b28.js:1:14434
     - Eggs: 29 × 2 = 58.00 page-4966190e7ca45b28.js:1:14434
     - Emabele: 0.2 × 16 = 3.20 page-4966190e7ca45b28.js:1:14434
     - Cooking Oil: 1 × 30 = 30.00 page-4966190e7ca45b28.js:1:14434
     - Cake Flour: 1.5 × 14.16 = 21.24 page-4966190e7ca45b28.js:1:14434
     - Onion: 1 × 7.5 = 7.50 page-4966190e7ca45b28.js:1:14434
     - Cucumber: 1 × 16.99 = 16.99 page-4966190e7ca45b28.js:1:14434
     - Krush 200ML: 2 × 35.833 = 71.67 page-4966190e7ca45b28.js:1:14434
     - Liqui Fruit Can 300ml: 10 × 10.25 = 102.50 page-4966190e7ca45b28.js:1:14434
     - Yoghurt Bliss 150g: 1 × 14.49 = 14.49 page-4966190e7ca45b28.js:1:14434
     - Tomatoes: 1 × 16.99 = 16.99 page-4966190e7ca45b28.js:1:14434
     - Cheese Slice: 2 × 3.056 = 6.11 page-4966190e7ca45b28.js:1:14434
     SUBTOTAL: 770.33 page-4966190e7ca45b28.js:1:14530
  5595. DL-00194 (2026-01-21T00:00:00.000Z): page-4966190e7ca45b28.js:1:14168
     - All-Bran: 1 × 76 = 76.00 page-4966190e7ca45b28.js:1:14434
     - White Bread: 1 × 16.29 = 16.29 page-4966190e7ca45b28.js:1:14434
     - Cheese Slice: 5 × 3.056 = 15.28 page-4966190e7ca45b28.js:1:14434
     - Selati Brown Sugar: 10 × 0.26 = 2.60 page-4966190e7ca45b28.js:1:14434
     SUBTOTAL: 110.17 page-4966190e7ca45b28.js:1:14530
  5596. DL-00192 (2026-01-20T00:00:00.000Z): page-4966190e7ca45b28.js:1:14168
     - Chicken: 8.39 × 45.105 = 378.43 page-4966190e7ca45b28.js:1:14434
     - Tastic Rice: 1 × 18 = 18.00 page-4966190e7ca45b28.js:1:14434
     - Brown Bread: 1 × 13.99 = 13.99 page-4966190e7ca45b28.js:1:14434
     - Brown Sugar: 1 × 17.84 = 17.84 page-4966190e7ca45b28.js:1:14434
     - Cheese Slice: 3 × 3.056 = 9.17 page-4966190e7ca45b28.js:1:14434
     - Eggs: 5 × 2 = 10.00 page-4966190e7ca45b28.js:1:14434
     - Five Roses Tea: 8 × 0.64 = 5.12 page-4966190e7ca45b28.js:1:14434
     - Rooibos Tea: 15 × 0.481 = 7.21 page-4966190e7ca45b28.js:1:14434
     - Liqui Fruit Can 300ml: 1 × 10.25 = 10.25 page-4966190e7ca45b28.js:1:14434
     - Soft Drink 300ml: 1 × 11.656 = 11.66 page-4966190e7ca45b28.js:1:14434
     SUBTOTAL: 481.67 page-4966190e7ca45b28.js:1:14530
  5597. DL-00191 (2026-01-20T00:00:00.000Z): page-4966190e7ca45b28.js:1:14168
     - Beef Stewing: 3.25 × 124.188 = 403.61 page-4966190e7ca45b28.js:1:14434
     - Chicken: 5.26 × 45.105 = 237.25 page-4966190e7ca45b28.js:1:14434
     - Tastic Rice: 3.5 × 18 = 63.00 page-4966190e7ca45b28.js:1:14434
     - Pumpkin Leaves : 10 × 13.99 = 139.90 page-4966190e7ca45b28.js:1:14434
     - Red Pepper: 0.5 × 85.681 = 42.84 page-4966190e7ca45b28.js:1:14434
     - Yellow Pepper: 0.3 × 79.3 = 23.79 page-4966190e7ca45b28.js:1:14434
     - Potatoes: 10 × 9.999 = 99.99 page-4966190e7ca45b28.js:1:14434
     - Spur Ribs: 0.3 × 123.876 = 37.16 page-4966190e7ca45b28.js:1:14434
     - Tomatoes: 1 × 16.99 = 16.99 page-4966190e7ca45b28.js:1:14434
     - Carrots: 1 × 9.998 = 10.00 page-4966190e7ca45b28.js:1:14434
     - Brown Bread: 1 × 13.99 = 13.99 page-4966190e7ca45b28.js:1:14434
     - White Bread: 1 × 16.29 = 16.29 page-4966190e7ca45b28.js:1:14434
     - Yeast 10g: 4 × 42.083 = 168.33 page-4966190e7ca45b28.js:1:14434
     - Rama: 1 × 50.667 = 50.67 page-4966190e7ca45b28.js:1:14434
     - Eggs: 26 × 2 = 52.00 page-4966190e7ca45b28.js:1:14434
     - Cake Flour: 5 × 14.16 = 70.80 page-4966190e7ca45b28.js:1:14434
     - Self Raising Flour: 2.5 × 15.996 = 39.99 page-4966190e7ca45b28.js:1:14434
     - Brown Sugar: 1.25 × 17.84 = 22.30 page-4966190e7ca45b28.js:1:14434
     - White Sugar: 1 × 25.996 = 26.00 page-4966190e7ca45b28.js:1:14434
     - Cheese Slice: 1 × 3.056 = 3.06 page-4966190e7ca45b28.js:1:14434
     - Rooibos Sachets : 1 × 2.72 = 2.72 page-4966190e7ca45b28.js:1:14434
     - Ellis Brown Sachets 4g: 0.999 × 1.627 = 1.63 page-4966190e7ca45b28.js:1:14434
     - Coconut: 0.2 × 228.95 = 45.79 page-4966190e7ca45b28.js:1:14434
     - Cloretes: 56 × 0.607 = 33.99 page-4966190e7ca45b28.js:1:14434
     - Stimorol: 50 × 0.97 = 48.50 page-4966190e7ca45b28.js:1:14434
     - Pin Pop: 48 × 0.854 = 40.99 page-4966190e7ca45b28.js:1:14434
     - Nik-Naks 50g: 6 × 5.583 = 33.50 page-4966190e7ca45b28.js:1:14434
     - Soft Drink 2L: 6 × 22.5 = 135.00 page-4966190e7ca45b28.js:1:14434
     - Soft Drink 1L: 1 × 16.375 = 16.38 page-4966190e7ca45b28.js:1:14434
     - Kingsize 300ml: 11 × 7.396 = 81.36 page-4966190e7ca45b28.js:1:14434
     - Soft Drink 300ml: 3 × 11.656 = 34.97 page-4966190e7ca45b28.js:1:14434
     - Liqui Fruit Can 300ml: 3 × 10.25 = 30.75 page-4966190e7ca45b28.js:1:14434
     - Powerade 500ml: 2 × 13.167 = 26.33 page-4966190e7ca45b28.js:1:14434
     - Score 500ml: 1 × 8.333 = 8.33 page-4966190e7ca45b28.js:1:14434
     - Liqui Fruit 1L: 1 × 22.92 = 22.92 page-4966190e7ca45b28.js:1:14434
     - Mahewu 500ml: 2 × 9.1 = 18.20 page-4966190e7ca45b28.js:1:14434
     SUBTOTAL: 2119.31 page-4966190e7ca45b28.js:1:14530
  5598. DL-00189 (2026-01-20T00:00:00.000Z): page-4966190e7ca45b28.js:1:14168
     - Chicken: 3.6 × 45.105 = 162.38 page-4966190e7ca45b28.js:1:14434
     - Hake Fillet: 1.55 × 144.336 = 223.72 page-4966190e7ca45b28.js:1:14434
     - Tastic Rice: 1 × 18 = 18.00 page-4966190e7ca45b28.js:1:14434
     - Macaroni: 1 × 32 = 32.00 page-4966190e7ca45b28.js:1:14434
     - Cooking Oil: 1 × 30 = 30.00 page-4966190e7ca45b28.js:1:14434
     - Cauliflower: 1 × 26.99 = 26.99 page-4966190e7ca45b28.js:1:14434
     - Top Score Maize Meal: 1 × 14.998 = 15.00 page-4966190e7ca45b28.js:1:14434
     - Salad Dressing: 1 × 33.99 = 33.99 page-4966190e7ca45b28.js:1:14434
     - Red Pepper: 0.2 × 85.681 = 17.14 page-4966190e7ca45b28.js:1:14434
     - Yellow Pepper: 0.25 × 79.3 = 19.82 page-4966190e7ca45b28.js:1:14434
     - Cream: 1 × 98.02 = 98.02 page-4966190e7ca45b28.js:1:14434
     - Cheddar Cheese: 0.45 × 227.047 = 102.17 page-4966190e7ca45b28.js:1:14434
     - Red Apples: 1 × 49.99 = 49.99 page-4966190e7ca45b28.js:1:14434
     - Still Water 500ml: 1 × 4.167 = 4.17 page-4966190e7ca45b28.js:1:14434
     - Liqui Fruit Can 300ml: 1 × 10.25 = 10.25 page-4966190e7ca45b28.js:1:14434
     SUBTOTAL: 843.64 page-4966190e7ca45b28.js:1:14530
  5599. DL-00186 (2026-01-20T00:00:00.000Z): page-4966190e7ca45b28.js:1:14168
     - Black Forest Cake: 2 × 79.99 = 159.98 page-4966190e7ca45b28.js:1:14434
     - Tennis Biscuits 200g: 1 × 21.67 = 21.67 page-4966190e7ca45b28.js:1:14434
     - Plain Yoghurt 150G: 4 × 14.49 = 57.96 page-4966190e7ca45b28.js:1:14434
     - Umcenge Milk: 1 × 18.333 = 18.33 page-4966190e7ca45b28.js:1:14434
     SUBTOTAL: 257.94 page-4966190e7ca45b28.js:1:14530
  5600. DL-00188 (2026-01-20T00:00:00.000Z): page-4966190e7ca45b28.js:1:14168
     - Brown Bread: 2 × 13.99 = 27.98 page-4966190e7ca45b28.js:1:14434
     - White Bread: 1 × 16.29 = 16.29 page-4966190e7ca45b28.js:1:14434
     - Chicken Gizzards: 1 × 41.075 = 41.08 page-4966190e7ca45b28.js:1:14434
     - Mushrooms: 1 × 119.96 = 119.96 page-4966190e7ca45b28.js:1:14434
     - Umcenge Milk: 3 × 18.333 = 55.00 page-4966190e7ca45b28.js:1:14434
     - Eggs: 23 × 2 = 46.00 page-4966190e7ca45b28.js:1:14434
     - Weet-Bix 900g: 1 × 51.111 = 51.11 page-4966190e7ca45b28.js:1:14434
     - Top Score Maize Meal: 0.5 × 14.998 = 7.50 page-4966190e7ca45b28.js:1:14434
     - Red Pepper: 0.25 × 85.681 = 21.42 page-4966190e7ca45b28.js:1:14434
     - Yellow Pepper: 0.2 × 79.3 = 15.86 page-4966190e7ca45b28.js:1:14434
     - Tomatoes: 1 × 16.99 = 16.99 page-4966190e7ca45b28.js:1:14434
     - Cucumber: 1 × 16.99 = 16.99 page-4966190e7ca45b28.js:1:14434
     - Cooking Oil: 1 × 30 = 30.00 page-4966190e7ca45b28.js:1:14434
     - Cream: 0.5 × 98.02 = 49.01 page-4966190e7ca45b28.js:1:14434
     - Selati Brown Sugar: 51 × 0.26 = 13.26 page-4966190e7ca45b28.js:1:14434
     - Rooibos Sachets : 8 × 2.72 = 21.76 page-4966190e7ca45b28.js:1:14434
     - Ellis Brown Sachets 4g: 7 × 1.627 = 11.39 page-4966190e7ca45b28.js:1:14434
     - Canderel Sugar: 3 × 0.655 = 1.97 page-4966190e7ca45b28.js:1:14434
     - Still Water 500ml: 4 × 4.167 = 16.67 page-4966190e7ca45b28.js:1:14434
     - Liqui Fruit Can 300ml: 8 × 10.25 = 82.00 page-4966190e7ca45b28.js:1:14434
     - Plain Yoghurt 150G: 1 × 14.49 = 14.49 page-4966190e7ca45b28.js:1:14434
     SUBTOTAL: 676.72 page-4966190e7ca45b28.js:1:14530
  5601. DL-00193 (2026-01-20T00:00:00.000Z): page-4966190e7ca45b28.js:1:14168
     - Plain Yoghurt 150G: 1 × 14.49 = 14.49 page-4966190e7ca45b28.js:1:14434
     SUBTOTAL: 14.49 page-4966190e7ca45b28.js:1:14530
  5602. DL-00190 (2026-01-20T00:00:00.000Z): page-4966190e7ca45b28.js:1:14168
     - Chicken: 5.2 × 45.105 = 234.55 page-4966190e7ca45b28.js:1:14434
     - Tastic Rice: 0.5 × 18 = 9.00 page-4966190e7ca45b28.js:1:14434
     - Mega Maize Rice: 0.5 × 18.4 = 9.20 page-4966190e7ca45b28.js:1:14434
     - Carrots: 2 × 9.998 = 20.00 page-4966190e7ca45b28.js:1:14434
     - Onion: 1 × 7.5 = 7.50 page-4966190e7ca45b28.js:1:14434
     - Cabbage: 1 × 15 = 15.00 page-4966190e7ca45b28.js:1:14434
     - Baby Marrow: 1 × 39.975 = 39.98 page-4966190e7ca45b28.js:1:14434
     - Top Score Maize Meal: 1.2 × 14.998 = 18.00 page-4966190e7ca45b28.js:1:14434
     - Umcenge Milk: 1 × 18.333 = 18.33 page-4966190e7ca45b28.js:1:14434
     - Red Pepper: 0.2 × 85.681 = 17.14 page-4966190e7ca45b28.js:1:14434
     - Liqui Fruit Can 300ml: 19 × 10.25 = 194.75 page-4966190e7ca45b28.js:1:14434
     - Cauliflower: 1 × 26.99 = 26.99 page-4966190e7ca45b28.js:1:14434
     - Krush 200ML: 2 × 35.833 = 71.67 page-4966190e7ca45b28.js:1:14434
     - Still Water 500ml: 4 × 4.167 = 16.67 page-4966190e7ca45b28.js:1:14434
     - Pork Sliced: 1 × 93 = 93.00 page-4966190e7ca45b28.js:1:14434
     - Hake Fillet: 0.55 × 144.336 = 79.38 page-4966190e7ca45b28.js:1:14434
     SUBTOTAL: 871.14 page-4966190e7ca45b28.js:1:14530
  5603. DL-00181 (2026-01-19T00:00:00.000Z): page-4966190e7ca45b28.js:1:14168
     - Brown Bread: 1 × 13.99 = 13.99 page-4966190e7ca45b28.js:1:14434
     - White Bread: 1 × 16.29 = 16.29 page-4966190e7ca45b28.js:1:14434
     - Cheese Slice: 8 × 3.056 = 24.45 page-4966190e7ca45b28.js:1:14434
     - Eggs: 20 × 2 = 40.00 page-4966190e7ca45b28.js:1:14434
     - Rama: 1 × 50.667 = 50.67 page-4966190e7ca45b28.js:1:14434
     - Yeast 10g: 0.5 × 42.083 = 21.04 page-4966190e7ca45b28.js:1:14434
     - Cake Flour: 5 × 14.16 = 70.80 page-4966190e7ca45b28.js:1:14434
     - Self Raising Flour: 2.5 × 16 = 40.00 page-4966190e7ca45b28.js:1:14434
     - Umcenge Milk: 2 × 18.333 = 36.67 page-4966190e7ca45b28.js:1:14434
     - Ham: 0.5 × 112.995 = 56.50 page-4966190e7ca45b28.js:1:14434
     - Brown Sugar: 1.3 × 17.84 = 23.19 page-4966190e7ca45b28.js:1:14434
     - Tomatoes: 1 × 16.99 = 16.99 page-4966190e7ca45b28.js:1:14434
     - Emasi: 2 × 14.995 = 29.99 page-4966190e7ca45b28.js:1:14434
     - Vanilla Essence: 1 × 73.5 = 73.50 page-4966190e7ca45b28.js:1:14434
     - Pin Pop: 48 × 0.854 = 40.99 page-4966190e7ca45b28.js:1:14434
     - Halls: 72 × 0.35 = 25.20 page-4966190e7ca45b28.js:1:14434
     - Nik-Naks 50g: 5 × 5.583 = 27.91 page-4966190e7ca45b28.js:1:14434
     - Doritos 45g: 5 × 7.438 = 37.19 page-4966190e7ca45b28.js:1:14434
     - Simba 36g: 3 × 6.5 = 19.50 page-4966190e7ca45b28.js:1:14434
     - Stimorol: 50 × 0.97 = 48.50 page-4966190e7ca45b28.js:1:14434
     - Beef Stewing: 3.5 × 124.188 = 434.66 page-4966190e7ca45b28.js:1:14434
     - Chicken: 5.4 × 45.105 = 243.57 page-4966190e7ca45b28.js:1:14434
     - Tastic Rice: 3 × 18 = 54.00 page-4966190e7ca45b28.js:1:14434
     - Spinach: 6 × 10 = 60.00 page-4966190e7ca45b28.js:1:14434
     - Beetroot: 3 × 9.998 = 29.99 page-4966190e7ca45b28.js:1:14434
     - Red Pepper: 0.3 × 85.681 = 25.70 page-4966190e7ca45b28.js:1:14434
     - Yellow Pepper: 0.3 × 79.3 = 23.79 page-4966190e7ca45b28.js:1:14434
     - Mega Star Samp: 0.5 × 14.6 = 7.30 page-4966190e7ca45b28.js:1:14434
     - Onion: 1.5 × 7.5 = 11.25 page-4966190e7ca45b28.js:1:14434
     - Tomato Sauce: 0.75 × 50 = 37.50 page-4966190e7ca45b28.js:1:14434
     - Potatoes: 7 × 9.999 = 69.99 page-4966190e7ca45b28.js:1:14434
     - Rooibos Sachets : 1 × 2.72 = 2.72 page-4966190e7ca45b28.js:1:14434
     - Selati Brown Sugar: 1 × 0.26 = 0.26 page-4966190e7ca45b28.js:1:14434
     - Ellis Brown Sachets 4g: 1 × 1.627 = 1.63 page-4966190e7ca45b28.js:1:14434
     - FOMO 40: 1 × 0.66 = 0.66 page-4966190e7ca45b28.js:1:14434
     - Sunny Green Bar: 1 × 18.75 = 18.75 page-4966190e7ca45b28.js:1:14434
     - Soft Drink 300ml: 1 × 11.656 = 11.66 page-4966190e7ca45b28.js:1:14434
     - Liqui Fruit Can 300ml: 1 × 10.25 = 10.25 page-4966190e7ca45b28.js:1:14434
     - Liqui Fruit 1L: 1 × 22.92 = 22.92 page-4966190e7ca45b28.js:1:14434
     - Score 500ml: 1 × 8.333 = 8.33 page-4966190e7ca45b28.js:1:14434
     - Energade 500ml: 1 × 10.5 = 10.50 page-4966190e7ca45b28.js:1:14434
     - Ice-Tea 500ml: 1 × 16.5 = 16.50 page-4966190e7ca45b28.js:1:14434
     - Kingsize 300ml: 1 × 7.396 = 7.40 page-4966190e7ca45b28.js:1:14434
     - Mahewu 500ml: 1 × 9.1 = 9.10 page-4966190e7ca45b28.js:1:14434
     - Soft Drink 1L: 1 × 16.375 = 16.38 page-4966190e7ca45b28.js:1:14434
     - Sparkling Water 1.5l: 1 × 10.833 = 10.83 page-4966190e7ca45b28.js:1:14434
     SUBTOTAL: 1859.01 page-4966190e7ca45b28.js:1:14530
  5604. DL-00180 (2026-01-19T00:00:00.000Z): page-4966190e7ca45b28.js:1:14168
     - Chicken: 9.1 × 45.105 = 410.46 page-4966190e7ca45b28.js:1:14434
     - White Bread: 2 × 16.29 = 32.58 page-4966190e7ca45b28.js:1:14434
     - Top Score Maize Meal: 0.5 × 14.998 = 7.50 page-4966190e7ca45b28.js:1:14434
     - Tastic Rice: 0.5 × 18 = 9.00 page-4966190e7ca45b28.js:1:14434
     - Eggs: 5 × 2 = 10.00 page-4966190e7ca45b28.js:1:14434
     - Cheese Slice: 8 × 3.056 = 24.45 page-4966190e7ca45b28.js:1:14434
     - Onion: 1 × 7.5 = 7.50 page-4966190e7ca45b28.js:1:14434
     - Umcenge Milk: 1 × 18.333 = 18.33 page-4966190e7ca45b28.js:1:14434
     - Rooibos Tea: 20 × 0.481 = 9.62 page-4966190e7ca45b28.js:1:14434
     SUBTOTAL: 529.44 page-4966190e7ca45b28.js:1:14530
  5605. DL-00179 (2026-01-19T00:00:00.000Z): page-4966190e7ca45b28.js:1:14168
     - Yoghurt Bliss 150g: 3 × 14.49 = 43.47 page-4966190e7ca45b28.js:1:14434
     - Liqui Fruit Can 300ml: 3 × 10.25 = 30.75 page-4966190e7ca45b28.js:1:14434
     SUBTOTAL: 74.22 page-4966190e7ca45b28.js:1:14530
  5606. DL-00177 (2026-01-19T00:00:00.000Z): page-4966190e7ca45b28.js:1:14168
     - Chicken: 6.05 × 45.105 = 272.89 page-4966190e7ca45b28.js:1:14434
     - Potatoes: 10 × 9.999 = 99.99 page-4966190e7ca45b28.js:1:14434
     - Lettuce: 3 × 5 = 15.00 page-4966190e7ca45b28.js:1:14434
     - Green Pepper: 0.65 × 23.98 = 15.59 page-4966190e7ca45b28.js:1:14434
     - Red Pepper: 0.25 × 85.681 = 21.42 page-4966190e7ca45b28.js:1:14434
     - Yellow Pepper: 0.25 × 79.3 = 19.82 page-4966190e7ca45b28.js:1:14434
     - Brocolli: 0 × 29.99 = 0.00 page-4966190e7ca45b28.js:1:14434
     - Tastic Rice: 2 × 18 = 36.00 page-4966190e7ca45b28.js:1:14434
     - Liqui Fruit Can 300ml: 12 × 10.25 = 123.00 page-4966190e7ca45b28.js:1:14434
     - Still Water 500ml: 3 × 4.167 = 12.50 page-4966190e7ca45b28.js:1:14434
     SUBTOTAL: 616.21 page-4966190e7ca45b28.js:1:14530
  5607. DL-00178 (2026-01-19T00:00:00.000Z): page-4966190e7ca45b28.js:1:14168
     - Beef Stewing: 2.5 × 124.188 = 310.47 page-4966190e7ca45b28.js:1:14434
     - Chicken: 2 × 45.105 = 90.21 page-4966190e7ca45b28.js:1:14434
     - Tastic Rice: 0.5 × 18 = 9.00 page-4966190e7ca45b28.js:1:14434
     - Mega Star Samp: 0.5 × 14.6 = 7.30 page-4966190e7ca45b28.js:1:14434
     - Top Score Maize Meal: 0.6 × 14.998 = 9.00 page-4966190e7ca45b28.js:1:14434
     - Green Pepper: 0.5 × 23.98 = 11.99 page-4966190e7ca45b28.js:1:14434
     - Spinach: 4 × 10 = 40.00 page-4966190e7ca45b28.js:1:14434
     - Beetroot: 1 × 9.998 = 10.00 page-4966190e7ca45b28.js:1:14434
     - Brocolli: 1 × 29.99 = 29.99 page-4966190e7ca45b28.js:1:14434
     - Cauliflower: 1 × 29.99 = 29.99 page-4966190e7ca45b28.js:1:14434
     - Cheddar Cheese: 0.1 × 180.885 = 18.09 page-4966190e7ca45b28.js:1:14434
     - Potatoes: 3.5 × 9.999 = 35.00 page-4966190e7ca45b28.js:1:14434
     - Onion: 1.5 × 7.5 = 11.25 page-4966190e7ca45b28.js:1:14434
     - Umcenge Milk: 1 × 18.333 = 18.33 page-4966190e7ca45b28.js:1:14434
     - Cream: 0.5 × 98.02 = 49.01 page-4966190e7ca45b28.js:1:14434
     - Still Water 500ml: 16 × 4.167 = 66.67 page-4966190e7ca45b28.js:1:14434
     - Red Apples: 3 × 49.99 = 149.97 page-4966190e7ca45b28.js:1:14434
     - Hake Fillet: 0.2 × 144.336 = 28.87 page-4966190e7ca45b28.js:1:14434
     - Plain Yoghurt 150G: 4 × 14.49 = 57.96 page-4966190e7ca45b28.js:1:14434
     - Krush 200ML: 1 × 35.833 = 35.83 page-4966190e7ca45b28.js:1:14434
     SUBTOTAL: 1018.93 page-4966190e7ca45b28.js:1:14530
  5608. DL-00176 (2026-01-19T00:00:00.000Z): page-4966190e7ca45b28.js:1:14168
     - Brown Bread: 3 × 13.99 = 41.97 page-4966190e7ca45b28.js:1:14434
     - White Bread: 1 × 16.29 = 16.29 page-4966190e7ca45b28.js:1:14434
     - Beef Sausages: 1 × 160 = 160.00 page-4966190e7ca45b28.js:1:14434
     - Pork Sausages: 1 × 96.99 = 96.99 page-4966190e7ca45b28.js:1:14434
     - Top Score Maize Meal: 0.6 × 14.998 = 9.00 page-4966190e7ca45b28.js:1:14434
     - Selati Brown Sugar: 90 × 0.26 = 23.40 page-4966190e7ca45b28.js:1:14434
     - Rooibos Sachets : 10 × 2.72 = 27.20 page-4966190e7ca45b28.js:1:14434
     - Ellis Brown Sachets 4g: 8 × 1.627 = 13.02 page-4966190e7ca45b28.js:1:14434
     - All-Bran: 1 × 76 = 76.00 page-4966190e7ca45b28.js:1:14434
     - Canderel Sugar: 7 × 0.655 = 4.58 page-4966190e7ca45b28.js:1:14434
     - Jungle Oats: 1 × 42.5 = 42.50 page-4966190e7ca45b28.js:1:14434
     - Cauliflower: 1 × 29.99 = 29.99 page-4966190e7ca45b28.js:1:14434
     - Brocolli: 1 × 29.99 = 29.99 page-4966190e7ca45b28.js:1:14434
     - Red Pepper: 0.3 × 85.681 = 25.70 page-4966190e7ca45b28.js:1:14434
     - Yellow Pepper: 0.5 × 79.3 = 39.65 page-4966190e7ca45b28.js:1:14434
     - Ham: 0.5 × 112.995 = 56.50 page-4966190e7ca45b28.js:1:14434
     - Umcenge Milk: 4 × 18.333 = 73.33 page-4966190e7ca45b28.js:1:14434
     - Eggs: 22 × 2 = 44.00 page-4966190e7ca45b28.js:1:14434
     - Cheese Slice: 16 × 3.056 = 48.90 page-4966190e7ca45b28.js:1:14434
     - Tomatoes: 1 × 16.99 = 16.99 page-4966190e7ca45b28.js:1:14434
     - Lettuce: 1 × 5 = 5.00 page-4966190e7ca45b28.js:1:14434
     - Rama: 0.5 × 50.667 = 25.33 page-4966190e7ca45b28.js:1:14434
     - Liqui Fruit Can 300ml: 8 × 10.25 = 82.00 page-4966190e7ca45b28.js:1:14434
     - Yoghurt Bliss 150g: 3 × 14.49 = 43.47 page-4966190e7ca45b28.js:1:14434
     - Still Water 500ml: 3 × 4.167 = 12.50 page-4966190e7ca45b28.js:1:14434
     - Jacobs Sachets: 2 × 4.25 = 8.50 page-4966190e7ca45b28.js:1:14434
     SUBTOTAL: 1052.80 page-4966190e7ca45b28.js:1:14530
  5609. DL-00182 (2026-01-18T00:00:00.000Z): page-4966190e7ca45b28.js:1:14168
     - Brown Bread: 2 × 13.99 = 27.98 page-4966190e7ca45b28.js:1:14434
     - White Bread: 1 × 16.29 = 16.29 page-4966190e7ca45b28.js:1:14434
     - Ox-Liver: 0.8 × 70 = 56.00 page-4966190e7ca45b28.js:1:14434
     - Eggs: 20 × 2 = 40.00 page-4966190e7ca45b28.js:1:14434
     - Umcenge Milk: 4 × 18.333 = 73.33 page-4966190e7ca45b28.js:1:14434
     - Top Score Maize Meal: 0.5 × 14.998 = 7.50 page-4966190e7ca45b28.js:1:14434
     - Ellis Brown Sachets 4g: 4 × 1.627 = 6.51 page-4966190e7ca45b28.js:1:14434
     - Selati Brown Sugar: 94 × 0.26 = 24.44 page-4966190e7ca45b28.js:1:14434
     - Canderel Sugar: 3 × 0.655 = 1.97 page-4966190e7ca45b28.js:1:14434
     - Rooibos Sachets : 2 × 2.72 = 5.44 page-4966190e7ca45b28.js:1:14434
     - Jungle Oats: 1 × 42.5 = 42.50 page-4966190e7ca45b28.js:1:14434
     - Baby Marrow: 1 × 39.975 = 39.98 page-4966190e7ca45b28.js:1:14434
     - Red Pepper: 0.25 × 85.681 = 21.42 page-4966190e7ca45b28.js:1:14434
     - Yellow Pepper: 0.2 × 79.3 = 15.86 page-4966190e7ca45b28.js:1:14434
     - Lettuce: 1 × 5 = 5.00 page-4966190e7ca45b28.js:1:14434
     - Liqui Fruit Can 300ml: 7 × 10.25 = 71.75 page-4966190e7ca45b28.js:1:14434
     - Still Water 500ml: 2 × 4.167 = 8.33 page-4966190e7ca45b28.js:1:14434
     - Cheese Slice: 6 × 3.056 = 18.34 page-4966190e7ca45b28.js:1:14434
     - Hake Fillet: 0.2 × 144.336 = 28.87 page-4966190e7ca45b28.js:1:14434
     - Yoghurt Bliss 150g: 1 × 14.49 = 14.49 page-4966190e7ca45b28.js:1:14434
     SUBTOTAL: 525.99 page-4966190e7ca45b28.js:1:14530
  5610. DL-00169 (2026-01-18T00:00:00.000Z): page-4966190e7ca45b28.js:1:14168
     - Oros: 2 × 91 = 182.00 page-4966190e7ca45b28.js:1:14434
     - Brown Sugar: 1 × 17.84 = 17.84 page-4966190e7ca45b28.js:1:14434
     - Feta Cheese: 0.5 × 168.64 = 84.32 page-4966190e7ca45b28.js:1:14434
     - Jimmy's SAUCE (Steakhouse): 0.5 × 63.5 = 31.75 page-4966190e7ca45b28.js:1:14434
     - Chicken: 7.1 × 45.105 = 320.25 page-4966190e7ca45b28.js:1:14434
     - Cheese Slice: 6 × 3.056 = 18.34 page-4966190e7ca45b28.js:1:14434
     - Eggs: 4 × 2 = 8.00 page-4966190e7ca45b28.js:1:14434
     - Brown Bread: 1 × 13.99 = 13.99 page-4966190e7ca45b28.js:1:14434
     - White Bread: 1 × 16.29 = 16.29 page-4966190e7ca45b28.js:1:14434
     - Emabele: 1 × 16 = 16.00 page-4966190e7ca45b28.js:1:14434
     - Top Score Maize Meal: 1.4 × 12.2 = 17.08 page-4966190e7ca45b28.js:1:14434
     - Tastic Rice: 0.5 × 18 = 9.00 page-4966190e7ca45b28.js:1:14434
     SUBTOTAL: 734.85 page-4966190e7ca45b28.js:1:14530
  5611. DL-00185 (2026-01-18T00:00:00.000Z): page-4966190e7ca45b28.js:1:14168
     - Brown Bread: 1 × 13.99 = 13.99 page-4966190e7ca45b28.js:1:14434
     - Pork Chops: 1.101 × 93.288 = 102.71 page-4966190e7ca45b28.js:1:14434
     - Beef Chuck: 0.4 × 130.674 = 52.27 page-4966190e7ca45b28.js:1:14434
     - Umcenge Milk: 1 × 18.333 = 18.33 page-4966190e7ca45b28.js:1:14434
     - Eggs: 4 × 2 = 8.00 page-4966190e7ca45b28.js:1:14434
     - Cheese Slice: 6 × 3.056 = 18.34 page-4966190e7ca45b28.js:1:14434
     - Chicken: 3 × 45.105 = 135.31 page-4966190e7ca45b28.js:1:14434
     - Macaroni: 0.5 × 32 = 16.00 page-4966190e7ca45b28.js:1:14434
     SUBTOTAL: 364.95 page-4966190e7ca45b28.js:1:14530
  5612. DL-00183 (2026-01-18T00:00:00.000Z): page-4966190e7ca45b28.js:1:14168
     - Beef Chuck: 2.199 × 130.674 = 287.35 page-4966190e7ca45b28.js:1:14434
     - Pork Sliced: 1 × 93 = 93.00 page-4966190e7ca45b28.js:1:14434
     - Tastic Rice: 0.5 × 18 = 9.00 page-4966190e7ca45b28.js:1:14434
     - Potatoes: 4 × 9.999 = 40.00 page-4966190e7ca45b28.js:1:14434
     - Top Score Maize Meal: 1.35 × 14.998 = 20.25 page-4966190e7ca45b28.js:1:14434
     - Lettuce: 1 × 5 = 5.00 page-4966190e7ca45b28.js:1:14434
     - Cucumber: 1 × 16.99 = 16.99 page-4966190e7ca45b28.js:1:14434
     - Red Pepper: 0.25 × 85.681 = 21.42 page-4966190e7ca45b28.js:1:14434
     - Yellow Pepper: 0.2 × 79.3 = 15.86 page-4966190e7ca45b28.js:1:14434
     - Tomatoes: 1 × 16.99 = 16.99 page-4966190e7ca45b28.js:1:14434
     - Red Apples: 1.5 × 49.99 = 74.98 page-4966190e7ca45b28.js:1:14434
     - Still Water 500ml: 14 × 4.167 = 58.34 page-4966190e7ca45b28.js:1:14434
     - Cooking Oil: 1 × 30 = 30.00 page-4966190e7ca45b28.js:1:14434
     - Hake Fillet: 0.1 × 144.336 = 14.43 page-4966190e7ca45b28.js:1:14434
     - Cauliflower: 1 × 26.99 = 26.99 page-4966190e7ca45b28.js:1:14434
     - Liqui Fruit Can 300ml: 1 × 10.25 = 10.25 page-4966190e7ca45b28.js:1:14434
     - Plain Yoghurt 150G: 1 × 14.49 = 14.49 page-4966190e7ca45b28.js:1:14434
     - Krush 200ML: 1 × 35.833 = 35.83 page-4966190e7ca45b28.js:1:14434
     - Chicken: 3.2 × 45.105 = 144.34 page-4966190e7ca45b28.js:1:14434
     - Koo Beans 410g: 2 × 14.167 = 28.33 page-4966190e7ca45b28.js:1:14434
     - Onion: 1 × 7.5 = 7.50 page-4966190e7ca45b28.js:1:14434
     SUBTOTAL: 971.35 page-4966190e7ca45b28.js:1:14530
  5613. DL-00187 (2026-01-18T00:00:00.000Z): page-4966190e7ca45b28.js:1:14168
     - Brown Bread: 1 × 13.99 = 13.99 page-4966190e7ca45b28.js:1:14434
     - White Bread: 1 × 16.29 = 16.29 page-4966190e7ca45b28.js:1:14434
     - Eggs: 4 × 2 = 8.00 page-4966190e7ca45b28.js:1:14434
     - Cheese Slice: 4 × 3.056 = 12.22 page-4966190e7ca45b28.js:1:14434
     - Cooking Oil: 2 × 30 = 60.00 page-4966190e7ca45b28.js:1:14434
     - Mayonnaise: 1 × 52.667 = 52.67 page-4966190e7ca45b28.js:1:14434
     - Cake Flour: 3 × 14.16 = 42.48 page-4966190e7ca45b28.js:1:14434
     - Endearmints: 250 × 0.568 = 142.00 page-4966190e7ca45b28.js:1:14434
     - FOMO 73: 250 × 0.368 = 92.00 page-4966190e7ca45b28.js:1:14434
     - Chicken: 3.5 × 45.105 = 157.87 page-4966190e7ca45b28.js:1:14434
     - Tastic Rice: 1 × 18 = 18.00 page-4966190e7ca45b28.js:1:14434
     - Lettuce: 1 × 5 = 5.00 page-4966190e7ca45b28.js:1:14434
     - Pork Sliced: 0.4 × 93 = 37.20 page-4966190e7ca45b28.js:1:14434
     - Onion: 1 × 7.5 = 7.50 page-4966190e7ca45b28.js:1:14434
     - Kingsize 300ml: 2 × 7.396 = 14.79 page-4966190e7ca45b28.js:1:14434
     - Soft Drink 2L: 1 × 22.5 = 22.50 page-4966190e7ca45b28.js:1:14434
     - Soft Drink 300ml: 1 × 11.656 = 11.66 page-4966190e7ca45b28.js:1:14434
     - Brown Sugar: 0.75 × 17.84 = 13.38 page-4966190e7ca45b28.js:1:14434
     - Yeast 10g: 3 × 42.083 = 126.25 page-4966190e7ca45b28.js:1:14434
     SUBTOTAL: 853.80 page-4966190e7ca45b28.js:1:14530
  5614. DL-00184 (2026-01-18T00:00:00.000Z): page-4966190e7ca45b28.js:1:14168
     - Chicken: 2.15 × 45.105 = 96.98 page-4966190e7ca45b28.js:1:14434
     - Makhaya Chicken: 2 × 100 = 200.00 page-4966190e7ca45b28.js:1:14434
     - Cooking Oil: 1 × 30 = 30.00 page-4966190e7ca45b28.js:1:14434
     - Self Raising Flour: 1 × 15.996 = 16.00 page-4966190e7ca45b28.js:1:14434
     - Umcenge Milk: 1 × 18.333 = 18.33 page-4966190e7ca45b28.js:1:14434
     - Eggs: 5 × 2 = 10.00 page-4966190e7ca45b28.js:1:14434
     - Rama: 0.5 × 50.667 = 25.33 page-4966190e7ca45b28.js:1:14434
     - Onion: 1 × 7.5 = 7.50 page-4966190e7ca45b28.js:1:14434
     - Cauliflower: 1 × 26.99 = 26.99 page-4966190e7ca45b28.js:1:14434
     - Honey 375g: 1 × 63.333 = 63.33 page-4966190e7ca45b28.js:1:14434
     - Cabbage: 1 × 15 = 15.00 page-4966190e7ca45b28.js:1:14434
     - Hake Fillet: 0.2 × 144.336 = 28.87 page-4966190e7ca45b28.js:1:14434
     - Green Pepper: 0.65 × 23.98 = 15.59 page-4966190e7ca45b28.js:1:14434
     - Liqui Fruit Can 300ml: 12 × 10.25 = 123.00 page-4966190e7ca45b28.js:1:14434
     - Krush 200ML: 2 × 35.833 = 71.67 page-4966190e7ca45b28.js:1:14434
     - Still Water 500ml: 4 × 4.167 = 16.67 page-4966190e7ca45b28.js:1:14434
     - Plain Yoghurt 150G: 4 × 14.49 = 57.96 page-4966190e7ca45b28.js:1:14434
     - Yoghurt Bliss 150g: 1 × 14.49 = 14.49 page-4966190e7ca45b28.js:1:14434
     SUBTOTAL: 837.70 page-4966190e7ca45b28.js:1:14530
  5615. DL-00172 (2026-01-17T00:00:00.000Z): page-4966190e7ca45b28.js:1:14168
     - Chicken: 4.73 × 45.105 = 213.35 page-4966190e7ca45b28.js:1:14434
     - Hake Fillet: 0.25 × 144.336 = 36.08 page-4966190e7ca45b28.js:1:14434
     - Tastic Rice: 1 × 18 = 18.00 page-4966190e7ca45b28.js:1:14434
     - Potatoes: 3 × 10.713 = 32.14 page-4966190e7ca45b28.js:1:14434
     - Cake Flour: 1 × 14.16 = 14.16 page-4966190e7ca45b28.js:1:14434
     - Red Pepper: 0.3 × 85.681 = 25.70 page-4966190e7ca45b28.js:1:14434
     - Butternut: 2 × 9.999 = 20.00 page-4966190e7ca45b28.js:1:14434
     - Spinach: 4 × 10 = 40.00 page-4966190e7ca45b28.js:1:14434
     - Red Cabbage: 1 × 29.99 = 29.99 page-4966190e7ca45b28.js:1:14434
     - Krush 200ML: 2 × 35.833 = 71.67 page-4966190e7ca45b28.js:1:14434
     - Liqui Fruit Can 300ml: 9 × 10.25 = 92.25 page-4966190e7ca45b28.js:1:14434
     - Still Water 500ml: 3 × 4.167 = 12.50 page-4966190e7ca45b28.js:1:14434
     - Plain Yoghurt 150G: 1 × 14.49 = 14.49 page-4966190e7ca45b28.js:1:14434
     - Top Class Aromat: 0.2 × 73 = 14.60 page-4966190e7ca45b28.js:1:14434
     - Mayonnaise: 1 × 52.667 = 52.67 page-4966190e7ca45b28.js:1:14434
     - Yellow Pepper: 0.2 × 79.3 = 15.86 page-4966190e7ca45b28.js:1:14434
     SUBTOTAL: 703.46 page-4966190e7ca45b28.js:1:14530
  5616. DL-00174 (2026-01-17T00:00:00.000Z): page-4966190e7ca45b28.js:1:14168
     - Chicken: 6.6 × 45.105 = 297.69 page-4966190e7ca45b28.js:1:14434
     - Cheese Slice: 7 × 3.056 = 21.39 page-4966190e7ca45b28.js:1:14434
     - Tastic Rice: 1 × 18 = 18.00 page-4966190e7ca45b28.js:1:14434
     - Eggs: 4 × 2 = 8.00 page-4966190e7ca45b28.js:1:14434
     SUBTOTAL: 345.08 page-4966190e7ca45b28.js:1:14530
  5617. DL-00173 (2026-01-17T00:00:00.000Z): page-4966190e7ca45b28.js:1:14168
     - Yoghurt Bliss 150g: 1 × 14.49 = 14.49 page-4966190e7ca45b28.js:1:14434
     - Plain Yoghurt 150G: 1 × 14.49 = 14.49 page-4966190e7ca45b28.js:1:14434
     - Watermelon: 1.6 × 79.99 = 127.98 page-4966190e7ca45b28.js:1:14434
     SUBTOTAL: 156.96 page-4966190e7ca45b28.js:1:14530
  5618. DL-00170 (2026-01-17T00:00:00.000Z): page-4966190e7ca45b28.js:1:14168
     - Brown Bread: 2 × 13.99 = 27.98 page-4966190e7ca45b28.js:1:14434
     - White Bread: 1 × 16.29 = 16.29 page-4966190e7ca45b28.js:1:14434
     - Eggs: 34 × 2 = 68.00 page-4966190e7ca45b28.js:1:14434
     - Umcenge Milk: 3 × 18.333 = 55.00 page-4966190e7ca45b28.js:1:14434
     - Rooibos Sachets : 12 × 2.72 = 32.64 page-4966190e7ca45b28.js:1:14434
     - Ellis Brown Sachets 4g: 8 × 1.627 = 13.02 page-4966190e7ca45b28.js:1:14434
     - Canderel Sugar: 12 × 0.655 = 7.86 page-4966190e7ca45b28.js:1:14434
     - Top Score Maize Meal: 0.6 × 12.2 = 7.32 page-4966190e7ca45b28.js:1:14434
     - Jungle Oats: 1 × 42.5 = 42.50 page-4966190e7ca45b28.js:1:14434
     - Jacobs Sachets: 3 × 4.25 = 12.75 page-4966190e7ca45b28.js:1:14434
     - Red Pepper: 0.45 × 85.681 = 38.56 page-4966190e7ca45b28.js:1:14434
     - Yellow Pepper: 0.4 × 79.3 = 31.72 page-4966190e7ca45b28.js:1:14434
     - Brocolli: 1 × 29.99 = 29.99 page-4966190e7ca45b28.js:1:14434
     - Cauliflower: 1 × 29.99 = 29.99 page-4966190e7ca45b28.js:1:14434
     - Hake Fillet: 0.2 × 144.336 = 28.87 page-4966190e7ca45b28.js:1:14434
     - Cheddar Cheese: 0.25 × 180.885 = 45.22 page-4966190e7ca45b28.js:1:14434
     - Cheese Slice: 2 × 3.056 = 6.11 page-4966190e7ca45b28.js:1:14434
     - Mushrooms: 0.2 × 159.96 = 31.99 page-4966190e7ca45b28.js:1:14434
     - Koo Beans 410g: 3 × 14.167 = 42.50 page-4966190e7ca45b28.js:1:14434
     - Liqui Fruit Can 300ml: 10 × 10.25 = 102.50 page-4966190e7ca45b28.js:1:14434
     - Krush 200ML: 1 × 35.833 = 35.83 page-4966190e7ca45b28.js:1:14434
     - Plain Yoghurt 150G: 1 × 14.49 = 14.49 page-4966190e7ca45b28.js:1:14434
     - Yoghurt Bliss 150g: 1 × 14.49 = 14.49 page-4966190e7ca45b28.js:1:14434
     - Selati Brown Sugar: 94 × 0.26 = 24.44 page-4966190e7ca45b28.js:1:14434
     SUBTOTAL: 760.06 page-4966190e7ca45b28.js:1:14530
  5619. DL-00171 (2026-01-17T00:00:00.000Z): page-4966190e7ca45b28.js:1:14168
     - Spur Ribs: 4 × 123.876 = 495.50 page-4966190e7ca45b28.js:1:14434
     - Chicken: 3.5 × 45.105 = 157.87 page-4966190e7ca45b28.js:1:14434
     - Tastic Rice: 1 × 18 = 18.00 page-4966190e7ca45b28.js:1:14434
     - Potatoes: 7 × 10.713 = 74.99 page-4966190e7ca45b28.js:1:14434
     - Lettuce: 2 × 5 = 10.00 page-4966190e7ca45b28.js:1:14434
     - Red Pepper: 0.25 × 85.681 = 21.42 page-4966190e7ca45b28.js:1:14434
     - Yellow Pepper: 0.5 × 79.3 = 39.65 page-4966190e7ca45b28.js:1:14434
     - Carrots: 3 × 9.998 = 29.99 page-4966190e7ca45b28.js:1:14434
     - Onion: 1 × 7.5 = 7.50 page-4966190e7ca45b28.js:1:14434
     - Tomatoes: 1 × 16.99 = 16.99 page-4966190e7ca45b28.js:1:14434
     - Still Water 500ml: 16 × 4.167 = 66.67 page-4966190e7ca45b28.js:1:14434
     - Banana: 1.2 × 15.825 = 18.99 page-4966190e7ca45b28.js:1:14434
     - Nectarines: 1 × 29.99 = 29.99 page-4966190e7ca45b28.js:1:14434
     - Pork Chops: 0.2 × 93.288 = 18.66 page-4966190e7ca45b28.js:1:14434
     - Cabbage: 1 × 17.99 = 17.99 page-4966190e7ca45b28.js:1:14434
     - Liqui Fruit Can 300ml: 2 × 10.25 = 20.50 page-4966190e7ca45b28.js:1:14434
     - Top Class Aromat: 0.2 × 73 = 14.60 page-4966190e7ca45b28.js:1:14434
     - Top Score Maize Meal: 1 × 12.2 = 12.20 page-4966190e7ca45b28.js:1:14434
     SUBTOTAL: 1071.52 page-4966190e7ca45b28.js:1:14530
  5620. DL-00175 (2026-01-17T00:00:00.000Z): page-4966190e7ca45b28.js:1:14168
     - Brown Bread: 1 × 13.99 = 13.99 page-4966190e7ca45b28.js:1:14434
     - White Bread: 1 × 16.29 = 16.29 page-4966190e7ca45b28.js:1:14434
     - Cheese Slice: 5 × 3.056 = 15.28 page-4966190e7ca45b28.js:1:14434
     - Eggs: 5 × 2 = 10.00 page-4966190e7ca45b28.js:1:14434
     - Yeast 10g: 0.3 × 42.083 = 12.62 page-4966190e7ca45b28.js:1:14434
     - Cake Flour: 1 × 14.16 = 14.16 page-4966190e7ca45b28.js:1:14434
     - Brown Sugar: 1 × 17.84 = 17.84 page-4966190e7ca45b28.js:1:14434
     - Cooking Oil: 1 × 30 = 30.00 page-4966190e7ca45b28.js:1:14434
     - Smoothies: 144 × 0.279 = 40.18 page-4966190e7ca45b28.js:1:14434
     - Halls: 100 × 0.35 = 35.00 page-4966190e7ca45b28.js:1:14434
     - Eclairs: 50 × 0.53 = 26.50 page-4966190e7ca45b28.js:1:14434
     - Beef Stewing: 1.4 × 124.188 = 173.86 page-4966190e7ca45b28.js:1:14434
     - Chicken: 3 × 45.105 = 135.31 page-4966190e7ca45b28.js:1:14434
     - Tastic Rice: 1.5 × 18 = 27.00 page-4966190e7ca45b28.js:1:14434
     - Onion: 1 × 7.5 = 7.50 page-4966190e7ca45b28.js:1:14434
     - Spur Ribs: 1 × 123.876 = 123.88 page-4966190e7ca45b28.js:1:14434
     - Lettuce: 1 × 5 = 5.00 page-4966190e7ca45b28.js:1:14434
     - Butternut: 2 × 9.999 = 20.00 page-4966190e7ca45b28.js:1:14434
     - Mayonnaise: 1 × 52.667 = 52.67 page-4966190e7ca45b28.js:1:14434
     SUBTOTAL: 777.08 page-4966190e7ca45b28.js:1:14530
  5621. DL-00165 (2026-01-16T00:00:00.000Z): page-4966190e7ca45b28.js:1:14168
     - Chicken: 3.6 × 45.105 = 162.38 page-4966190e7ca45b28.js:1:14434
     - Beef Stewing: 3.5 × 124.188 = 434.66 page-4966190e7ca45b28.js:1:14434
     - Tastic Rice: 1 × 18 = 18.00 page-4966190e7ca45b28.js:1:14434
     - Top Score Maize Meal: 0.7 × 12.2 = 8.54 page-4966190e7ca45b28.js:1:14434
     - Exotic Six 4 All: 0.5 × 83 = 41.50 page-4966190e7ca45b28.js:1:14434
     - Jimmy's SAUCE (Steakhouse): 0.5 × 63.5 = 31.75 page-4966190e7ca45b28.js:1:14434
     - Cooking Oil: 1 × 30 = 30.00 page-4966190e7ca45b28.js:1:14434
     - Beef Stock Cubes 240g: 1 × 27.99 = 27.99 page-4966190e7ca45b28.js:1:14434
     - Potatoes: 3 × 10.713 = 32.14 page-4966190e7ca45b28.js:1:14434
     - Still Water 500ml: 18 × 4.167 = 75.01 page-4966190e7ca45b28.js:1:14434
     - Banana: 1.2 × 15.825 = 18.99 page-4966190e7ca45b28.js:1:14434
     - Red Apples: 1.5 × 49.99 = 74.98 page-4966190e7ca45b28.js:1:14434
     - Krush 200ML: 1 × 35.833 = 35.83 page-4966190e7ca45b28.js:1:14434
     - Plain Yoghurt 150G: 2 × 14.49 = 28.98 page-4966190e7ca45b28.js:1:14434
     SUBTOTAL: 1020.75 page-4966190e7ca45b28.js:1:14530
  5622. DL-00161 (2026-01-16T00:00:00.000Z): page-4966190e7ca45b28.js:1:14168
     - Chicken: 7.65 × 45.105 = 345.05 page-4966190e7ca45b28.js:1:14434
     - Oros: 1.5 × 91 = 136.50 page-4966190e7ca45b28.js:1:14434
     - Eggs: 4 × 2 = 8.00 page-4966190e7ca45b28.js:1:14434
     - Cheese Slice: 5 × 3.056 = 15.28 page-4966190e7ca45b28.js:1:14434
     - Top Score Maize Meal: 0.6 × 12.2 = 7.32 page-4966190e7ca45b28.js:1:14434
     - Emabele: 0.5 × 16 = 8.00 page-4966190e7ca45b28.js:1:14434
     SUBTOTAL: 520.15 page-4966190e7ca45b28.js:1:14530
  5623. DL-00164 (2026-01-16T00:00:00.000Z): page-4966190e7ca45b28.js:1:14168
     - Brown Bread: 3 × 13.99 = 41.97 page-4966190e7ca45b28.js:1:14434
     - White Bread: 1 × 16.29 = 16.29 page-4966190e7ca45b28.js:1:14434
     - Low GI Bread 400g : 1 × 24.99 = 24.99 page-4966190e7ca45b28.js:1:14434
     - Mushrooms: 1 × 159.96 = 159.96 page-4966190e7ca45b28.js:1:14434
     - Chicken Gizzards: 2 × 41.075 = 82.15 page-4966190e7ca45b28.js:1:14434
     - Top Score Maize Meal: 1.5 × 12.2 = 18.30 page-4966190e7ca45b28.js:1:14434
     - Selati Brown Sugar: 100 × 0.26 = 26.00 page-4966190e7ca45b28.js:1:14434
     - Rooibos Sachets : 13 × 2.72 = 35.36 page-4966190e7ca45b28.js:1:14434
     - Canderel Sugar: 9 × 0.655 = 5.90 page-4966190e7ca45b28.js:1:14434
     - Ellis Brown Sachets 4g: 11 × 1.627 = 17.90 page-4966190e7ca45b28.js:1:14434
     - Corn-flakes: 1 × 65 = 65.00 page-4966190e7ca45b28.js:1:14434
     - Eggs: 30 × 2 = 60.00 page-4966190e7ca45b28.js:1:14434
     - Umcenge Milk: 4 × 18.333 = 73.33 page-4966190e7ca45b28.js:1:14434
     - Hake Fillet: 0.2 × 144.336 = 28.87 page-4966190e7ca45b28.js:1:14434
     - Red Pepper: 0.5 × 85.681 = 42.84 page-4966190e7ca45b28.js:1:14434
     - Yellow Pepper: 0.5 × 79.3 = 39.65 page-4966190e7ca45b28.js:1:14434
     - Red Onion: 0.5 × 29 = 14.50 page-4966190e7ca45b28.js:1:14434
     - Tomatoes: 1 × 16.99 = 16.99 page-4966190e7ca45b28.js:1:14434
     - Plain Yoghurt 150G: 1 × 14.49 = 14.49 page-4966190e7ca45b28.js:1:14434
     - Liqui Fruit Can 300ml: 13 × 10.25 = 133.25 page-4966190e7ca45b28.js:1:14434
     - Krush 200ML: 2 × 35.833 = 71.67 page-4966190e7ca45b28.js:1:14434
     - Nectarines: 1 × 29.99 = 29.99 page-4966190e7ca45b28.js:1:14434
     - Rama: 0.5 × 50.667 = 25.33 page-4966190e7ca45b28.js:1:14434
     - Emabele: 1.2 × 16 = 19.20 page-4966190e7ca45b28.js:1:14434
     - Cheese Slice: 4 × 3.056 = 12.22 page-4966190e7ca45b28.js:1:14434
     - Jungle Oats: 2 × 42.5 = 85.00 page-4966190e7ca45b28.js:1:14434
     - Yoghurt Bliss 150g: 2 × 14.49 = 28.98 page-4966190e7ca45b28.js:1:14434
     SUBTOTAL: 1190.13 page-4966190e7ca45b28.js:1:14530
  5624. DL-00155 (2026-01-16T00:00:00.000Z): page-4966190e7ca45b28.js:1:14168
     - Pork Chops: 1.05 × 93.288 = 97.95 page-4966190e7ca45b28.js:1:14434
     - Beef Chuck: 1.92 × 130.674 = 250.89 page-4966190e7ca45b28.js:1:14434
     - Chicken: 3.35 × 45.105 = 151.10 page-4966190e7ca45b28.js:1:14434
     - Brocolli: 1 × 29.99 = 29.99 page-4966190e7ca45b28.js:1:14434
     - Cauliflower: 1 × 29.99 = 29.99 page-4966190e7ca45b28.js:1:14434
     - Lettuce: 1 × 5 = 5.00 page-4966190e7ca45b28.js:1:14434
     - Tomatoes: 1 × 16.99 = 16.99 page-4966190e7ca45b28.js:1:14434
     - Liqui Fruit Can 300ml: 6 × 10.25 = 61.50 page-4966190e7ca45b28.js:1:14434
     - Potatoes: 10 × 10.713 = 107.13 page-4966190e7ca45b28.js:1:14434
     SUBTOTAL: 750.55 page-4966190e7ca45b28.js:1:14530
  5625. DL-00166 (2026-01-16T00:00:00.000Z): page-4966190e7ca45b28.js:1:14168
     - Feta Cheese: 0.5 × 168.64 = 84.32 page-4966190e7ca45b28.js:1:14434
     - Cooking Oil: 3 × 30 = 90.00 page-4966190e7ca45b28.js:1:14434
     - Chicken: 7.9 × 45.105 = 356.33 page-4966190e7ca45b28.js:1:14434
     - Hake Fillet: 0.2 × 144.336 = 28.87 page-4966190e7ca45b28.js:1:14434
     - Butternut: 7 × 9.999 = 69.99 page-4966190e7ca45b28.js:1:14434
     - Top Score Maize Meal: 1.2 × 12.2 = 14.64 page-4966190e7ca45b28.js:1:14434
     - Tastic Rice: 1 × 18 = 18.00 page-4966190e7ca45b28.js:1:14434
     - Liqui Fruit Can 300ml: 18 × 10.25 = 184.50 page-4966190e7ca45b28.js:1:14434
     - Krush 200ML: 3 × 35.833 = 107.50 page-4966190e7ca45b28.js:1:14434
     - Still Water 500ml: 4 × 4.167 = 16.67 page-4966190e7ca45b28.js:1:14434
     - Plain Yoghurt 150G: 1 × 14.49 = 14.49 page-4966190e7ca45b28.js:1:14434
     - Brocolli: 1 × 29.99 = 29.99 page-4966190e7ca45b28.js:1:14434
     - Cauliflower: 1 × 29.99 = 29.99 page-4966190e7ca45b28.js:1:14434
     - Beef Chuck: 0.4 × 130.674 = 52.27 page-4966190e7ca45b28.js:1:14434
     SUBTOTAL: 1097.56 page-4966190e7ca45b28.js:1:14530
  5626. DL-00168 (2026-01-16T00:00:00.000Z): page-4966190e7ca45b28.js:1:14168
     - Umcenge Milk: 1 × 18.333 = 18.33 page-4966190e7ca45b28.js:1:14434
     - Liqui Fruit Can 300ml: 2 × 10.25 = 20.50 page-4966190e7ca45b28.js:1:14434
     - Yoghurt Bliss 150g: 2 × 14.49 = 28.98 page-4966190e7ca45b28.js:1:14434
     SUBTOTAL: 67.81 page-4966190e7ca45b28.js:1:14530
  5627. DL-00167 (2026-01-16T00:00:00.000Z): page-4966190e7ca45b28.js:1:14168
     - Brown Bread: 1 × 13.99 = 13.99 page-4966190e7ca45b28.js:1:14434
     - White Bread: 1 × 16.29 = 16.29 page-4966190e7ca45b28.js:1:14434
     - Self Raising Flour: 2.6 × 16 = 41.60 page-4966190e7ca45b28.js:1:14434
     - Cake Flour: 5 × 14.16 = 70.80 page-4966190e7ca45b28.js:1:14434
     - Brown Sugar: 1.3 × 17.84 = 23.19 page-4966190e7ca45b28.js:1:14434
     - White Sugar: 1 × 19.4 = 19.40 page-4966190e7ca45b28.js:1:14434
     - Cream: 0.25 × 98.02 = 24.50 page-4966190e7ca45b28.js:1:14434
     - Umcenge Milk: 1 × 18.333 = 18.33 page-4966190e7ca45b28.js:1:14434
     - Rama: 1 × 50.667 = 50.67 page-4966190e7ca45b28.js:1:14434
     - Eggs: 18 × 2 = 36.00 page-4966190e7ca45b28.js:1:14434
     - Lettuce: 1 × 5 = 5.00 page-4966190e7ca45b28.js:1:14434
     - Ham: 0.5 × 112.995 = 56.50 page-4966190e7ca45b28.js:1:14434
     - Cooking Oil: 2.001 × 30 = 60.03 page-4966190e7ca45b28.js:1:14434
     - Cheese Slice: 9 × 3.056 = 27.50 page-4966190e7ca45b28.js:1:14434
     - Rooibos Sachets : 2 × 2.72 = 5.44 page-4966190e7ca45b28.js:1:14434
     - Ellis Brown Sachets 4g: 2 × 1.627 = 3.25 page-4966190e7ca45b28.js:1:14434
     - Selati Brown Sugar: 6 × 0.26 = 1.56 page-4966190e7ca45b28.js:1:14434
     - Jacobs Sachets: 3 × 4.25 = 12.75 page-4966190e7ca45b28.js:1:14434
     - Doritos 45g: 5 × 7.438 = 37.19 page-4966190e7ca45b28.js:1:14434
     - Nik-Naks 50g: 5 × 5.583 = 27.91 page-4966190e7ca45b28.js:1:14434
     SUBTOTAL: 551.92 page-4966190e7ca45b28.js:1:14530
  5628. DL-00159 (2026-01-15T00:00:00.000Z): page-4966190e7ca45b28.js:1:14168
     - Onion: 1 × 7.5 = 7.50 page-4966190e7ca45b28.js:1:14434
     - Red Onion: 0.5 × 29 = 14.50 page-4966190e7ca45b28.js:1:14434
     - Feta Cheese: 0.5 × 168.64 = 84.32 page-4966190e7ca45b28.js:1:14434
     - Chicken: 7.95 × 45.105 = 358.58 page-4966190e7ca45b28.js:1:14434
     - Lettuce: 2 × 5 = 10.00 page-4966190e7ca45b28.js:1:14434
     - Cucumber: 1 × 17.99 = 17.99 page-4966190e7ca45b28.js:1:14434
     - Red Pepper: 0.2 × 85.681 = 17.14 page-4966190e7ca45b28.js:1:14434
     - Yellow Pepper: 0.2 × 79.3 = 15.86 page-4966190e7ca45b28.js:1:14434
     - Potatoes: 5 × 10.713 = 53.56 page-4966190e7ca45b28.js:1:14434
     - Green Pepper: 0.5 × 23.98 = 11.99 page-4966190e7ca45b28.js:1:14434
     - Butternut: 4 × 9.999 = 40.00 page-4966190e7ca45b28.js:1:14434
     - Liqui Fruit Can 300ml: 15 × 10.25 = 153.75 page-4966190e7ca45b28.js:1:14434
     - Krush 200ML: 4 × 35.833 = 143.33 page-4966190e7ca45b28.js:1:14434
     - Still Water 500ml: 4 × 4.167 = 16.67 page-4966190e7ca45b28.js:1:14434
     - Plain Yoghurt 150G: 2 × 14.49 = 28.98 page-4966190e7ca45b28.js:1:14434
     - Tastic Rice: 1 × 18 = 18.00 page-4966190e7ca45b28.js:1:14434
     - Top Score Maize Meal: 1.3 × 12.2 = 15.86 page-4966190e7ca45b28.js:1:14434
     - Pork Chops: 0.4 × 93.288 = 37.32 page-4966190e7ca45b28.js:1:14434
     SUBTOTAL: 1045.35 page-4966190e7ca45b28.js:1:14530
  5629. DL-00163 (2026-01-15T00:00:00.000Z): page-4966190e7ca45b28.js:1:14168
     - Brown Bread: 1 × 13.99 = 13.99 page-4966190e7ca45b28.js:1:14434
     - White Bread: 1 × 16.29 = 16.29 page-4966190e7ca45b28.js:1:14434
     - Cheese Slice: 8 × 3.056 = 24.45 page-4966190e7ca45b28.js:1:14434
     - Eggs: 20 × 2 = 40.00 page-4966190e7ca45b28.js:1:14434
     - Cake Flour: 5 × 14.16 = 70.80 page-4966190e7ca45b28.js:1:14434
     - Self Raising Flour: 2.5 × 16 = 40.00 page-4966190e7ca45b28.js:1:14434
     - Brown Sugar: 1.3 × 17.84 = 23.19 page-4966190e7ca45b28.js:1:14434
     - White Sugar: 1 × 19.4 = 19.40 page-4966190e7ca45b28.js:1:14434
     - Rama: 1 × 50.667 = 50.67 page-4966190e7ca45b28.js:1:14434
     - Umcenge Milk: 1 × 18.333 = 18.33 page-4966190e7ca45b28.js:1:14434
     - Cooking Oil: 2 × 30 = 60.00 page-4966190e7ca45b28.js:1:14434
     - Lettuce: 1 × 5 = 5.00 page-4966190e7ca45b28.js:1:14434
     - Bacon: 1 × 88.35 = 88.35 page-4966190e7ca45b28.js:1:14434
     - Emasi: 2 × 14.995 = 29.99 page-4966190e7ca45b28.js:1:14434
     - Red Onion: 0.5 × 29 = 14.50 page-4966190e7ca45b28.js:1:14434
     - Jacobs Sachets: 1 × 4.25 = 4.25 page-4966190e7ca45b28.js:1:14434
     - Russian: 1 × 62.775 = 62.77 page-4966190e7ca45b28.js:1:14434
     - Selati Brown Sugar: 1 × 0.26 = 0.26 page-4966190e7ca45b28.js:1:14434
     - Ellis Brown Sachets 4g: 1 × 1.627 = 1.63 page-4966190e7ca45b28.js:1:14434
     - Yeast 10g: 0.4 × 42.083 = 16.83 page-4966190e7ca45b28.js:1:14434
     - Ham: 0.5 × 112.995 = 56.50 page-4966190e7ca45b28.js:1:14434
     - Eclairs: 1 × 0.53 = 0.53 page-4966190e7ca45b28.js:1:14434
     - Doritos 45g: 5 × 7.438 = 37.19 page-4966190e7ca45b28.js:1:14434
     - Nik-Naks 50g: 5 × 5.583 = 27.91 page-4966190e7ca45b28.js:1:14434
     - Onion: 1 × 7.5 = 7.50 page-4966190e7ca45b28.js:1:14434
     - Beef Stewing: 3.5 × 124.188 = 434.66 page-4966190e7ca45b28.js:1:14434
     - Chicken: 4.85 × 45.105 = 218.76 page-4966190e7ca45b28.js:1:14434
     - Carrots: 1 × 9.998 = 10.00 page-4966190e7ca45b28.js:1:14434
     - Red Cabbage: 2 × 29.99 = 59.98 page-4966190e7ca45b28.js:1:14434
     - Tastic Rice: 3 × 18 = 54.00 page-4966190e7ca45b28.js:1:14434
     - Exotic Paprika: 0.5 × 124 = 62.00 page-4966190e7ca45b28.js:1:14434
     - Chicken Stock: 0.24 × 116.625 = 27.99 page-4966190e7ca45b28.js:1:14434
     - Red Pepper: 0.25 × 85.681 = 21.42 page-4966190e7ca45b28.js:1:14434
     - Yellow Pepper: 0.2 × 79.3 = 15.86 page-4966190e7ca45b28.js:1:14434
     - Feta Cheese: 0.5 × 168.64 = 84.32 page-4966190e7ca45b28.js:1:14434
     - Top Class Aromat: 0.2 × 73 = 14.60 page-4966190e7ca45b28.js:1:14434
     - Pork Chops: 0.2 × 93.288 = 18.66 page-4966190e7ca45b28.js:1:14434
     - Potatoes: 5 × 10.713 = 53.56 page-4966190e7ca45b28.js:1:14434
     SUBTOTAL: 1806.15 page-4966190e7ca45b28.js:1:14530
  5630. DL-00147 (2026-01-15T00:00:00.000Z): page-4966190e7ca45b28.js:1:14168
     - Chicken: 8.35 × 45.105 = 376.63 page-4966190e7ca45b28.js:1:14434
     - Tastic Rice: 1 × 18 = 18.00 page-4966190e7ca45b28.js:1:14434
     - Oros: 0.999 × 91 = 90.91 page-4966190e7ca45b28.js:1:14434
     - Cremora: 0.375 × 68 = 25.50 page-4966190e7ca45b28.js:1:14434
     - Eggs: 5 × 2 = 10.00 page-4966190e7ca45b28.js:1:14434
     - Umcenge Milk: 1 × 18.333 = 18.33 page-4966190e7ca45b28.js:1:14434
     - Five Roses Tea: 10 × 0.64 = 6.40 page-4966190e7ca45b28.js:1:14434
     - Cheese Slice: 9 × 3.056 = 27.50 page-4966190e7ca45b28.js:1:14434
     - Brown Bread: 1 × 14.59 = 14.59 page-4966190e7ca45b28.js:1:14434
     - White Bread: 1 × 16.29 = 16.29 page-4966190e7ca45b28.js:1:14434
     - Brown Sugar: 1 × 17.84 = 17.84 page-4966190e7ca45b28.js:1:14434
     SUBTOTAL: 621.99 page-4966190e7ca45b28.js:1:14530
  5631. DL-00162 (2026-01-15T00:00:00.000Z): page-4966190e7ca45b28.js:1:14168
     - Beef Chuck: 3.08 × 130.674 = 402.48 page-4966190e7ca45b28.js:1:14434
     - Pork Chops: 0.499 × 93.288 = 46.55 page-4966190e7ca45b28.js:1:14434
     - Chicken: 1 × 45.105 = 45.10 page-4966190e7ca45b28.js:1:14434
     - Potatoes: 10 × 10.713 = 107.13 page-4966190e7ca45b28.js:1:14434
     - Brocolli: 1.001 × 29.99 = 30.02 page-4966190e7ca45b28.js:1:14434
     - Cauliflower: 1 × 29.99 = 29.99 page-4966190e7ca45b28.js:1:14434
     - Top Score Maize Meal: 1.001 × 12.2 = 12.21 page-4966190e7ca45b28.js:1:14434
     - Feta Cheese: 0.5 × 168.64 = 84.32 page-4966190e7ca45b28.js:1:14434
     - Lettuce: 1 × 5 = 5.00 page-4966190e7ca45b28.js:1:14434
     - Cooking Oil: 1 × 30 = 30.00 page-4966190e7ca45b28.js:1:14434
     - Liqui Fruit Can 300ml: 6 × 10.25 = 61.50 page-4966190e7ca45b28.js:1:14434
     SUBTOTAL: 854.30 page-4966190e7ca45b28.js:1:14530
  5632. DL-00146 (2026-01-15T00:00:00.000Z): page-4966190e7ca45b28.js:1:14168
     - Chicken: 9 × 45.105 = 405.94 page-4966190e7ca45b28.js:1:14434
     - Tastic Rice: 1 × 18 = 18.00 page-4966190e7ca45b28.js:1:14434
     - Umcenge Milk: 1 × 18.333 = 18.33 page-4966190e7ca45b28.js:1:14434
     - Top Score Maize Meal: 1 × 12.2 = 12.20 page-4966190e7ca45b28.js:1:14434
     - Mega Maize Rice: 0.5 × 18.4 = 9.20 page-4966190e7ca45b28.js:1:14434
     - Butternut: 5 × 9.999 = 50.00 page-4966190e7ca45b28.js:1:14434
     - Lettuce: 3 × 5 = 15.00 page-4966190e7ca45b28.js:1:14434
     - Red Pepper: 0.55 × 85.681 = 47.12 page-4966190e7ca45b28.js:1:14434
     - Green Pepper: 1 × 23.98 = 23.98 page-4966190e7ca45b28.js:1:14434
     - Yellow Pepper: 0.5 × 79.3 = 39.65 page-4966190e7ca45b28.js:1:14434
     - Potatoes: 5 × 10.713 = 53.56 page-4966190e7ca45b28.js:1:14434
     - Tomatoes: 1 × 16.99 = 16.99 page-4966190e7ca45b28.js:1:14434
     - Onion: 1 × 7.5 = 7.50 page-4966190e7ca45b28.js:1:14434
     - Red Onion: 0.5 × 29 = 14.50 page-4966190e7ca45b28.js:1:14434
     - Baby Marrow: 1 × 34.99 = 34.99 page-4966190e7ca45b28.js:1:14434
     - Cauli/Broc: 1 × 59.98 = 59.98 page-4966190e7ca45b28.js:1:14434
     - Cake Flour: 0.5 × 14.16 = 7.08 page-4966190e7ca45b28.js:1:14434
     - Liqui Fruit Can 300ml: 21 × 10.25 = 215.25 page-4966190e7ca45b28.js:1:14434
     - Krush 200ML: 1 × 35.833 = 35.83 page-4966190e7ca45b28.js:1:14434
     - Still Water 500ml: 6 × 4.167 = 25.00 page-4966190e7ca45b28.js:1:14434
     - Plain Yoghurt 150G: 1 × 14.49 = 14.49 page-4966190e7ca45b28.js:1:14434
     - Yoghurt Bliss 150g: 1 × 14.49 = 14.49 page-4966190e7ca45b28.js:1:14434
     SUBTOTAL: 1139.10 page-4966190e7ca45b28.js:1:14530
  5633. DL-00157 (2026-01-15T00:00:00.000Z): page-4966190e7ca45b28.js:1:14168
     - Brown Bread: 2 × 14.59 = 29.18 page-4966190e7ca45b28.js:1:14434
     - Beef Sausages: 2 × 160 = 320.00 page-4966190e7ca45b28.js:1:14434
     - Pork Sausages: 1 × 96.99 = 96.99 page-4966190e7ca45b28.js:1:14434
     - Umcenge Milk: 4 × 18.333 = 73.33 page-4966190e7ca45b28.js:1:14434
     - Eggs: 10 × 2 = 20.00 page-4966190e7ca45b28.js:1:14434
     - Emabele: 0.3 × 16 = 4.80 page-4966190e7ca45b28.js:1:14434
     - Cheese Slice: 16 × 3.056 = 48.90 page-4966190e7ca45b28.js:1:14434
     - Jungle Oats: 1 × 42.5 = 42.50 page-4966190e7ca45b28.js:1:14434
     - Selati Brown Sugar: 130 × 0.26 = 33.80 page-4966190e7ca45b28.js:1:14434
     - Rooibos Tea: 14 × 0.481 = 6.73 page-4966190e7ca45b28.js:1:14434
     - Ellis Brown Sachets 4g: 10 × 1.627 = 16.27 page-4966190e7ca45b28.js:1:14434
     - Canderel Sugar: 24 × 0.655 = 15.72 page-4966190e7ca45b28.js:1:14434
     - Top Score Maize Meal: 1 × 12.2 = 12.20 page-4966190e7ca45b28.js:1:14434
     - Bacon: 0.5 × 88.35 = 44.17 page-4966190e7ca45b28.js:1:14434
     - Brocolli: 1 × 29.99 = 29.99 page-4966190e7ca45b28.js:1:14434
     - Cauliflower: 1 × 29.99 = 29.99 page-4966190e7ca45b28.js:1:14434
     - Red Pepper: 0.5 × 85.681 = 42.84 page-4966190e7ca45b28.js:1:14434
     - Yellow Pepper: 0.5 × 79.3 = 39.65 page-4966190e7ca45b28.js:1:14434
     - Lettuce: 1 × 5 = 5.00 page-4966190e7ca45b28.js:1:14434
     - Koo Beans 410g: 4 × 14.167 = 56.67 page-4966190e7ca45b28.js:1:14434
     - Rama: 0.5 × 50.667 = 25.33 page-4966190e7ca45b28.js:1:14434
     - Liqui Fruit Can 300ml: 7 × 10.25 = 71.75 page-4966190e7ca45b28.js:1:14434
     - Krush 200ML: 0.999 × 35.833 = 35.80 page-4966190e7ca45b28.js:1:14434
     - Plain Yoghurt 150G: 1 × 14.49 = 14.49 page-4966190e7ca45b28.js:1:14434
     - Cooking Oil: 1 × 30 = 30.00 page-4966190e7ca45b28.js:1:14434
     - Yoghurt Bliss 150g: 1 × 14.49 = 14.49 page-4966190e7ca45b28.js:1:14434
     - White Bread: 1 × 16.29 = 16.29 page-4966190e7ca45b28.js:1:14434
     - Tomatoes: 1 × 16.99 = 16.99 page-4966190e7ca45b28.js:1:14434
     SUBTOTAL: 1193.88 page-4966190e7ca45b28.js:1:14530
  5634. DL-00158 (2026-01-15T00:00:00.000Z): page-4966190e7ca45b28.js:1:14168
     - Onion: 1 × 7.5 = 7.50 page-4966190e7ca45b28.js:1:14434
     - Hake Fillet: 2.5 × 144.336 = 360.84 page-4966190e7ca45b28.js:1:14434
     - Chicken: 3.8 × 45.105 = 171.40 page-4966190e7ca45b28.js:1:14434
     - Macaroni: 0.5 × 32 = 16.00 page-4966190e7ca45b28.js:1:14434
     - Carrots: 2 × 9.998 = 20.00 page-4966190e7ca45b28.js:1:14434
     - Brocolli: 3 × 29.99 = 89.97 page-4966190e7ca45b28.js:1:14434
     - Cauliflower: 2 × 29.99 = 59.98 page-4966190e7ca45b28.js:1:14434
     - Red Pepper: 0.55 × 85.681 = 47.12 page-4966190e7ca45b28.js:1:14434
     - Yellow Pepper: 0.55 × 79.3 = 43.62 page-4966190e7ca45b28.js:1:14434
     - Tastic Rice: 1 × 18 = 18.00 page-4966190e7ca45b28.js:1:14434
     - Red Onion: 0.5 × 29 = 14.50 page-4966190e7ca45b28.js:1:14434
     - Mushrooms: 0.25 × 159.96 = 39.99 page-4966190e7ca45b28.js:1:14434
     - Exotic Paprika: 0.5 × 124 = 62.00 page-4966190e7ca45b28.js:1:14434
     - Top Class Aromat: 0.4 × 73 = 29.20 page-4966190e7ca45b28.js:1:14434
     - Still Water 500ml: 25 × 4.167 = 104.17 page-4966190e7ca45b28.js:1:14434
     - Red Apples: 1.5 × 49.99 = 74.98 page-4966190e7ca45b28.js:1:14434
     - Banana: 1.2 × 15.825 = 18.99 page-4966190e7ca45b28.js:1:14434
     - Cheddar Cheese: 0.95 × 180.885 = 171.84 page-4966190e7ca45b28.js:1:14434
     - Cooking Oil: 2 × 30 = 60.00 page-4966190e7ca45b28.js:1:14434
     - Mozzarella Cheese: 0.25 × 180.885 = 45.22 page-4966190e7ca45b28.js:1:14434
     SUBTOTAL: 1455.33 page-4966190e7ca45b28.js:1:14530
  5635. DL-00160 (2026-01-15T00:00:00.000Z): page-4966190e7ca45b28.js:1:14168
     - Yoghurt Bliss 150g: 1 × 14.49 = 14.49 page-4966190e7ca45b28.js:1:14434
     - Liqui Fruit Can 300ml: 1 × 10.25 = 10.25 page-4966190e7ca45b28.js:1:14434
     SUBTOTAL: 24.74 page-4966190e7ca45b28.js:1:14530
  5636. DL-00153 (2026-01-14T00:00:00.000Z): page-4966190e7ca45b28.js:1:14168
     - Chicken: 7.93 × 45.105 = 357.68 page-4966190e7ca45b28.js:1:14434
     - Tastic Rice: 1 × 18 = 18.00 page-4966190e7ca45b28.js:1:14434
     - Oros: 1 × 91 = 91.00 page-4966190e7ca45b28.js:1:14434
     - Umcenge Milk: 1 × 18.333 = 18.33 page-4966190e7ca45b28.js:1:14434
     - Cheese Slice: 8 × 3.056 = 24.45 page-4966190e7ca45b28.js:1:14434
     - Eggs: 5 × 2 = 10.00 page-4966190e7ca45b28.js:1:14434
     - White Bread: 1 × 16.29 = 16.29 page-4966190e7ca45b28.js:1:14434
     SUBTOTAL: 535.75 page-4966190e7ca45b28.js:1:14530
  5637. DL-00154 (2026-01-14T00:00:00.000Z): page-4966190e7ca45b28.js:1:14168
     - Liqui Fruit Can 300ml: 1 × 10.25 = 10.25 page-4966190e7ca45b28.js:1:14434
     - Yoghurt Bliss 150g: 1 × 14.49 = 14.49 page-4966190e7ca45b28.js:1:14434
     SUBTOTAL: 24.74 page-4966190e7ca45b28.js:1:14530
  5638. DL-00156 (2026-01-14T00:00:00.000Z): page-4966190e7ca45b28.js:1:14168
     - Brown Bread: 1 × 14.59 = 14.59 page-4966190e7ca45b28.js:1:14434
     - White Bread: 1 × 16.29 = 16.29 page-4966190e7ca45b28.js:1:14434
     - Yeast 10g: 0.3 × 42.083 = 12.62 page-4966190e7ca45b28.js:1:14434
     - Rama: 1 × 50.667 = 50.67 page-4966190e7ca45b28.js:1:14434
     - Umcenge Milk: 3 × 18.333 = 55.00 page-4966190e7ca45b28.js:1:14434
     - Eggs: 22 × 2 = 44.00 page-4966190e7ca45b28.js:1:14434
     - Cake Flour: 5 × 14.16 = 70.80 page-4966190e7ca45b28.js:1:14434
     - Self Raising Flour: 2.95 × 16 = 47.20 page-4966190e7ca45b28.js:1:14434
     - Brown Sugar: 1.25 × 17.84 = 22.30 page-4966190e7ca45b28.js:1:14434
     - White Sugar: 1 × 19.4 = 19.40 page-4966190e7ca45b28.js:1:14434
     - Tomatoes: 1 × 16.99 = 16.99 page-4966190e7ca45b28.js:1:14434
     - Cream: 1 × 98.02 = 98.02 page-4966190e7ca45b28.js:1:14434
     - Cooking Oil: 4 × 30 = 120.00 page-4966190e7ca45b28.js:1:14434
     - Doritos 45g: 0.999 × 7.438 = 7.43 page-4966190e7ca45b28.js:1:14434
     - Nik-Naks 50g: 4.999 × 5.583 = 27.91 page-4966190e7ca45b28.js:1:14434
     - Selati Brown Sugar: 8.999 × 0.26 = 2.34 page-4966190e7ca45b28.js:1:14434
     - Rooibos Tea: 1 × 0.481 = 0.48 page-4966190e7ca45b28.js:1:14434
     - Ellis Brown Sachets 4g: 1 × 1.627 = 1.63 page-4966190e7ca45b28.js:1:14434
     - Cheese Slice: 8 × 3.056 = 24.45 page-4966190e7ca45b28.js:1:14434
     - Beef Stewing: 3.5 × 124.188 = 434.66 page-4966190e7ca45b28.js:1:14434
     - Chicken: 5.05 × 45.105 = 227.78 page-4966190e7ca45b28.js:1:14434
     - Tastic Rice: 2 × 18 = 36.00 page-4966190e7ca45b28.js:1:14434
     - Onion: 1.5 × 7.5 = 11.25 page-4966190e7ca45b28.js:1:14434
     - Oyster Sauce: 0.25 × 243.96 = 60.99 page-4966190e7ca45b28.js:1:14434
     - Ruchi Sea Food Spice: 1 × 47 = 47.00 page-4966190e7ca45b28.js:1:14434
     - Top Class Aromat: 0.2 × 73 = 14.60 page-4966190e7ca45b28.js:1:14434
     - Beetroot: 3 × 9.998 = 29.99 page-4966190e7ca45b28.js:1:14434
     - Lettuce: 1 × 5 = 5.00 page-4966190e7ca45b28.js:1:14434
     - Sweet-Chilli Sauce: 1 × 51 = 51.00 page-4966190e7ca45b28.js:1:14434
     - Mayonnaise: 2 × 52.667 = 105.33 page-4966190e7ca45b28.js:1:14434
     - Cucumber: 1 × 17.99 = 17.99 page-4966190e7ca45b28.js:1:14434
     - Potatoes: 10 × 10.713 = 107.13 page-4966190e7ca45b28.js:1:14434
     - Top Score Maize Meal: 0.5 × 12.2 = 6.10 page-4966190e7ca45b28.js:1:14434
     - Honey 375g: 1 × 63.333 = 63.33 page-4966190e7ca45b28.js:1:14434
     - Ox-tail: 0.5 × 141.73 = 70.86 page-4966190e7ca45b28.js:1:14434
     - Red Pepper: 0.45 × 85.681 = 38.56 page-4966190e7ca45b28.js:1:14434
     - Yellow Pepper: 0.45 × 79.3 = 35.69 page-4966190e7ca45b28.js:1:14434
     - Soft Drink 2L: 1 × 22.5 = 22.50 page-4966190e7ca45b28.js:1:14434
     - Soft Drink 300ml: 3 × 11.656 = 34.97 page-4966190e7ca45b28.js:1:14434
     - Liqui Fruit Can 300ml: 3 × 10.25 = 30.75 page-4966190e7ca45b28.js:1:14434
     - Score 500ml: 2 × 8.333 = 16.67 page-4966190e7ca45b28.js:1:14434
     - Kingsize 300ml: 6 × 7.396 = 44.38 page-4966190e7ca45b28.js:1:14434
     - Still Water 500ml: 3 × 4.167 = 12.50 page-4966190e7ca45b28.js:1:14434
     - Energade 500ml: 1 × 10.5 = 10.50 page-4966190e7ca45b28.js:1:14434
     SUBTOTAL: 2187.64 page-4966190e7ca45b28.js:1:14530
  5639. DL-00150 (2026-01-14T00:00:00.000Z): page-4966190e7ca45b28.js:1:14168
     - Brown Bread: 2 × 14.59 = 29.18 page-4966190e7ca45b28.js:1:14434
     - White Bread: 1 × 16.29 = 16.29 page-4966190e7ca45b28.js:1:14434
     - Mince Meat: 1.2 × 106.667 = 128.00 page-4966190e7ca45b28.js:1:14434
     - Hake Fillet: 1.5 × 144.336 = 216.50 page-4966190e7ca45b28.js:1:14434
     - Umcenge Milk: 3 × 18.333 = 55.00 page-4966190e7ca45b28.js:1:14434
     - Eggs: 29.001 × 2 = 58.00 page-4966190e7ca45b28.js:1:14434
     - Selati Brown Sugar: 107 × 0.26 = 27.82 page-4966190e7ca45b28.js:1:14434
     - Rooibos Tea: 13 × 0.481 = 6.25 page-4966190e7ca45b28.js:1:14434
     - Ellis Brown Sachets 4g: 10.001 × 1.627 = 16.27 page-4966190e7ca45b28.js:1:14434
     - Canderel Sugar: 9 × 0.655 = 5.90 page-4966190e7ca45b28.js:1:14434
     - Jacobs Sachets: 2 × 4.25 = 8.50 page-4966190e7ca45b28.js:1:14434
     - Top Score Maize Meal: 0.5 × 12.2 = 6.10 page-4966190e7ca45b28.js:1:14434
     - Jungle Oats: 0.999 × 42.5 = 42.46 page-4966190e7ca45b28.js:1:14434
     - Yellow Pepper: 0.4 × 79.3 = 31.72 page-4966190e7ca45b28.js:1:14434
     - Emabele: 1 × 16 = 16.00 page-4966190e7ca45b28.js:1:14434
     - Lemon juice: 1 × 35.5 = 35.50 page-4966190e7ca45b28.js:1:14434
     - Liqui Fruit Can 300ml: 12.001 × 10.25 = 123.01 page-4966190e7ca45b28.js:1:14434
     - Top Class Aromat: 0.2 × 73 = 14.60 page-4966190e7ca45b28.js:1:14434
     - Cheese Slice: 5 × 3.056 = 15.28 page-4966190e7ca45b28.js:1:14434
     - Yoghurt Bliss 150g: 1 × 14.49 = 14.49 page-4966190e7ca45b28.js:1:14434
     SUBTOTAL: 866.87 page-4966190e7ca45b28.js:1:14530
  5640. DL-00152 (2026-01-14T00:00:00.000Z): page-4966190e7ca45b28.js:1:14168
     - Makhaya Chicken: 3 × 100 = 300.00 page-4966190e7ca45b28.js:1:14434
     - Onion: 1 × 7.5 = 7.50 page-4966190e7ca45b28.js:1:14434
     - Chicken: 1.77 × 45.105 = 79.84 page-4966190e7ca45b28.js:1:14434
     - Self Raising Flour: 1 × 16 = 16.00 page-4966190e7ca45b28.js:1:14434
     - Umcenge Milk: 1 × 18.333 = 18.33 page-4966190e7ca45b28.js:1:14434
     - Eggs: 6 × 2 = 12.00 page-4966190e7ca45b28.js:1:14434
     - Rama: 0.5 × 50.667 = 25.33 page-4966190e7ca45b28.js:1:14434
     - Spring Onion: 1 × 18.99 = 18.99 page-4966190e7ca45b28.js:1:14434
     - Carrots: 1 × 9.998 = 10.00 page-4966190e7ca45b28.js:1:14434
     - Baby Marrow: 2 × 49.975 = 99.95 page-4966190e7ca45b28.js:1:14434
     - Red Pepper: 0.5 × 85.681 = 42.84 page-4966190e7ca45b28.js:1:14434
     - Yellow Pepper: 0.25 × 79.3 = 19.82 page-4966190e7ca45b28.js:1:14434
     - Top Class Aromat: 0.2 × 73 = 14.60 page-4966190e7ca45b28.js:1:14434
     - Hake Fillet: 0.2 × 144.336 = 28.87 page-4966190e7ca45b28.js:1:14434
     - Still Water 500ml: 4 × 4.167 = 16.67 page-4966190e7ca45b28.js:1:14434
     - Krush 200ML: 2 × 35.833 = 71.67 page-4966190e7ca45b28.js:1:14434
     - Liqui Fruit Can 300ml: 22 × 10.25 = 225.50 page-4966190e7ca45b28.js:1:14434
     SUBTOTAL: 1007.91 page-4966190e7ca45b28.js:1:14530
  5641. DL-00151 (2026-01-14T00:00:00.000Z): page-4966190e7ca45b28.js:1:14168
     - Ox-tail: 4.45 × 141.73 = 630.70 page-4966190e7ca45b28.js:1:14434
     - Chicken: 1.65 × 45.105 = 74.42 page-4966190e7ca45b28.js:1:14434
     - Tastic Rice: 1 × 18 = 18.00 page-4966190e7ca45b28.js:1:14434
     - Potatoes: 5 × 10.713 = 53.56 page-4966190e7ca45b28.js:1:14434
     - Onion: 1.5 × 7.5 = 11.25 page-4966190e7ca45b28.js:1:14434
     - Beetroot: 2 × 9.998 = 20.00 page-4966190e7ca45b28.js:1:14434
     - Cabbage: 2 × 10 = 20.00 page-4966190e7ca45b28.js:1:14434
     - Sweet-Chilli Sauce: 1 × 51 = 51.00 page-4966190e7ca45b28.js:1:14434
     - Mayonnaise: 1 × 52.667 = 52.67 page-4966190e7ca45b28.js:1:14434
     - Red Pepper: 0.4 × 85.681 = 34.27 page-4966190e7ca45b28.js:1:14434
     - Yellow Pepper: 0.4 × 79.3 = 31.72 page-4966190e7ca45b28.js:1:14434
     - Koo Beans 410g: 1 × 14.167 = 14.17 page-4966190e7ca45b28.js:1:14434
     - Top Score Maize Meal: 0.5 × 12.2 = 6.10 page-4966190e7ca45b28.js:1:14434
     - Brocolli: 1 × 29.99 = 29.99 page-4966190e7ca45b28.js:1:14434
     - Cauli/Broc: 1 × 59.98 = 59.98 page-4966190e7ca45b28.js:1:14434
     - Still Water 500ml: 22 × 4.167 = 91.67 page-4966190e7ca45b28.js:1:14434
     - Red Apples: 2 × 49.99 = 99.98 page-4966190e7ca45b28.js:1:14434
     - Nectarines: 1 × 29.99 = 29.99 page-4966190e7ca45b28.js:1:14434
     - Liqui Fruit Can 300ml: 2 × 10.25 = 20.50 page-4966190e7ca45b28.js:1:14434
     SUBTOTAL: 1349.97 page-4966190e7ca45b28.js:1:14530
  5642. DL-00145 (2026-01-13T00:00:00.000Z): page-4966190e7ca45b28.js:1:14168
     - Hake Fillet: 1.75 × 144.336 = 252.59 page-4966190e7ca45b28.js:1:14434
     - Chicken: 3.701 × 45.105 = 166.93 page-4966190e7ca45b28.js:1:14434
     - Tastic Rice: 1 × 18 = 18.00 page-4966190e7ca45b28.js:1:14434
     - Lemon: 2.5 × 22.796 = 56.99 page-4966190e7ca45b28.js:1:14434
     - Macaroni: 1 × 32 = 32.00 page-4966190e7ca45b28.js:1:14434
     - Brocolli: 3 × 29.99 = 89.97 page-4966190e7ca45b28.js:1:14434
     - Cauli/Broc: 2 × 59.98 = 119.96 page-4966190e7ca45b28.js:1:14434
     - Cauliflower: 2 × 26.99 = 53.98 page-4966190e7ca45b28.js:1:14434
     - Red Onion: 1 × 29 = 29.00 page-4966190e7ca45b28.js:1:14434
     - Cooking Oil: 1 × 30 = 30.00 page-4966190e7ca45b28.js:1:14434
     - Green Pepper: 0.5 × 23.98 = 11.99 page-4966190e7ca45b28.js:1:14434
     - Red Pepper: 0.5 × 85.681 = 42.84 page-4966190e7ca45b28.js:1:14434
     - Yellow Pepper: 0.35 × 79.3 = 27.75 page-4966190e7ca45b28.js:1:14434
     - Cheddar Cheese: 0.65 × 180.885 = 117.58 page-4966190e7ca45b28.js:1:14434
     - Cake Flour: 1 × 14.16 = 14.16 page-4966190e7ca45b28.js:1:14434
     - White Sugar: 0.25 × 19.4 = 4.85 page-4966190e7ca45b28.js:1:14434
     - Banana: 1 × 15.825 = 15.82 page-4966190e7ca45b28.js:1:14434
     - Still Water 500ml: 24 × 4.167 = 100.01 page-4966190e7ca45b28.js:1:14434
     - Red Apples: 1.5 × 49.99 = 74.98 page-4966190e7ca45b28.js:1:14434
     - Cream: 0.25 × 98.02 = 24.50 page-4966190e7ca45b28.js:1:14434
     - Plain Yoghurt 150G: 1 × 14.49 = 14.49 page-4966190e7ca45b28.js:1:14434
     - Liqui Fruit Can 300ml: 2 × 10.25 = 20.50 page-4966190e7ca45b28.js:1:14434
     - Mozzarella Cheese: 0.4 × 180.885 = 72.35 page-4966190e7ca45b28.js:1:14434
     SUBTOTAL: 1391.26 page-4966190e7ca45b28.js:1:14530
  5643. DL-00149 (2026-01-13T00:00:00.000Z): page-4966190e7ca45b28.js:1:14168
     - Brown Bread: 1 × 14.59 = 14.59 page-4966190e7ca45b28.js:1:14434
     - White Bread: 1 × 16.29 = 16.29 page-4966190e7ca45b28.js:1:14434
     - Yeast 10g: 1 × 42.083 = 42.08 page-4966190e7ca45b28.js:1:14434
     - Rama: 1 × 50.667 = 50.67 page-4966190e7ca45b28.js:1:14434
     - Umcenge Milk: 2.001 × 18.333 = 36.68 page-4966190e7ca45b28.js:1:14434
     - Eggs: 22 × 2 = 44.00 page-4966190e7ca45b28.js:1:14434
     - Self Raising Flour: 2.95 × 16 = 47.20 page-4966190e7ca45b28.js:1:14434
     - Cake Flour: 5 × 14.16 = 70.80 page-4966190e7ca45b28.js:1:14434
     - Brown Sugar: 1.25 × 17.84 = 22.30 page-4966190e7ca45b28.js:1:14434
     - White Sugar: 1 × 19.4 = 19.40 page-4966190e7ca45b28.js:1:14434
     - Lettuce: 1 × 5 = 5.00 page-4966190e7ca45b28.js:1:14434
     - Cream: 0.25 × 98.02 = 24.50 page-4966190e7ca45b28.js:1:14434
     - Cloretes: 50 × 0.607 = 30.35 page-4966190e7ca45b28.js:1:14434
     - Stimorol: 100 × 0.97 = 97.00 page-4966190e7ca45b28.js:1:14434
     - P.S. Bar 19g: 9 × 5 = 45.00 page-4966190e7ca45b28.js:1:14434
     - Halls: 100 × 0.35 = 35.00 page-4966190e7ca45b28.js:1:14434
     - Smoothies: 144 × 0.279 = 40.18 page-4966190e7ca45b28.js:1:14434
     - Doritos 45g: 6 × 7.438 = 44.63 page-4966190e7ca45b28.js:1:14434
     - Cheese Slice: 8 × 3.056 = 24.45 page-4966190e7ca45b28.js:1:14434
     - Selati Brown Sugar: 3 × 0.26 = 0.78 page-4966190e7ca45b28.js:1:14434
     - Five Roses Tea: 1 × 0.64 = 0.64 page-4966190e7ca45b28.js:1:14434
     - Ellis Brown Sachets 4g: 1 × 1.627 = 1.63 page-4966190e7ca45b28.js:1:14434
     - Cooking Oil: 1 × 30 = 30.00 page-4966190e7ca45b28.js:1:14434
     - Beef Stewing: 5 × 124.188 = 620.94 page-4966190e7ca45b28.js:1:14434
     - Chicken: 5.35 × 45.105 = 241.31 page-4966190e7ca45b28.js:1:14434
     - Tastic Rice: 2 × 18 = 36.00 page-4966190e7ca45b28.js:1:14434
     - Cabbage: 1 × 10 = 10.00 page-4966190e7ca45b28.js:1:14434
     - Butternut: 6 × 9.999 = 59.99 page-4966190e7ca45b28.js:1:14434
     - Potatoes: 10 × 10.713 = 107.13 page-4966190e7ca45b28.js:1:14434
     - Carrots: 0.999 × 9.998 = 9.99 page-4966190e7ca45b28.js:1:14434
     - Pork Chops: 0.4 × 93.288 = 37.32 page-4966190e7ca45b28.js:1:14434
     - Onion: 1 × 7.5 = 7.50 page-4966190e7ca45b28.js:1:14434
     - Red Onion: 0.5 × 29 = 14.50 page-4966190e7ca45b28.js:1:14434
     - Soft Drink 1L: 1 × 16.375 = 16.38 page-4966190e7ca45b28.js:1:14434
     - Soft Drink 2L: 2 × 22.5 = 45.00 page-4966190e7ca45b28.js:1:14434
     - Soft Drink 300ml: 7 × 11.656 = 81.59 page-4966190e7ca45b28.js:1:14434
     - Liqui Fruit Can 300ml: 9 × 10.25 = 92.25 page-4966190e7ca45b28.js:1:14434
     - Kingsize 300ml: 9 × 7.396 = 66.56 page-4966190e7ca45b28.js:1:14434
     - Mahewu 500ml: 1 × 9.1 = 9.10 page-4966190e7ca45b28.js:1:14434
     SUBTOTAL: 2198.73 page-4966190e7ca45b28.js:1:14530
  5644. DL-00144 (2026-01-13T00:00:00.000Z): page-4966190e7ca45b28.js:1:14168
     - Brown Bread: 3 × 14.59 = 43.77 page-4966190e7ca45b28.js:1:14434
     - White Bread: 1 × 16.29 = 16.29 page-4966190e7ca45b28.js:1:14434
     - Chicken Gizzards: 1 × 41.075 = 41.08 page-4966190e7ca45b28.js:1:14434
     - Mushrooms: 1 × 159.96 = 159.96 page-4966190e7ca45b28.js:1:14434
     - Umcenge Milk: 6 × 18.333 = 110.00 page-4966190e7ca45b28.js:1:14434
     - Eggs: 25 × 2 = 50.00 page-4966190e7ca45b28.js:1:14434
     - Selati Brown Sugar: 99 × 0.26 = 25.74 page-4966190e7ca45b28.js:1:14434
     - Rooibos Tea: 14 × 0.481 = 6.73 page-4966190e7ca45b28.js:1:14434
     - Ellis Brown Sachets 4g: 11 × 1.627 = 17.90 page-4966190e7ca45b28.js:1:14434
     - Canderel Sugar: 21 × 0.655 = 13.76 page-4966190e7ca45b28.js:1:14434
     - Top Score Maize Meal: 0.4 × 12.2 = 4.88 page-4966190e7ca45b28.js:1:14434
     - Cauli/Broc: 1 × 59.98 = 59.98 page-4966190e7ca45b28.js:1:14434
     - Red Pepper: 0.3 × 85.681 = 25.70 page-4966190e7ca45b28.js:1:14434
     - Yellow Pepper: 0.2 × 79.3 = 15.86 page-4966190e7ca45b28.js:1:14434
     - Soy Milk: 1 × 44.99 = 44.99 page-4966190e7ca45b28.js:1:14434
     - Tomatoes: 1 × 16.99 = 16.99 page-4966190e7ca45b28.js:1:14434
     - Cucumber: 1 × 17.99 = 17.99 page-4966190e7ca45b28.js:1:14434
     - Liqui Fruit Can 300ml: 12 × 10.25 = 123.00 page-4966190e7ca45b28.js:1:14434
     - Cream: 0.25 × 98.02 = 24.50 page-4966190e7ca45b28.js:1:14434
     - Krush 200ML: 1 × 35.833 = 35.83 page-4966190e7ca45b28.js:1:14434
     - Cheese Slice: 7 × 3.056 = 21.39 page-4966190e7ca45b28.js:1:14434
     - Hake Fillet: 0.2 × 144.336 = 28.87 page-4966190e7ca45b28.js:1:14434
     - Mini Butter 7g: 14 × 2.29 = 32.06 page-4966190e7ca45b28.js:1:14434
     - Cooking Oil: 1 × 30 = 30.00 page-4966190e7ca45b28.js:1:14434
     - Jacobs Sachets: 2 × 4.25 = 8.50 page-4966190e7ca45b28.js:1:14434
     SUBTOTAL: 975.77 page-4966190e7ca45b28.js:1:14530
  5645. DL-00148 (2026-01-13T00:00:00.000Z): page-4966190e7ca45b28.js:1:14168
     - Plain Yoghurt 150G: 2 × 14.49 = 28.98 page-4966190e7ca45b28.js:1:14434
     - Liqui Fruit Can 300ml: 1 × 10.25 = 10.25 page-4966190e7ca45b28.js:1:14434
     - Still Water 500ml: 1 × 4.167 = 4.17 page-4966190e7ca45b28.js:1:14434
     - Umcenge Milk: 1 × 18.333 = 18.33 page-4966190e7ca45b28.js:1:14434
     - Custard: 1 × 19 = 19.00 page-4966190e7ca45b28.js:1:14434
     - Yoghurt Bliss 150g: 1 × 14.49 = 14.49 page-4966190e7ca45b28.js:1:14434
     SUBTOTAL: 95.22 page-4966190e7ca45b28.js:1:14530
  5646. DL-00127 (2026-01-12T00:00:00.000Z): page-4966190e7ca45b28.js:1:14168
     - Spur Ribs: 5.35 × 123.876 = 662.74 page-4966190e7ca45b28.js:1:14434
     - Chicken: 3.25 × 45.105 = 146.59 page-4966190e7ca45b28.js:1:14434
     - Tastic Rice: 1 × 18 = 18.00 page-4966190e7ca45b28.js:1:14434
     - Potatoes: 5 × 10.713 = 53.56 page-4966190e7ca45b28.js:1:14434
     - Pears: 1 × 21.99 = 21.99 page-4966190e7ca45b28.js:1:14434
     - Lettuce: 3 × 5 = 15.00 page-4966190e7ca45b28.js:1:14434
     - Brocolli: 1 × 29.99 = 29.99 page-4966190e7ca45b28.js:1:14434
     - Cauliflower: 1 × 26.99 = 26.99 page-4966190e7ca45b28.js:1:14434
     - Baby Marrow: 1 × 39.975 = 39.98 page-4966190e7ca45b28.js:1:14434
     - Red Pepper: 0.3 × 85.681 = 25.70 page-4966190e7ca45b28.js:1:14434
     - Onion: 1 × 7.5 = 7.50 page-4966190e7ca45b28.js:1:14434
     - Red Onion: 0.5 × 29 = 14.50 page-4966190e7ca45b28.js:1:14434
     - Tomatoes: 1 × 22.99 = 22.99 page-4966190e7ca45b28.js:1:14434
     - Green Pepper: 0.5 × 39.98 = 19.99 page-4966190e7ca45b28.js:1:14434
     - Rama: 0.5 × 50.667 = 25.33 page-4966190e7ca45b28.js:1:14434
     - Banana: 1.2 × 15.825 = 18.99 page-4966190e7ca45b28.js:1:14434
     - Provita 125g: 1 × 38.99 = 38.99 page-4966190e7ca45b28.js:1:14434
     - Plain Yoghurt 150G: 1 × 14.49 = 14.49 page-4966190e7ca45b28.js:1:14434
     - Liqui Fruit Can 300ml: 3 × 10.25 = 30.75 page-4966190e7ca45b28.js:1:14434
     - Still Water 500ml: 17 × 4.167 = 70.84 page-4966190e7ca45b28.js:1:14434
     SUBTOTAL: 1304.91 page-4966190e7ca45b28.js:1:14530
  5647. DL-00141 (2026-01-12T00:00:00.000Z): page-4966190e7ca45b28.js:1:14168
     - Chicken: 4.85 × 45.105 = 218.76 page-4966190e7ca45b28.js:1:14434
     - Tastic Rice: 1.3 × 18 = 23.40 page-4966190e7ca45b28.js:1:14434
     - Eggs: 8 × 2 = 16.00 page-4966190e7ca45b28.js:1:14434
     - Brown Bread: 1 × 14.59 = 14.59 page-4966190e7ca45b28.js:1:14434
     - Cheese Slice: 5 × 3.056 = 15.28 page-4966190e7ca45b28.js:1:14434
     - Koo Beans 410g: 1 × 14.167 = 14.17 page-4966190e7ca45b28.js:1:14434
     - Umcenge Milk: 1 × 18.333 = 18.33 page-4966190e7ca45b28.js:1:14434
     - Brown Sugar: 1 × 17.84 = 17.84 page-4966190e7ca45b28.js:1:14434
     - Rooibos Tea: 10 × 0.481 = 4.81 page-4966190e7ca45b28.js:1:14434
     - Braai Wors: 2 × 129.995 = 259.99 page-4966190e7ca45b28.js:1:14434
     SUBTOTAL: 603.17 page-4966190e7ca45b28.js:1:14530
  5648. DL-00131 (2026-01-12T00:00:00.000Z): page-4966190e7ca45b28.js:1:14168
     - Brown Bread: 1 × 14.59 = 14.59 page-4966190e7ca45b28.js:1:14434
     - White Bread: 1 × 16.29 = 16.29 page-4966190e7ca45b28.js:1:14434
     - Yeast 10g: 2.999 × 42.083 = 126.21 page-4966190e7ca45b28.js:1:14434
     - Eggs: 6 × 2 = 12.00 page-4966190e7ca45b28.js:1:14434
     - Cheese Slice: 6 × 3.056 = 18.34 page-4966190e7ca45b28.js:1:14434
     - Bacon: 0.5 × 88.35 = 44.17 page-4966190e7ca45b28.js:1:14434
     - Cake Flour: 4.5 × 14.16 = 63.72 page-4966190e7ca45b28.js:1:14434
     - Brown Sugar: 1 × 17.84 = 17.84 page-4966190e7ca45b28.js:1:14434
     - Chicken Breast: 1.05 × 45.11 = 47.37 page-4966190e7ca45b28.js:1:14434
     - Cooking Oil: 6 × 30.5 = 183.00 page-4966190e7ca45b28.js:1:14434
     - Nik-Naks 50g: 5 × 5.583 = 27.91 page-4966190e7ca45b28.js:1:14434
     - Chicken: 1.7 × 45.105 = 76.68 page-4966190e7ca45b28.js:1:14434
     - Tastic Rice: 1 × 18 = 18.00 page-4966190e7ca45b28.js:1:14434
     - Sweet-Chilli Sauce: 1 × 51 = 51.00 page-4966190e7ca45b28.js:1:14434
     - Red Pepper: 0.25 × 85.681 = 21.42 page-4966190e7ca45b28.js:1:14434
     - Lettuce: 2 × 5 = 10.00 page-4966190e7ca45b28.js:1:14434
     - Onion: 1.5 × 7.5 = 11.25 page-4966190e7ca45b28.js:1:14434
     - Red Onion: 0.5 × 29 = 14.50 page-4966190e7ca45b28.js:1:14434
     - Soft Drink 300ml: 3 × 11.656 = 34.97 page-4966190e7ca45b28.js:1:14434
     - Tomato Sauce Sachet: 400 × 0.061 = 24.40 page-4966190e7ca45b28.js:1:14434
     - Carrots: 1 × 9.998 = 10.00 page-4966190e7ca45b28.js:1:14434
     - Soft Drink 1L: 1 × 16.375 = 16.38 page-4966190e7ca45b28.js:1:14434
     - Liqui Fruit Can 300ml: 2 × 10.25 = 20.50 page-4966190e7ca45b28.js:1:14434
     SUBTOTAL: 880.53 page-4966190e7ca45b28.js:1:14530
  5649. DL-00140 (2026-01-12T00:00:00.000Z): page-4966190e7ca45b28.js:1:14168
     - Chicken: 7.15 × 45.105 = 322.50 page-4966190e7ca45b28.js:1:14434
     - Tastic Rice: 1 × 18 = 18.00 page-4966190e7ca45b28.js:1:14434
     - Tomatoes: 1 × 22.99 = 22.99 page-4966190e7ca45b28.js:1:14434
     - Lettuce: 5 × 5 = 25.00 page-4966190e7ca45b28.js:1:14434
     - Red Pepper: 0.35 × 85.681 = 29.99 page-4966190e7ca45b28.js:1:14434
     - Cooking Oil: 2 × 30.5 = 61.00 page-4966190e7ca45b28.js:1:14434
     - Umcenge Milk: 1 × 18.333 = 18.33 page-4966190e7ca45b28.js:1:14434
     - Potatoes: 10 × 10.713 = 107.13 page-4966190e7ca45b28.js:1:14434
     - Liqui Fruit Can 300ml: 21 × 10.25 = 215.25 page-4966190e7ca45b28.js:1:14434
     - Krush 200ML: 2 × 7.167 = 14.33 page-4966190e7ca45b28.js:1:14434
     - Still Water 500ml: 5 × 4.167 = 20.84 page-4966190e7ca45b28.js:1:14434
     - Plain Yoghurt 150G: 4 × 14.49 = 57.96 page-4966190e7ca45b28.js:1:14434
     SUBTOTAL: 913.32 page-4966190e7ca45b28.js:1:14530
  5650. DL-00142 (2026-01-12T00:00:00.000Z): page-4966190e7ca45b28.js:1:14168
     - Liqui Fruit Can 300ml: 10 × 10.25 = 102.50 page-4966190e7ca45b28.js:1:14434
     - Krush 200ML: 1 × 7.167 = 7.17 page-4966190e7ca45b28.js:1:14434
     - Plain Yoghurt 150G: 3.001 × 14.49 = 43.48 page-4966190e7ca45b28.js:1:14434
     - Umcenge Milk: 1 × 18.333 = 18.33 page-4966190e7ca45b28.js:1:14434
     - Red Apples: 1 × 49.99 = 49.99 page-4966190e7ca45b28.js:1:14434
     - Yoghurt Bliss 150g: 12 × 14.49 = 173.88 page-4966190e7ca45b28.js:1:14434
     SUBTOTAL: 395.35 page-4966190e7ca45b28.js:1:14530
  5651. DL-00139 (2026-01-12T00:00:00.000Z): page-4966190e7ca45b28.js:1:14168
     - Chicken: 3.2 × 45.105 = 144.34 page-4966190e7ca45b28.js:1:14434
     - Tastic Rice: 1 × 18 = 18.00 page-4966190e7ca45b28.js:1:14434
     - Beetroot: 5 × 9.998 = 49.99 page-4966190e7ca45b28.js:1:14434
     - Carrots: 1 × 9.998 = 10.00 page-4966190e7ca45b28.js:1:14434
     - Red Pepper: 0.25 × 85.681 = 21.42 page-4966190e7ca45b28.js:1:14434
     - Rama: 0.5 × 50.667 = 25.33 page-4966190e7ca45b28.js:1:14434
     - Top Score Maize Meal: 0.5 × 12.2 = 6.10 page-4966190e7ca45b28.js:1:14434
     - Lettuce: 1 × 5 = 5.00 page-4966190e7ca45b28.js:1:14434
     - Cheddar Cheese: 0.151 × 180.885 = 27.31 page-4966190e7ca45b28.js:1:14434
     - Parsley: 0.8 × 37.487 = 29.99 page-4966190e7ca45b28.js:1:14434
     - Mayonnaise: 1 × 52.667 = 52.67 page-4966190e7ca45b28.js:1:14434
     - Butternut: 3 × 9.999 = 30.00 page-4966190e7ca45b28.js:1:14434
     - Banana: 1.2 × 15.825 = 18.99 page-4966190e7ca45b28.js:1:14434
     - Still Water 500ml: 20 × 4.167 = 83.34 page-4966190e7ca45b28.js:1:14434
     - Liqui Fruit Can 300ml: 2 × 10.25 = 20.50 page-4966190e7ca45b28.js:1:14434
     - Pears: 1 × 21.99 = 21.99 page-4966190e7ca45b28.js:1:14434
     - Lamb: 2.3 × 189.888 = 436.74 page-4966190e7ca45b28.js:1:14434
     - Mega Star Samp: 1.3 × 14.6 = 18.98 page-4966190e7ca45b28.js:1:14434
     - Top Class Aromat: 0.2 × 73 = 14.60 page-4966190e7ca45b28.js:1:14434
     - Yellow Pepper: 0.15 × 79.3 = 11.89 page-4966190e7ca45b28.js:1:14434
     - Nectarines: 1 × 39.99 = 39.99 page-4966190e7ca45b28.js:1:14434
     SUBTOTAL: 1087.17 page-4966190e7ca45b28.js:1:14530
  5652. DL-00138 (2026-01-12T00:00:00.000Z): page-4966190e7ca45b28.js:1:14168
     - Brown Bread: 2 × 14.59 = 29.18 page-4966190e7ca45b28.js:1:14434
     - White Bread: 1 × 16.29 = 16.29 page-4966190e7ca45b28.js:1:14434
     - Pork Sausages: 2 × 96.99 = 193.98 page-4966190e7ca45b28.js:1:14434
     - Umcenge Milk: 3.999 × 18.333 = 73.31 page-4966190e7ca45b28.js:1:14434
     - Eggs: 15 × 2 = 30.00 page-4966190e7ca45b28.js:1:14434
     - Top Score Maize Meal: 0.6 × 12.2 = 7.32 page-4966190e7ca45b28.js:1:14434
     - Jungle Oats: 1 × 42.5 = 42.50 page-4966190e7ca45b28.js:1:14434
     - Cheese Slice: 12 × 3.056 = 36.67 page-4966190e7ca45b28.js:1:14434
     - Lettuce: 1 × 5 = 5.00 page-4966190e7ca45b28.js:1:14434
     - Chicken Breast: 0.7 × 45.11 = 31.58 page-4966190e7ca45b28.js:1:14434
     - Rama: 0.5 × 50.667 = 25.33 page-4966190e7ca45b28.js:1:14434
     - Rooibos Tea: 8 × 0.481 = 3.85 page-4966190e7ca45b28.js:1:14434
     - Ellis Brown Sachets 4g: 8 × 1.627 = 13.02 page-4966190e7ca45b28.js:1:14434
     - Canderel Sugar: 3 × 0.655 = 1.97 page-4966190e7ca45b28.js:1:14434
     - Weet-Bix 900g: 1 × 51.111 = 51.11 page-4966190e7ca45b28.js:1:14434
     - Koo Beans 410g: 2 × 14.167 = 28.33 page-4966190e7ca45b28.js:1:14434
     - Bacon: 0.5 × 88.35 = 44.17 page-4966190e7ca45b28.js:1:14434
     - Ham: 0.5 × 112.995 = 56.50 page-4966190e7ca45b28.js:1:14434
     - Red Pepper: 0.4 × 85.681 = 34.27 page-4966190e7ca45b28.js:1:14434
     - Corn-flakes: 1 × 65 = 65.00 page-4966190e7ca45b28.js:1:14434
     - Emabele: 1 × 16 = 16.00 page-4966190e7ca45b28.js:1:14434
     - Liqui Fruit Can 300ml: 8 × 10.25 = 82.00 page-4966190e7ca45b28.js:1:14434
     - Still Water 500ml: 3 × 4.167 = 12.50 page-4966190e7ca45b28.js:1:14434
     - Plain Yoghurt 150G: 1 × 14.49 = 14.49 page-4966190e7ca45b28.js:1:14434
     SUBTOTAL: 914.38 page-4966190e7ca45b28.js:1:14530
  5653. DL-00143 (2026-01-12T00:00:00.000Z): page-4966190e7ca45b28.js:1:14168
     - Brown Bread: 1 × 14.59 = 14.59 page-4966190e7ca45b28.js:1:14434
     - White Bread: 1 × 16.29 = 16.29 page-4966190e7ca45b28.js:1:14434
     - Yeast 10g: 3 × 42.083 = 126.25 page-4966190e7ca45b28.js:1:14434
     - Umcenge Milk: 1 × 18.333 = 18.33 page-4966190e7ca45b28.js:1:14434
     - Eggs: 18 × 2 = 36.00 page-4966190e7ca45b28.js:1:14434
     - Rama: 0.5 × 50.667 = 25.33 page-4966190e7ca45b28.js:1:14434
     - Cheese Slice: 9 × 3.056 = 27.50 page-4966190e7ca45b28.js:1:14434
     - Cake Flour: 4.5 × 14.16 = 63.72 page-4966190e7ca45b28.js:1:14434
     - Self Raising Flour: 2 × 16 = 32.00 page-4966190e7ca45b28.js:1:14434
     - Brown Sugar: 1.001 × 17.84 = 17.86 page-4966190e7ca45b28.js:1:14434
     - White Sugar: 1 × 19.4 = 19.40 page-4966190e7ca45b28.js:1:14434
     - Spray & Cook 300ml: 1 × 43 = 43.00 page-4966190e7ca45b28.js:1:14434
     - Five Roses Tea: 1 × 0.64 = 0.64 page-4966190e7ca45b28.js:1:14434
     - Ellis Brown Sachets 4g: 1 × 1.627 = 1.63 page-4966190e7ca45b28.js:1:14434
     - Eclairs: 50 × 0.53 = 26.50 page-4966190e7ca45b28.js:1:14434
     - Cooking Oil: 2 × 30.5 = 61.00 page-4966190e7ca45b28.js:1:14434
     - Jacobs Sachets: 4 × 4.25 = 17.00 page-4966190e7ca45b28.js:1:14434
     - Smoothies: 50 × 0.35 = 17.50 page-4966190e7ca45b28.js:1:14434
     - Bacon: 0.5 × 88.35 = 44.17 page-4966190e7ca45b28.js:1:14434
     - Ham: 0.5 × 112.995 = 56.50 page-4966190e7ca45b28.js:1:14434
     - Selati Brown Sugar: 3 × 0.26 = 0.78 page-4966190e7ca45b28.js:1:14434
     - Beef Stewing: 5 × 124.188 = 620.94 page-4966190e7ca45b28.js:1:14434
     - Chicken: 6.9 × 45.105 = 311.22 page-4966190e7ca45b28.js:1:14434
     - Tastic Rice: 3.05 × 18 = 54.90 page-4966190e7ca45b28.js:1:14434
     - Potatoes: 7 × 10.713 = 74.99 page-4966190e7ca45b28.js:1:14434
     - Top Class Aromat: 0.2 × 73 = 14.60 page-4966190e7ca45b28.js:1:14434
     - Beetroot: 5 × 9.998 = 49.99 page-4966190e7ca45b28.js:1:14434
     - Carrots: 1 × 9.998 = 10.00 page-4966190e7ca45b28.js:1:14434
     - Top Score Maize Meal: 1 × 12.2 = 12.20 page-4966190e7ca45b28.js:1:14434
     - Mayonnaise: 2 × 52.667 = 105.33 page-4966190e7ca45b28.js:1:14434
     - Butternut: 4 × 9.999 = 40.00 page-4966190e7ca45b28.js:1:14434
     - Brocolli: 1 × 29.99 = 29.99 page-4966190e7ca45b28.js:1:14434
     - Baby Marrow: 1 × 34.99 = 34.99 page-4966190e7ca45b28.js:1:14434
     - Tomato Sauce: 0.7 × 50 = 35.00 page-4966190e7ca45b28.js:1:14434
     - Spur Ribs: 1.75 × 123.876 = 216.78 page-4966190e7ca45b28.js:1:14434
     - Soft Drink 1L: 3 × 16.375 = 49.13 page-4966190e7ca45b28.js:1:14434
     - Soft Drink 2L: 8 × 22.5 = 180.00 page-4966190e7ca45b28.js:1:14434
     - Soft Drink 300ml: 15 × 11.656 = 174.84 page-4966190e7ca45b28.js:1:14434
     - Liqui Fruit Can 300ml: 2 × 10.25 = 20.50 page-4966190e7ca45b28.js:1:14434
     - Energade 500ml: 1 × 10.5 = 10.50 page-4966190e7ca45b28.js:1:14434
     - Ice-Tea 500ml: 1 × 16.5 = 16.50 page-4966190e7ca45b28.js:1:14434
     - Red-Bull 250ml: 2 × 0 = 0.00 page-4966190e7ca45b28.js:1:14434
     - Still Water 500ml: 1 × 4.167 = 4.17 page-4966190e7ca45b28.js:1:14434
     SUBTOTAL: 2732.57 page-4966190e7ca45b28.js:1:14530
  5654. DL-00135 (2026-01-11T00:00:00.000Z): page-4966190e7ca45b28.js:1:14168
     - Tastic Rice: 1 × 18 = 18.00 page-4966190e7ca45b28.js:1:14434
     - Brown Bread: 1 × 14.59 = 14.59 page-4966190e7ca45b28.js:1:14434
     - Eggs: 3 × 2 = 6.00 page-4966190e7ca45b28.js:1:14434
     - Umcenge Milk: 1 × 18.333 = 18.33 page-4966190e7ca45b28.js:1:14434
     - Pork Chops: 1.8 × 93.288 = 167.92 page-4966190e7ca45b28.js:1:14434
     SUBTOTAL: 224.84 page-4966190e7ca45b28.js:1:14530
  5655. DL-00134 (2026-01-11T00:00:00.000Z): page-4966190e7ca45b28.js:1:14168
     - Makhaya Chicken: 3 × 100 = 300.00 page-4966190e7ca45b28.js:1:14434
     - Chicken: 1.5 × 45.105 = 67.66 page-4966190e7ca45b28.js:1:14434
     - Tastic Rice: 0.75 × 18 = 13.50 page-4966190e7ca45b28.js:1:14434
     - Self Raising Flour: 1 × 16 = 16.00 page-4966190e7ca45b28.js:1:14434
     - Onion: 1.5 × 7.5 = 11.25 page-4966190e7ca45b28.js:1:14434
     - Umcenge Milk: 1 × 18.333 = 18.33 page-4966190e7ca45b28.js:1:14434
     - Eggs: 4 × 2 = 8.00 page-4966190e7ca45b28.js:1:14434
     - Potatoes: 4 × 10.713 = 42.85 page-4966190e7ca45b28.js:1:14434
     - Rama: 0.5 × 50.667 = 25.33 page-4966190e7ca45b28.js:1:14434
     - Baby Marrow: 1.2 × 39.975 = 47.97 page-4966190e7ca45b28.js:1:14434
     - Red Pepper: 0.25 × 85.681 = 21.42 page-4966190e7ca45b28.js:1:14434
     - Carrots: 1 × 9.998 = 10.00 page-4966190e7ca45b28.js:1:14434
     - Red Onion: 0.5 × 29 = 14.50 page-4966190e7ca45b28.js:1:14434
     - Top Score Maize Meal: 0.7 × 12.2 = 8.54 page-4966190e7ca45b28.js:1:14434
     - Liqui Fruit Can 300ml: 14 × 10.25 = 143.50 page-4966190e7ca45b28.js:1:14434
     - Still Water 500ml: 5 × 4.167 = 20.84 page-4966190e7ca45b28.js:1:14434
     - Krush 200ML: 3 × 7.167 = 21.50 page-4966190e7ca45b28.js:1:14434
     - Plain Yoghurt 150G: 1 × 14.49 = 14.49 page-4966190e7ca45b28.js:1:14434
     - Yellow Pepper: 0.2 × 79.3 = 15.86 page-4966190e7ca45b28.js:1:14434
     - Yoghurt Bliss 150g: 2 × 14.49 = 28.98 page-4966190e7ca45b28.js:1:14434
     SUBTOTAL: 850.52 page-4966190e7ca45b28.js:1:14530
  5656. DL-00132 (2026-01-11T00:00:00.000Z): page-4966190e7ca45b28.js:1:14168
     - Brown Bread: 2 × 14.59 = 29.18 page-4966190e7ca45b28.js:1:14434
     - White Bread: 1 × 16.29 = 16.29 page-4966190e7ca45b28.js:1:14434
     - Ox-Liver: 0.95 × 29.86 = 28.37 page-4966190e7ca45b28.js:1:14434
     - Chicken Breast: 1.05 × 45.11 = 47.37 page-4966190e7ca45b28.js:1:14434
     - Eggs: 30 × 2 = 60.00 page-4966190e7ca45b28.js:1:14434
     - Top Score Maize Meal: 0.6 × 12.2 = 7.32 page-4966190e7ca45b28.js:1:14434
     - Onion: 1 × 7.5 = 7.50 page-4966190e7ca45b28.js:1:14434
     - Rooibos Tea: 12 × 0.481 = 5.77 page-4966190e7ca45b28.js:1:14434
     - Ellis Brown Sachets 4g: 8 × 1.627 = 13.02 page-4966190e7ca45b28.js:1:14434
     - Canderel Sugar: 15 × 0.655 = 9.83 page-4966190e7ca45b28.js:1:14434
     - Jungle Oats: 1 × 42.5 = 42.50 page-4966190e7ca45b28.js:1:14434
     - Lettuce: 1 × 5 = 5.00 page-4966190e7ca45b28.js:1:14434
     - Cheese Slice: 2 × 3.056 = 6.11 page-4966190e7ca45b28.js:1:14434
     - Liqui Fruit Can 300ml: 17 × 10.25 = 174.25 page-4966190e7ca45b28.js:1:14434
     - Still Water 500ml: 3 × 4.167 = 12.50 page-4966190e7ca45b28.js:1:14434
     - Krush 200ML: 1 × 7.167 = 7.17 page-4966190e7ca45b28.js:1:14434
     - Mini Butter 7g: 12 × 2.29 = 27.48 page-4966190e7ca45b28.js:1:14434
     - Red Pepper: 0.4 × 85.681 = 34.27 page-4966190e7ca45b28.js:1:14434
     - Umcenge Milk: 4 × 18.333 = 73.33 page-4966190e7ca45b28.js:1:14434
     - Selati Brown Sugar: 84 × 0.229 = 19.24 page-4966190e7ca45b28.js:1:14434
     - Yellow Pepper: 0.4 × 79.3 = 31.72 page-4966190e7ca45b28.js:1:14434
     - Yoghurt Bliss 150g: 2 × 14.49 = 28.98 page-4966190e7ca45b28.js:1:14434
     SUBTOTAL: 687.19 page-4966190e7ca45b28.js:1:14530
  5657. DL-00133 (2026-01-11T00:00:00.000Z): page-4966190e7ca45b28.js:1:14168
     - Beef Chuck: 0.7 × 130.674 = 91.47 page-4966190e7ca45b28.js:1:14434
     - Braai Wors: 1 × 129.995 = 130.00 page-4966190e7ca45b28.js:1:14434
     - Onion: 1.5 × 7.5 = 11.25 page-4966190e7ca45b28.js:1:14434
     - Chicken: 1.6 × 45.105 = 72.17 page-4966190e7ca45b28.js:1:14434
     - Tomatoes: 1 × 22.99 = 22.99 page-4966190e7ca45b28.js:1:14434
     - Tastic Rice: 1 × 18 = 18.00 page-4966190e7ca45b28.js:1:14434
     - Red Pepper: 0.55 × 85.681 = 47.12 page-4966190e7ca45b28.js:1:14434
     - Green Pepper: 0.5 × 39.98 = 19.99 page-4966190e7ca45b28.js:1:14434
     - Koo Beans 410g: 4 × 14.167 = 56.67 page-4966190e7ca45b28.js:1:14434
     - Still Water 500ml: 22 × 4.167 = 91.67 page-4966190e7ca45b28.js:1:14434
     - Cooking Oil: 1 × 30.5 = 30.50 page-4966190e7ca45b28.js:1:14434
     - Potatoes: 4 × 10.713 = 42.85 page-4966190e7ca45b28.js:1:14434
     - Liqui Fruit Can 300ml: 1 × 10.25 = 10.25 page-4966190e7ca45b28.js:1:14434
     - Plain Yoghurt 150G: 1 × 14.49 = 14.49 page-4966190e7ca45b28.js:1:14434
     - Red Onion: 0.5 × 29 = 14.50 page-4966190e7ca45b28.js:1:14434
     - Pork Chops: 1.25 × 93.288 = 116.61 page-4966190e7ca45b28.js:1:14434
     - Yellow Pepper: 0.4 × 79.3 = 31.72 page-4966190e7ca45b28.js:1:14434
     - Cucumber: 1 × 17.99 = 17.99 page-4966190e7ca45b28.js:1:14434
     - Top Class Aromat: 0.2 × 73 = 14.60 page-4966190e7ca45b28.js:1:14434
     - Yoghurt Bliss 150g: 1 × 14.49 = 14.49 page-4966190e7ca45b28.js:1:14434
     SUBTOTAL: 869.33 page-4966190e7ca45b28.js:1:14530
  5658. DL-00130 (2026-01-11T00:00:00.000Z): page-4966190e7ca45b28.js:1:14168
     - Chicken: 5.95 × 45.105 = 268.37 page-4966190e7ca45b28.js:1:14434
     - Tastic Rice: 1 × 18 = 18.00 page-4966190e7ca45b28.js:1:14434
     - Brown Bread: 0.999 × 14.59 = 14.58 page-4966190e7ca45b28.js:1:14434
     - Umcenge Milk: 1 × 18.333 = 18.33 page-4966190e7ca45b28.js:1:14434
     - Eggs: 6 × 2 = 12.00 page-4966190e7ca45b28.js:1:14434
     - Cheese Slice: 3 × 3.056 = 9.17 page-4966190e7ca45b28.js:1:14434
     SUBTOTAL: 340.45 page-4966190e7ca45b28.js:1:14530
  5659. DL-00136 (2026-01-11T00:00:00.000Z): page-4966190e7ca45b28.js:1:14168
     - Grape: 1 × 79.98 = 79.98 page-4966190e7ca45b28.js:1:14434
     - Herbs mint : 1 × 13.99 = 13.99 page-4966190e7ca45b28.js:1:14434
     - Plain Madeira : 3 × 14.99 = 44.97 page-4966190e7ca45b28.js:1:14434
     - Banana loaf: 2 × 11.99 = 23.98 page-4966190e7ca45b28.js:1:14434
     - Ultra-mel: 2 × 37.99 = 75.98 page-4966190e7ca45b28.js:1:14434
     SUBTOTAL: 238.90 page-4966190e7ca45b28.js:1:14530
  5660. DL-00137 (2026-01-11T00:00:00.000Z): page-4966190e7ca45b28.js:1:14168
     - Brown Bread: 1 × 14.59 = 14.59 page-4966190e7ca45b28.js:1:14434
     - White Bread: 1 × 16.29 = 16.29 page-4966190e7ca45b28.js:1:14434
     - Yeast 10g: 1 × 42.083 = 42.08 page-4966190e7ca45b28.js:1:14434
     - Cheese Slice: 5 × 3.056 = 15.28 page-4966190e7ca45b28.js:1:14434
     - Brown Sugar: 0.5 × 17.84 = 8.92 page-4966190e7ca45b28.js:1:14434
     - Bacon: 1 × 88.35 = 88.35 page-4966190e7ca45b28.js:1:14434
     - Eggs: 5 × 2 = 10.00 page-4966190e7ca45b28.js:1:14434
     - Chicken: 3.65 × 45.105 = 164.63 page-4966190e7ca45b28.js:1:14434
     - Tastic Rice: 1 × 18 = 18.00 page-4966190e7ca45b28.js:1:14434
     - Lettuce: 1 × 5 = 5.00 page-4966190e7ca45b28.js:1:14434
     - Koo Beans 410g: 2 × 14.167 = 28.33 page-4966190e7ca45b28.js:1:14434
     - Tomatoes: 1 × 22.99 = 22.99 page-4966190e7ca45b28.js:1:14434
     - Onion: 1 × 7.5 = 7.50 page-4966190e7ca45b28.js:1:14434
     - Soft Drink 1L: 1 × 16.375 = 16.38 page-4966190e7ca45b28.js:1:14434
     - Soft Drink 300ml: 1 × 11.656 = 11.66 page-4966190e7ca45b28.js:1:14434
     - Salad Dressing: 1 × 33.99 = 33.99 page-4966190e7ca45b28.js:1:14434
     - Cake Flour: 2.5 × 14.16 = 35.40 page-4966190e7ca45b28.js:1:14434
     - Cucumber: 1 × 17.99 = 17.99 page-4966190e7ca45b28.js:1:14434
     SUBTOTAL: 557.38 page-4966190e7ca45b28.js:1:14530
  5661. DL-00129 (2026-01-10T00:00:00.000Z): page-4966190e7ca45b28.js:1:14168
     - Liqui Fruit Can 300ml: 2 × 10.25 = 20.50 page-4966190e7ca45b28.js:1:14434
     SUBTOTAL: 20.50 page-4966190e7ca45b28.js:1:14530
  5662. DL-00126 (2026-01-10T00:00:00.000Z): page-4966190e7ca45b28.js:1:14168
     - Brown Bread: 1 × 14.59 = 14.59 page-4966190e7ca45b28.js:1:14434
     - White Bread: 1 × 16.29 = 16.29 page-4966190e7ca45b28.js:1:14434
     - Chicken Breast: 1.4 × 45.11 = 63.15 page-4966190e7ca45b28.js:1:14434
     - Eggs: 29 × 2 = 58.00 page-4966190e7ca45b28.js:1:14434
     - Umcenge Milk: 3 × 18.333 = 55.00 page-4966190e7ca45b28.js:1:14434
     - Rooibos Tea: 16 × 0.481 = 7.70 page-4966190e7ca45b28.js:1:14434
     - Ellis Brown Sachets 4g: 9 × 1.627 = 14.64 page-4966190e7ca45b28.js:1:14434
     - Canderel Sugar: 15 × 0.655 = 9.83 page-4966190e7ca45b28.js:1:14434
     - Top Score Maize Meal: 0.5 × 12.2 = 6.10 page-4966190e7ca45b28.js:1:14434
     - All-Bran: 1 × 76 = 76.00 page-4966190e7ca45b28.js:1:14434
     - Cauliflower: 1 × 26.99 = 26.99 page-4966190e7ca45b28.js:1:14434
     - Brocolli: 1 × 29.99 = 29.99 page-4966190e7ca45b28.js:1:14434
     - Emabele: 1 × 16 = 16.00 page-4966190e7ca45b28.js:1:14434
     - Cheese Slice: 12 × 3.056 = 36.67 page-4966190e7ca45b28.js:1:14434
     - Koo Beans 410g: 1 × 14.167 = 14.17 page-4966190e7ca45b28.js:1:14434
     - Onion: 1 × 7.5 = 7.50 page-4966190e7ca45b28.js:1:14434
     - Tomatoes: 1 × 22.99 = 22.99 page-4966190e7ca45b28.js:1:14434
     - Plain Yoghurt 150G: 1 × 14.49 = 14.49 page-4966190e7ca45b28.js:1:14434
     - Mini Butter 7g: 12 × 2.29 = 27.48 page-4966190e7ca45b28.js:1:14434
     - Still Water 500ml: 3 × 4.167 = 12.50 page-4966190e7ca45b28.js:1:14434
     - Liqui Fruit Can 300ml: 11 × 10.25 = 112.75 page-4966190e7ca45b28.js:1:14434
     - Krush 200ML: 1 × 7.167 = 7.17 page-4966190e7ca45b28.js:1:14434
     SUBTOTAL: 649.99 page-4966190e7ca45b28.js:1:14530
  5663. DL-00128 (2026-01-10T00:00:00.000Z): page-4966190e7ca45b28.js:1:14168
     - Chicken: 4 × 45.105 = 180.42 page-4966190e7ca45b28.js:1:14434
     - Tastic Rice: 1.5 × 18 = 27.00 page-4966190e7ca45b28.js:1:14434
     - Potatoes: 5 × 10.713 = 53.56 page-4966190e7ca45b28.js:1:14434
     - Onion: 1.5 × 7.5 = 11.25 page-4966190e7ca45b28.js:1:14434
     - Top Score Maize Meal: 0.8 × 12.2 = 9.76 page-4966190e7ca45b28.js:1:14434
     - Spinach: 3 × 10 = 30.00 page-4966190e7ca45b28.js:1:14434
     - Pineapple : 1 × 18.99 = 18.99 page-4966190e7ca45b28.js:1:14434
     - Butternut: 6 × 9.999 = 59.99 page-4966190e7ca45b28.js:1:14434
     - Still Water 500ml: 3 × 4.167 = 12.50 page-4966190e7ca45b28.js:1:14434
     - Liqui Fruit Can 300ml: 19 × 10.25 = 194.75 page-4966190e7ca45b28.js:1:14434
     SUBTOTAL: 598.23 page-4966190e7ca45b28.js:1:14530
  5664. DL-00125 (2026-01-09T00:00:00.000Z): page-4966190e7ca45b28.js:1:14168
     - Aquelle Drink 500ml: 2 × 7.167 = 14.33 page-4966190e7ca45b28.js:1:14434
     - Eet-Sum-Mor 200g: 1 × 0 = 0.00 page-4966190e7ca45b28.js:1:14434
     SUBTOTAL: 14.33 page-4966190e7ca45b28.js:1:14530
  5665. DL-00121 (2026-01-08T00:00:00.000Z): page-4966190e7ca45b28.js:1:14168
     - Aquelle Drink 500ml: 1 × 7.167 = 7.17 page-4966190e7ca45b28.js:1:14434
     SUBTOTAL: 7.17 page-4966190e7ca45b28.js:1:14530
  5666. DL-00120 (2026-01-08T00:00:00.000Z): page-4966190e7ca45b28.js:1:14168
     - Aquelle Drink 500ml: 1 × 7.167 = 7.17 page-4966190e7ca45b28.js:1:14434
     SUBTOTAL: 7.17 page-4966190e7ca45b28.js:1:14530
  5667. DL-00122 (2026-01-08T00:00:00.000Z): page-4966190e7ca45b28.js:1:14168
     - Aquelle Drink 500ml: 1 × 7.167 = 7.17 page-4966190e7ca45b28.js:1:14434
     SUBTOTAL: 7.17 page-4966190e7ca45b28.js:1:14530
  5668. DL-00119 (2026-01-07T00:00:00.000Z): page-4966190e7ca45b28.js:1:14168
     - Chicken: 1.6 × 45.105 = 72.17 page-4966190e7ca45b28.js:1:14434
     - Makhaya Chicken: 3 × 100 = 300.00 page-4966190e7ca45b28.js:1:14434
     - Tastic Rice: 1 × 18 = 18.00 page-4966190e7ca45b28.js:1:14434
     - Top Score Maize Meal: 0.8 × 12.2 = 9.76 page-4966190e7ca45b28.js:1:14434
     - Butternut: 3 × 6 = 18.00 page-4966190e7ca45b28.js:1:14434
     - Cabbage: 1 × 10 = 10.00 page-4966190e7ca45b28.js:1:14434
     - Green Pepper: 1 × 13.32 = 13.32 page-4966190e7ca45b28.js:1:14434
     - Red Pepper: 0.2 × 89.899 = 17.98 page-4966190e7ca45b28.js:1:14434
     - Yellow Pepper: 0.2 × 79.862 = 15.97 page-4966190e7ca45b28.js:1:14434
     - Eggs: 6 × 2 = 12.00 page-4966190e7ca45b28.js:1:14434
     - Umcenge Milk: 1 × 18.333 = 18.33 page-4966190e7ca45b28.js:1:14434
     - Self Raising Flour: 1 × 17.196 = 17.20 page-4966190e7ca45b28.js:1:14434
     - Onion: 1 × 7.5 = 7.50 page-4966190e7ca45b28.js:1:14434
     - Cauli/Broc: 1 × 59.98 = 59.98 page-4966190e7ca45b28.js:1:14434
     - Brocolli: 1 × 29.99 = 29.99 page-4966190e7ca45b28.js:1:14434
     - Plain Yoghurt 150G: 1 × 13.605 = 13.61 page-4966190e7ca45b28.js:1:14434
     - Mayonnaise: 1 × 52.667 = 52.67 page-4966190e7ca45b28.js:1:14434
     - Liqui Fruit Can 300ml: 22 × 10.25 = 225.50 page-4966190e7ca45b28.js:1:14434
     - Krush 200ML: 2 × 7.167 = 14.33 page-4966190e7ca45b28.js:1:14434
     - Still Water 500ml: 3 × 4.167 = 12.50 page-4966190e7ca45b28.js:1:14434
     - Spur Ribs: 0.3 × 123.876 = 37.16 page-4966190e7ca45b28.js:1:14434
     SUBTOTAL: 975.97 page-4966190e7ca45b28.js:1:14530
  5669. DL-00118 (2026-01-07T00:00:00.000Z): page-4966190e7ca45b28.js:1:14168
     - Ox-tail: 4 × 104.34 = 417.36 page-4966190e7ca45b28.js:1:14434
     - Chicken: 3 × 45.105 = 135.31 page-4966190e7ca45b28.js:1:14434
     - Tastic Rice: 1 × 18 = 18.00 page-4966190e7ca45b28.js:1:14434
     - Cooking Oil: 1 × 29.5 = 29.50 page-4966190e7ca45b28.js:1:14434
     - Beetroot: 1 × 6.5 = 6.50 page-4966190e7ca45b28.js:1:14434
     - Spinach: 4 × 10 = 40.00 page-4966190e7ca45b28.js:1:14434
     - Carrots: 1 × 10 = 10.00 page-4966190e7ca45b28.js:1:14434
     - Onion: 1 × 7.5 = 7.50 page-4966190e7ca45b28.js:1:14434
     - Red Pepper: 0.2 × 89.899 = 17.98 page-4966190e7ca45b28.js:1:14434
     - Yellow Pepper: 0.3 × 79.862 = 23.96 page-4966190e7ca45b28.js:1:14434
     - Baby Marrow: 1 × 19.99 = 19.99 page-4966190e7ca45b28.js:1:14434
     - Cream: 0.5 × 49.01 = 24.50 page-4966190e7ca45b28.js:1:14434
     - Exotic Paprika: 0.5 × 124 = 62.00 page-4966190e7ca45b28.js:1:14434
     - Koo Beans 410g: 2 × 14.167 = 28.33 page-4966190e7ca45b28.js:1:14434
     - Wine : 1 × 91.99 = 91.99 page-4966190e7ca45b28.js:1:14434
     - Still Water 500ml: 19 × 4.167 = 79.17 page-4966190e7ca45b28.js:1:14434
     - Banana: 1 × 18.995 = 19.00 page-4966190e7ca45b28.js:1:14434
     - Nectarines: 1 × 29.99 = 29.99 page-4966190e7ca45b28.js:1:14434
     - Apple: 1 × 15.909 = 15.91 page-4966190e7ca45b28.js:1:14434
     - Liqui Fruit Can 300ml: 2 × 10.25 = 20.50 page-4966190e7ca45b28.js:1:14434
     SUBTOTAL: 1097.50 page-4966190e7ca45b28.js:1:14530
  5670. DL-00117 (2026-01-07T00:00:00.000Z): page-4966190e7ca45b28.js:1:14168
     - Brown Bread: 2 × 14.59 = 29.18 page-4966190e7ca45b28.js:1:14434
     - White Bread: 1 × 16.29 = 16.29 page-4966190e7ca45b28.js:1:14434
     - Hake Fillet: 1 × 144.336 = 144.34 page-4966190e7ca45b28.js:1:14434
     - Mince Meat: 0.7 × 106.667 = 74.67 page-4966190e7ca45b28.js:1:14434
     - Eggs: 25 × 2 = 50.00 page-4966190e7ca45b28.js:1:14434
     - Umcenge Milk: 4 × 18.333 = 73.33 page-4966190e7ca45b28.js:1:14434
     - Rooibos Tea: 10 × 0.481 = 4.81 page-4966190e7ca45b28.js:1:14434
     - Ellis Brown Sachets 4g: 8 × 1.627 = 13.02 page-4966190e7ca45b28.js:1:14434
     - Canderel Sugar: 3 × 0.655 = 1.97 page-4966190e7ca45b28.js:1:14434
     - Selati Brown Sugar: 100 × 0.229 = 22.90 page-4966190e7ca45b28.js:1:14434
     - Emabele: 1 × 16 = 16.00 page-4966190e7ca45b28.js:1:14434
     - Top Score Maize Meal: 1 × 12.2 = 12.20 page-4966190e7ca45b28.js:1:14434
     - Jungle Oats: 1 × 42.5 = 42.50 page-4966190e7ca45b28.js:1:14434
     - Liqui Fruit Can 300ml: 15 × 10.25 = 153.75 page-4966190e7ca45b28.js:1:14434
     - Cheese Slice: 4 × 3.056 = 12.22 page-4966190e7ca45b28.js:1:14434
     - Krush 200ML: 3 × 7.167 = 21.50 page-4966190e7ca45b28.js:1:14434
     - Yoghurt Bliss 150g: 5 × 13.604 = 68.02 page-4966190e7ca45b28.js:1:14434
     - Plain Yoghurt 150G: 1 × 13.605 = 13.61 page-4966190e7ca45b28.js:1:14434
     - Cooking Oil: 1 × 29.5 = 29.50 page-4966190e7ca45b28.js:1:14434
     SUBTOTAL: 799.80 page-4966190e7ca45b28.js:1:14530
  5671. DL-00114 (2026-01-07T00:00:00.000Z): page-4966190e7ca45b28.js:1:14168
     - Brown Bread: 2 × 14.59 = 29.18 page-4966190e7ca45b28.js:1:14434
     - White Bread: 1 × 16.29 = 16.29 page-4966190e7ca45b28.js:1:14434
     - Chicken Gizzards: 1 × 41.075 = 41.08 page-4966190e7ca45b28.js:1:14434
     - Mushrooms: 1 × 119.96 = 119.96 page-4966190e7ca45b28.js:1:14434
     - Jungle Oats: 1 × 42.5 = 42.50 page-4966190e7ca45b28.js:1:14434
     - Selati Brown Sugar: 74 × 0.229 = 16.95 page-4966190e7ca45b28.js:1:14434
     - Ellis Brown Sachets 4g: 10 × 1.627 = 16.27 page-4966190e7ca45b28.js:1:14434
     - Rooibos Tea: 10 × 0.481 = 4.81 page-4966190e7ca45b28.js:1:14434
     - Canderel Sugar: 3 × 0.655 = 1.97 page-4966190e7ca45b28.js:1:14434
     - Top Score Maize Meal: 0.7 × 12.2 = 8.54 page-4966190e7ca45b28.js:1:14434
     - Cucumber: 1 × 7 = 7.00 page-4966190e7ca45b28.js:1:14434
     - Yellow Pepper: 0.3 × 79.862 = 23.96 page-4966190e7ca45b28.js:1:14434
     - Red Pepper: 0.3 × 89.899 = 26.97 page-4966190e7ca45b28.js:1:14434
     - Cooking Oil: 1 × 29.5 = 29.50 page-4966190e7ca45b28.js:1:14434
     - Corn-flakes: 1 × 65 = 65.00 page-4966190e7ca45b28.js:1:14434
     - Umcenge Milk: 4 × 18.333 = 73.33 page-4966190e7ca45b28.js:1:14434
     - Eggs: 18 × 2 = 36.00 page-4966190e7ca45b28.js:1:14434
     - Still Water 500ml: 2 × 4.167 = 8.33 page-4966190e7ca45b28.js:1:14434
     - Liqui Fruit Can 300ml: 16 × 10.25 = 164.00 page-4966190e7ca45b28.js:1:14434
     - Krush 200ML: 3 × 7.167 = 21.50 page-4966190e7ca45b28.js:1:14434
     - Cheese Slice: 3 × 3.056 = 9.17 page-4966190e7ca45b28.js:1:14434
     SUBTOTAL: 762.30 page-4966190e7ca45b28.js:1:14530
  5672. DL-00116 (2026-01-06T00:00:00.000Z): page-4966190e7ca45b28.js:1:14168
     - Chicken: 7 × 45.105 = 315.73 page-4966190e7ca45b28.js:1:14434
     - Tastic Rice: 1 × 18 = 18.00 page-4966190e7ca45b28.js:1:14434
     - Top Score Maize Meal: 1.5 × 12.2 = 18.30 page-4966190e7ca45b28.js:1:14434
     - Potatoes: 6.999 × 9 = 62.99 page-4966190e7ca45b28.js:1:14434
     - Lettuce: 2 × 5 = 10.00 page-4966190e7ca45b28.js:1:14434
     - Red Pepper: 0.6 × 89.899 = 53.94 page-4966190e7ca45b28.js:1:14434
     - Yellow Pepper: 0.6 × 79.862 = 47.92 page-4966190e7ca45b28.js:1:14434
     - Green Pepper: 1 × 13.32 = 13.32 page-4966190e7ca45b28.js:1:14434
     - Tomatoes: 1 × 17.99 = 17.99 page-4966190e7ca45b28.js:1:14434
     - Carrots: 1 × 10 = 10.00 page-4966190e7ca45b28.js:1:14434
     - Onion: 1 × 7.5 = 7.50 page-4966190e7ca45b28.js:1:14434
     - Baby Marrow: 1 × 19.99 = 19.99 page-4966190e7ca45b28.js:1:14434
     - Liqui Fruit Can 300ml: 16 × 10.25 = 164.00 page-4966190e7ca45b28.js:1:14434
     - Krush 200ML: 4.001 × 7.167 = 28.68 page-4966190e7ca45b28.js:1:14434
     - Plain Yoghurt 150G: 2 × 13.605 = 27.21 page-4966190e7ca45b28.js:1:14434
     SUBTOTAL: 815.57 page-4966190e7ca45b28.js:1:14530
  5673. DL-00115 (2026-01-06T00:00:00.000Z): page-4966190e7ca45b28.js:1:14168
     - Hake Fillet: 2 × 144.336 = 288.67 page-4966190e7ca45b28.js:1:14434
     - Chicken: 3 × 45.105 = 135.31 page-4966190e7ca45b28.js:1:14434
     - Tastic Rice: 1 × 18 = 18.00 page-4966190e7ca45b28.js:1:14434
     - Macaroni: 0.5 × 32 = 16.00 page-4966190e7ca45b28.js:1:14434
     - Cauli/Broc: 1.5 × 59.98 = 89.97 page-4966190e7ca45b28.js:1:14434
     - Sweet-Chilli Sauce: 1 × 51 = 51.00 page-4966190e7ca45b28.js:1:14434
     - Cooking Oil: 1 × 29.5 = 29.50 page-4966190e7ca45b28.js:1:14434
     - Red Cabbage: 1 × 29.99 = 29.99 page-4966190e7ca45b28.js:1:14434
     - Brocolli: 2 × 29.99 = 59.98 page-4966190e7ca45b28.js:1:14434
     - Baby Marrow: 0.3 × 19.99 = 6.00 page-4966190e7ca45b28.js:1:14434
     - Red Pepper: 0.3 × 89.899 = 26.97 page-4966190e7ca45b28.js:1:14434
     - Yellow Pepper: 1 × 79.862 = 79.86 page-4966190e7ca45b28.js:1:14434
     - Mozzarella Cheese: 0.6 × 180.885 = 108.53 page-4966190e7ca45b28.js:1:14434
     - Cheddar Cheese: 0.5 × 180.885 = 90.44 page-4966190e7ca45b28.js:1:14434
     - Mushrooms: 0.3 × 119.96 = 35.99 page-4966190e7ca45b28.js:1:14434
     - Top Score Maize Meal: 0.8 × 12.2 = 9.76 page-4966190e7ca45b28.js:1:14434
     - Cream: 0.5 × 49.01 = 24.50 page-4966190e7ca45b28.js:1:14434
     - Umcenge Milk: 1 × 18.333 = 18.33 page-4966190e7ca45b28.js:1:14434
     - Rama: 0.5 × 50.667 = 25.33 page-4966190e7ca45b28.js:1:14434
     - Still Water 500ml: 19 × 4.167 = 79.17 page-4966190e7ca45b28.js:1:14434
     - Banana: 1 × 18.995 = 19.00 page-4966190e7ca45b28.js:1:14434
     - Pears: 1 × 21.99 = 21.99 page-4966190e7ca45b28.js:1:14434
     - Nectarines: 2 × 29.99 = 59.98 page-4966190e7ca45b28.js:1:14434
     - Cake Flour: 1 × 14.16 = 14.16 page-4966190e7ca45b28.js:1:14434
     - Liqui Fruit Can 300ml: 1 × 10.25 = 10.25 page-4966190e7ca45b28.js:1:14434
     SUBTOTAL: 1348.70 page-4966190e7ca45b28.js:1:14530
  5674. DL-00111 (2026-01-06T00:00:00.000Z): page-4966190e7ca45b28.js:1:14168
     - Still Water 500ml: 1 × 4.167 = 4.17 page-4966190e7ca45b28.js:1:14434
     SUBTOTAL: 4.17 page-4966190e7ca45b28.js:1:14530
  5675. DL-00113 (2026-01-05T00:00:00.000Z): page-4966190e7ca45b28.js:1:14168
     - Olives: 1 × 82.124 = 82.12 page-4966190e7ca45b28.js:1:14434
     - Chicken: 6.1 × 45.105 = 275.14 page-4966190e7ca45b28.js:1:14434
     - Tastic Rice: 1 × 18 = 18.00 page-4966190e7ca45b28.js:1:14434
     - Lettuce: 3 × 5 = 15.00 page-4966190e7ca45b28.js:1:14434
     - Red Pepper: 0.3 × 89.899 = 26.97 page-4966190e7ca45b28.js:1:14434
     - Yellow Pepper: 0.3 × 79.862 = 23.96 page-4966190e7ca45b28.js:1:14434
     - Cauli/Broc: 1 × 59.98 = 59.98 page-4966190e7ca45b28.js:1:14434
     - Potatoes: 7 × 9 = 63.00 page-4966190e7ca45b28.js:1:14434
     - Spice Mix: 0.4 × 73 = 29.20 page-4966190e7ca45b28.js:1:14434
     - Umcenge Milk: 1 × 18.333 = 18.33 page-4966190e7ca45b28.js:1:14434
     - Krush 200ML: 4 × 7.167 = 28.67 page-4966190e7ca45b28.js:1:14434
     - Liqui Fruit Can 300ml: 14 × 10.25 = 143.50 page-4966190e7ca45b28.js:1:14434
     - Rama: 1 × 50.667 = 50.67 page-4966190e7ca45b28.js:1:14434
     SUBTOTAL: 834.54 page-4966190e7ca45b28.js:1:14530
  5676. DL-00110 (2026-01-05T00:00:00.000Z): page-4966190e7ca45b28.js:1:14168
     - Brown Bread: 2 × 14.59 = 29.18 page-4966190e7ca45b28.js:1:14434
     - Pork Sausages: 2 × 84.588 = 169.18 page-4966190e7ca45b28.js:1:14434
     - Beef Sausages: 1 × 115.191 = 115.19 page-4966190e7ca45b28.js:1:14434
     - Selati Brown Sugar: 77 × 0.229 = 17.63 page-4966190e7ca45b28.js:1:14434
     - Canderel Sugar: 3 × 0.655 = 1.97 page-4966190e7ca45b28.js:1:14434
     - Rooibos Tea: 8 × 0.481 = 3.85 page-4966190e7ca45b28.js:1:14434
     - Ellis Brown Sachets 4g: 8 × 1.627 = 13.02 page-4966190e7ca45b28.js:1:14434
     - Honey 375g: 1 × 70 = 70.00 page-4966190e7ca45b28.js:1:14434
     - Weet-Bix 900g: 1 × 51.111 = 51.11 page-4966190e7ca45b28.js:1:14434
     - Top Score Maize Meal: 0.5 × 12.2 = 6.10 page-4966190e7ca45b28.js:1:14434
     - Jungle Oats: 1 × 42.5 = 42.50 page-4966190e7ca45b28.js:1:14434
     - Low GI Bread 400g : 1 × 24.99 = 24.99 page-4966190e7ca45b28.js:1:14434
     - Eggs: 12 × 2 = 24.00 page-4966190e7ca45b28.js:1:14434
     - Lettuce: 2 × 5 = 10.00 page-4966190e7ca45b28.js:1:14434
     - Koo Beans 410g: 2 × 14.167 = 28.33 page-4966190e7ca45b28.js:1:14434
     - Red Pepper: 0.25 × 89.899 = 22.47 page-4966190e7ca45b28.js:1:14434
     - Yellow Pepper: 0.25 × 79.862 = 19.97 page-4966190e7ca45b28.js:1:14434
     - Green Pepper: 0.65 × 13.32 = 8.66 page-4966190e7ca45b28.js:1:14434
     - Jacobs Sachets: 2 × 4.25 = 8.50 page-4966190e7ca45b28.js:1:14434
     - Cheese Slice: 12 × 3.056 = 36.67 page-4966190e7ca45b28.js:1:14434
     - Rama: 0.5 × 50.667 = 25.33 page-4966190e7ca45b28.js:1:14434
     - Sun Sun Cooking Oil: 1 × 30.5 = 30.50 page-4966190e7ca45b28.js:1:14434
     - Russian: 1 × 62.775 = 62.77 page-4966190e7ca45b28.js:1:14434
     - Tomatoes: 1 × 17.99 = 17.99 page-4966190e7ca45b28.js:1:14434
     - Yoghurt Bliss 150g: 1 × 13.604 = 13.60 page-4966190e7ca45b28.js:1:14434
     - Still Water 500ml: 1 × 4.167 = 4.17 page-4966190e7ca45b28.js:1:14434
     - Liqui Fruit Can 300ml: 8 × 10.25 = 82.00 page-4966190e7ca45b28.js:1:14434
     SUBTOTAL: 939.68 page-4966190e7ca45b28.js:1:14530
  5677. DL-00112 (2026-01-05T00:00:00.000Z): page-4966190e7ca45b28.js:1:14168
     - Lamb: 3 × 189.888 = 569.66 page-4966190e7ca45b28.js:1:14434
     - Chicken: 1 × 45.105 = 45.10 page-4966190e7ca45b28.js:1:14434
     - Tastic Rice: 1 × 18 = 18.00 page-4966190e7ca45b28.js:1:14434
     - Mega Star Samp: 1 × 14.6 = 14.60 page-4966190e7ca45b28.js:1:14434
     - Cabbage: 1 × 10 = 10.00 page-4966190e7ca45b28.js:1:14434
     - Top Score Maize Meal: 1 × 12.2 = 12.20 page-4966190e7ca45b28.js:1:14434
     - Cooking Oil: 1 × 29.5 = 29.50 page-4966190e7ca45b28.js:1:14434
     - Red Pepper: 1 × 89.899 = 89.90 page-4966190e7ca45b28.js:1:14434
     - Yellow Pepper: 1 × 79.862 = 79.86 page-4966190e7ca45b28.js:1:14434
     - Cauli/Broc: 1 × 59.98 = 59.98 page-4966190e7ca45b28.js:1:14434
     - Cheddar Cheese: 1 × 180.885 = 180.88 page-4966190e7ca45b28.js:1:14434
     - Beetroot: 1 × 6.5 = 6.50 page-4966190e7ca45b28.js:1:14434
     - Cream: 1 × 49.01 = 49.01 page-4966190e7ca45b28.js:1:14434
     - Umcenge Milk: 1 × 18.333 = 18.33 page-4966190e7ca45b28.js:1:14434
     - Still Water 500ml: 1 × 4.167 = 4.17 page-4966190e7ca45b28.js:1:14434
     - Pears: 1 × 21.99 = 21.99 page-4966190e7ca45b28.js:1:14434
     - Nectarines: 1 × 29.99 = 29.99 page-4966190e7ca45b28.js:1:14434
     - Mushrooms: 1 × 119.96 = 119.96 page-4966190e7ca45b28.js:1:14434
     - Liqui Fruit Can 300ml: 1 × 10.25 = 10.25 page-4966190e7ca45b28.js:1:14434
     SUBTOTAL: 1369.90 page-4966190e7ca45b28.js:1:14530
  5678. DL-00109 (2026-01-05T00:00:00.000Z): page-4966190e7ca45b28.js:1:14168
     - Aquelle Drink 500ml: 1 × 7.167 = 7.17 page-4966190e7ca45b28.js:1:14434
     - White Sugar: 1 × 19.8 = 19.80 page-4966190e7ca45b28.js:1:14434
     SUBTOTAL: 26.97 page-4966190e7ca45b28.js:1:14530
  5679. DL-00108 (2026-01-05T00:00:00.000Z): page-4966190e7ca45b28.js:1:14168
     - Brown Bread: 2 × 14.59 = 29.18 page-4966190e7ca45b28.js:1:14434
     - Pork Sausages: 2 × 84.588 = 169.18 page-4966190e7ca45b28.js:1:14434
     - Beef Sausages: 1 × 115.191 = 115.19 page-4966190e7ca45b28.js:1:14434
     - Eggs: 12 × 2 = 24.00 page-4966190e7ca45b28.js:1:14434
     - Low GI Bread 400g : 1 × 24.99 = 24.99 page-4966190e7ca45b28.js:1:14434
     - Selati Brown Sugar: 77 × 0.229 = 17.63 page-4966190e7ca45b28.js:1:14434
     - Canderel Sugar: 3 × 0.655 = 1.97 page-4966190e7ca45b28.js:1:14434
     - Rooibos Tea: 8 × 0.475 = 3.80 page-4966190e7ca45b28.js:1:14434
     - Ellis Brown Sachets 4g: 8 × 1.627 = 13.02 page-4966190e7ca45b28.js:1:14434
     - Honey 375g: 1 × 70 = 70.00 page-4966190e7ca45b28.js:1:14434
     - Weet-Bix 900g: 1 × 46 = 46.00 page-4966190e7ca45b28.js:1:14434
     - Top Score Maize Meal: 0.5 × 12.2 = 6.10 page-4966190e7ca45b28.js:1:14434
     - Jungle Oats: 1 × 42.5 = 42.50 page-4966190e7ca45b28.js:1:14434
     - Lettuce: 2 × 5 = 10.00 page-4966190e7ca45b28.js:1:14434
     - Koo Beans 410g: 2 × 14.167 = 28.33 page-4966190e7ca45b28.js:1:14434
     - Red Pepper: 0.25 × 89.899 = 22.47 page-4966190e7ca45b28.js:1:14434
     - Yellow Pepper: 0.25 × 79.862 = 19.97 page-4966190e7ca45b28.js:1:14434
     - Green Pepper: 0.65 × 13.32 = 8.66 page-4966190e7ca45b28.js:1:14434
     - Tomatoes: 1 × 17.99 = 17.99 page-4966190e7ca45b28.js:1:14434
     - Russian: 1 × 62.775 = 62.77 page-4966190e7ca45b28.js:1:14434
     - Rama: 1 × 50.667 = 50.67 page-4966190e7ca45b28.js:1:14434
     - Sun Sun Cooking Oil: 1 × 30.5 = 30.50 page-4966190e7ca45b28.js:1:14434
     - Cheese Slice: 1 × 3.056 = 3.06 page-4966190e7ca45b28.js:1:14434
     - Jacobs Sachets: 1 × 4.25 = 4.25 page-4966190e7ca45b28.js:1:14434
     - Yoghurt Bliss 150g: 1 × 13.604 = 13.60 page-4966190e7ca45b28.js:1:14434
     - Still Water 500ml: 1 × 4.167 = 4.17 page-4966190e7ca45b28.js:1:14434
     - Liqui Fruit Can 300ml: 1 × 10.25 = 10.25 page-4966190e7ca45b28.js:1:14434
     SUBTOTAL: 850.24 page-4966190e7ca45b28.js:1:14530
  5680. DL-00103 (2026-01-04T00:00:00.000Z): page-4966190e7ca45b28.js:1:14168
     - Brown Bread: 2 × 14.59 = 29.18 page-4966190e7ca45b28.js:1:14434
     - White Bread: 1 × 16.29 = 16.29 page-4966190e7ca45b28.js:1:14434
     - Ox-Liver: 0.8 × 29.86 = 23.89 page-4966190e7ca45b28.js:1:14434
     - Rooibos Tea: 6 × 0.475 = 2.85 page-4966190e7ca45b28.js:1:14434
     - Ellis Brown Sachets 4g: 5 × 1.627 = 8.13 page-4966190e7ca45b28.js:1:14434
     - Selati Brown Sugar: 72 × 0.229 = 16.49 page-4966190e7ca45b28.js:1:14434
     - Canderel Sugar: 6 × 0.655 = 3.93 page-4966190e7ca45b28.js:1:14434
     - Cooking Oil: 1 × 29.5 = 29.50 page-4966190e7ca45b28.js:1:14434
     - Chicken Breast: 1.2 × 45.11 = 54.13 page-4966190e7ca45b28.js:1:14434
     - Eggs: 24 × 2 = 48.00 page-4966190e7ca45b28.js:1:14434
     - Umcenge Milk: 3 × 18.333 = 55.00 page-4966190e7ca45b28.js:1:14434
     - Top Score Maize Meal: 1 × 12.2 = 12.20 page-4966190e7ca45b28.js:1:14434
     - Red Pepper: 0.2 × 89.899 = 17.98 page-4966190e7ca45b28.js:1:14434
     - Yellow Pepper: 0.2 × 79.862 = 15.97 page-4966190e7ca45b28.js:1:14434
     - Emabele: 1 × 16 = 16.00 page-4966190e7ca45b28.js:1:14434
     - Lettuce: 2 × 5 = 10.00 page-4966190e7ca45b28.js:1:14434
     - Tomatoes: 1 × 17.99 = 17.99 page-4966190e7ca45b28.js:1:14434
     - Cream: 0.5 × 49.01 = 24.50 page-4966190e7ca45b28.js:1:14434
     - Liqui Fruit Can 300ml: 8 × 10.25 = 82.00 page-4966190e7ca45b28.js:1:14434
     - Krush 200ML: 1 × 7.167 = 7.17 page-4966190e7ca45b28.js:1:14434
     - Yoghurt Bliss 150g: 4 × 13.604 = 54.42 page-4966190e7ca45b28.js:1:14434
     - Weet-Bix 900g: 0.7 × 46 = 32.20 page-4966190e7ca45b28.js:1:14434
     SUBTOTAL: 577.82 page-4966190e7ca45b28.js:1:14530
  5681. DL-00105 (2026-01-04T00:00:00.000Z): page-4966190e7ca45b28.js:1:14168
     - Chapatti Roti : 1 × 55.99 = 55.99 page-4966190e7ca45b28.js:1:14434
     - Lettuce: 1 × 5 = 5.00 page-4966190e7ca45b28.js:1:14434
     - Chicken Breast: 1 × 45.11 = 45.11 page-4966190e7ca45b28.js:1:14434
     - Grape: 2 × 79.98 = 159.96 page-4966190e7ca45b28.js:1:14434
     - Plain Yoghurt 150G: 2 × 13.604583333333332 = 27.21 page-4966190e7ca45b28.js:1:14434
     - Tennis Biscuits 200g: 1 × 21.67 = 21.67 page-4966190e7ca45b28.js:1:14434
     SUBTOTAL: 314.94 page-4966190e7ca45b28.js:1:14530
  5682. DL-00107 (2026-01-04T00:00:00.000Z): page-4966190e7ca45b28.js:1:14168
     - Aquelle Drink 500ml: 1 × 7.167 = 7.17 page-4966190e7ca45b28.js:1:14434
     SUBTOTAL: 7.17 page-4966190e7ca45b28.js:1:14530
  5683. DL-00104 (2026-01-04T00:00:00.000Z): page-4966190e7ca45b28.js:1:14168
     - Beef Chuck: 1 × 130.674 = 130.67 page-4966190e7ca45b28.js:1:14434
     - Pork Sliced: 0.6 × 93 = 55.80 page-4966190e7ca45b28.js:1:14434
     - Chicken: 5.1 × 45.105 = 230.04 page-4966190e7ca45b28.js:1:14434
     - Tastic Rice: 0.5 × 18 = 9.00 page-4966190e7ca45b28.js:1:14434
     - Cooking Oil: 0.999 × 29.5 = 29.47 page-4966190e7ca45b28.js:1:14434
     - Red Pepper: 0.3 × 89.899 = 26.97 page-4966190e7ca45b28.js:1:14434
     - Green Pepper: 1 × 13.32 = 13.32 page-4966190e7ca45b28.js:1:14434
     - Yellow Pepper: 0.3 × 79.862 = 23.96 page-4966190e7ca45b28.js:1:14434
     - Onion: 1 × 7.5 = 7.50 page-4966190e7ca45b28.js:1:14434
     - Spring Onion: 0.999 × 18.99 = 18.97 page-4966190e7ca45b28.js:1:14434
     - Carrots: 1 × 10 = 10.00 page-4966190e7ca45b28.js:1:14434
     - Cucumber: 1 × 7 = 7.00 page-4966190e7ca45b28.js:1:14434
     - Top Score Maize Meal: 1.5 × 12.2 = 18.30 page-4966190e7ca45b28.js:1:14434
     - Still Water 500ml: 15 × 4.167 = 62.50 page-4966190e7ca45b28.js:1:14434
     - Liqui Fruit Can 300ml: 2 × 10.25 = 20.50 page-4966190e7ca45b28.js:1:14434
     - Cauli/Broc: 1 × 59.98 = 59.98 page-4966190e7ca45b28.js:1:14434
     SUBTOTAL: 723.98 page-4966190e7ca45b28.js:1:14530
  5684. DL-00106 (2026-01-04T00:00:00.000Z): page-4966190e7ca45b28.js:1:14168
     - Chicken: 1.799 × 45.105 = 81.14 page-4966190e7ca45b28.js:1:14434
     - Makhaya Chicken: 3 × 100 = 300.00 page-4966190e7ca45b28.js:1:14434
     - Brocolli: 1 × 29.99 = 29.99 page-4966190e7ca45b28.js:1:14434
     - Squash baby : 1 × 32.99 = 32.99 page-4966190e7ca45b28.js:1:14434
     - Onion: 1 × 7.5 = 7.50 page-4966190e7ca45b28.js:1:14434
     - Carrots: 1 × 10 = 10.00 page-4966190e7ca45b28.js:1:14434
     - Red Pepper: 0.5 × 89.899 = 44.95 page-4966190e7ca45b28.js:1:14434
     - Yellow Pepper: 0.6 × 79.862 = 47.92 page-4966190e7ca45b28.js:1:14434
     - Self Raising Flour: 1 × 17.196 = 17.20 page-4966190e7ca45b28.js:1:14434
     - Eggs: 6 × 2 = 12.00 page-4966190e7ca45b28.js:1:14434
     - Umcenge Milk: 1 × 18.333 = 18.33 page-4966190e7ca45b28.js:1:14434
     - Liqui Fruit Can 300ml: 16 × 10.25 = 164.00 page-4966190e7ca45b28.js:1:14434
     - Still Water 500ml: 2 × 4.167 = 8.33 page-4966190e7ca45b28.js:1:14434
     - Top Score Maize Meal: 1 × 12.2 = 12.20 page-4966190e7ca45b28.js:1:14434
     - Tastic Rice: 0.999 × 18 = 17.98 page-4966190e7ca45b28.js:1:14434
     - Butternut: 3 × 6 = 18.00 page-4966190e7ca45b28.js:1:14434
     SUBTOTAL: 822.54 page-4966190e7ca45b28.js:1:14530
  5685. DL-00102 (2026-01-03T00:00:00.000Z): page-4966190e7ca45b28.js:1:14168
     - Squash baby : 1 × 32.99 = 32.99 page-4966190e7ca45b28.js:1:14434
     - Chicken: 4.9 × 45.1049992054664 = 221.01 page-4966190e7ca45b28.js:1:14434
     - Hake Fillet: 1 × 144.33599999999998 = 144.34 page-4966190e7ca45b28.js:1:14434
     - Potatoes: 3 × 9 = 27.00 page-4966190e7ca45b28.js:1:14434
     - Cooking Oil: 1 × 29.5 = 29.50 page-4966190e7ca45b28.js:1:14434
     - Onion: 1 × 7.5 = 7.50 page-4966190e7ca45b28.js:1:14434
     - Carrots: 1 × 10 = 10.00 page-4966190e7ca45b28.js:1:14434
     - Brocolli: 2 × 29.99 = 59.98 page-4966190e7ca45b28.js:1:14434
     - Cauliflower: 1 × 29.99 = 29.99 page-4966190e7ca45b28.js:1:14434
     - Spice Mix: 0.2 × 73 = 14.60 page-4966190e7ca45b28.js:1:14434
     - Red Pepper: 0.5 × 89.89864864864865 = 44.95 page-4966190e7ca45b28.js:1:14434
     - Yellow Pepper: 0.3 × 79.86223662884927 = 23.96 page-4966190e7ca45b28.js:1:14434
     - Tastic Rice: 1 × 18 = 18.00 page-4966190e7ca45b28.js:1:14434
     - Top Score Maize Meal: 0.6 × 12.2 = 7.32 page-4966190e7ca45b28.js:1:14434
     - Umcenge Milk: 1 × 18.333333333333332 = 18.33 page-4966190e7ca45b28.js:1:14434
     - Liqui Fruit Can 300ml: 12 × 10.25 = 123.00 page-4966190e7ca45b28.js:1:14434
     - Krush 200ML: 2 × 7.166666666666667 = 14.33 page-4966190e7ca45b28.js:1:14434
     - Still Water 500ml: 4 × 4.166666666666667 = 16.67 page-4966190e7ca45b28.js:1:14434
     SUBTOTAL: 843.47 page-4966190e7ca45b28.js:1:14530
  5686. DL-00101 (2026-01-03T00:00:00.000Z): page-4966190e7ca45b28.js:1:14168
     - Plain Yoghurt 150G: 3 × 13.604583333333332 = 40.81 page-4966190e7ca45b28.js:1:14434
     - Dragon Fruit : 1 × 23.23 = 23.23 page-4966190e7ca45b28.js:1:14434
     SUBTOTAL: 64.04 page-4966190e7ca45b28.js:1:14530
  5687. DL-00099 (2026-01-03T00:00:00.000Z): page-4966190e7ca45b28.js:1:14168
     - Brown Bread: 1 × 14.589999999999998 = 14.59 page-4966190e7ca45b28.js:1:14434
     - White Bread: 1 × 16.29 = 16.29 page-4966190e7ca45b28.js:1:14434
     - Chicken Breast: 1 × 45.11 = 45.11 page-4966190e7ca45b28.js:1:14434
     - Mushrooms: 1 × 119.96 = 119.96 page-4966190e7ca45b28.js:1:14434
     - Canderel Sugar: 14 × 0.65495 = 9.17 page-4966190e7ca45b28.js:1:14434
     - Ellis Brown Sachets 4g: 8 × 1.6266 = 13.01 page-4966190e7ca45b28.js:1:14434
     - Selati Brown Sugar: 64 × 0.22915 = 14.67 page-4966190e7ca45b28.js:1:14434
     - Rooibos Tea: 10 × 0.475 = 4.75 page-4966190e7ca45b28.js:1:14434
     - Cauliflower: 1 × 29.99 = 29.99 page-4966190e7ca45b28.js:1:14434
     - Brocolli: 1 × 29.99 = 29.99 page-4966190e7ca45b28.js:1:14434
     - Green Pepper: 1 × 13.32 = 13.32 page-4966190e7ca45b28.js:1:14434
     - Red Pepper: 0.5 × 89.89864864864865 = 44.95 page-4966190e7ca45b28.js:1:14434
     - Yellow Pepper: 0.5 × 79.86223662884927 = 39.93 page-4966190e7ca45b28.js:1:14434
     - Eggs: 25 × 1.9998333333333336 = 50.00 page-4966190e7ca45b28.js:1:14434
     - Umcenge Milk: 3 × 18.333333333333332 = 55.00 page-4966190e7ca45b28.js:1:14434
     - Lettuce: 1 × 5 = 5.00 page-4966190e7ca45b28.js:1:14434
     - Tomatoes: 1 × 17.99 = 17.99 page-4966190e7ca45b28.js:1:14434
     - Cucumber: 1 × 7 = 7.00 page-4966190e7ca45b28.js:1:14434
     - Cheddar Cheese: 0.4 × 180.885 = 72.35 page-4966190e7ca45b28.js:1:14434
     - Cheese Slice: 4 × 3.0555555555555554 = 12.22 page-4966190e7ca45b28.js:1:14434
     - Liqui Fruit Can 300ml: 7 × 10.25 = 71.75 page-4966190e7ca45b28.js:1:14434
     - Yoghurt Bliss 150g: 4 × 13.604166666666666 = 54.42 page-4966190e7ca45b28.js:1:14434
     - Plain Yoghurt 150G: 2 × 13.604583333333332 = 27.21 page-4966190e7ca45b28.js:1:14434
     - Still Water 500ml: 1 × 4.166666666666667 = 4.17 page-4966190e7ca45b28.js:1:14434
     - Mini Butter 7g: 4 × 2.29 = 9.16 page-4966190e7ca45b28.js:1:14434
     - Koo Beans 410g: 1 × 14.166666666666666 = 14.17 page-4966190e7ca45b28.js:1:14434
     SUBTOTAL: 796.16 page-4966190e7ca45b28.js:1:14530
  5688. DL-00100 (2026-01-03T00:00:00.000Z): page-4966190e7ca45b28.js:1:14168
     - Spur Ribs: 2.3 × 118.01700000000001 = 271.44 page-4966190e7ca45b28.js:1:14434
     - Chicken: 3.2 × 45.1049992054664 = 144.34 page-4966190e7ca45b28.js:1:14434
     - Tastic Rice: 1 × 18 = 18.00 page-4966190e7ca45b28.js:1:14434
     - Top Score Maize Meal: 0.4 × 12.2 = 4.88 page-4966190e7ca45b28.js:1:14434
     - Lettuce: 2 × 5 = 10.00 page-4966190e7ca45b28.js:1:14434
     - Cooking Oil: 1 × 29.5 = 29.50 page-4966190e7ca45b28.js:1:14434
     - Spice Mix: 0.2 × 73 = 14.60 page-4966190e7ca45b28.js:1:14434
     - Onion: 1 × 7.5 = 7.50 page-4966190e7ca45b28.js:1:14434
     - Carrots: 1 × 10 = 10.00 page-4966190e7ca45b28.js:1:14434
     - Jimmy's SAUCE (Steakhouse): 0.5 × 63.5 = 31.75 page-4966190e7ca45b28.js:1:14434
     - Beetroot: 1 × 6.5 = 6.50 page-4966190e7ca45b28.js:1:14434
     - Still Water 500ml: 15 × 4.166666666666667 = 62.50 page-4966190e7ca45b28.js:1:14434
     - Plain Yoghurt 150G: 2 × 13.604583333333332 = 27.21 page-4966190e7ca45b28.js:1:14434
     - Nectarines: 2 × 29.99 = 59.98 page-4966190e7ca45b28.js:1:14434
     - Potatoes: 4 × 9 = 36.00 page-4966190e7ca45b28.js:1:14434
     - Liqui Fruit Can 300ml: 3 × 10.25 = 30.75 page-4966190e7ca45b28.js:1:14434
     - Red Pepper: 0.3 × 89.89864864864865 = 26.97 page-4966190e7ca45b28.js:1:14434
     - Yellow Pepper: 0.3 × 79.86223662884927 = 23.96 page-4966190e7ca45b28.js:1:14434
     SUBTOTAL: 815.87 page-4966190e7ca45b28.js:1:14530
  5689. DL-00098 (2026-01-02T00:00:00.000Z): page-4966190e7ca45b28.js:1:14168
     - Chicken: 5 × 45.1049992054664 = 225.52 page-4966190e7ca45b28.js:1:14434
     - Tastic Rice: 0.5 × 18 = 9.00 page-4966190e7ca45b28.js:1:14434
     - Cooking Oil: 1 × 29.5 = 29.50 page-4966190e7ca45b28.js:1:14434
     - Mega Maize Rice: 0.6 × 18.4 = 11.04 page-4966190e7ca45b28.js:1:14434
     - Cake Flour: 1 × 14.16 = 14.16 page-4966190e7ca45b28.js:1:14434
     - Brocolli: 1 × 29.99 = 29.99 page-4966190e7ca45b28.js:1:14434
     - Cauliflower: 1 × 29.99 = 29.99 page-4966190e7ca45b28.js:1:14434
     - Baby Marrow: 2 × 19.99 = 39.98 page-4966190e7ca45b28.js:1:14434
     - Carrots: 1 × 10 = 10.00 page-4966190e7ca45b28.js:1:14434
     - Onion: 1 × 7.5 = 7.50 page-4966190e7ca45b28.js:1:14434
     - Liqui Fruit Can 300ml: 11 × 10.25 = 112.75 page-4966190e7ca45b28.js:1:14434
     - Still Water 500ml: 5 × 4.166666666666667 = 20.83 page-4966190e7ca45b28.js:1:14434
     - Krush 200ML: 2 × 7.166666666666667 = 14.33 page-4966190e7ca45b28.js:1:14434
     SUBTOTAL: 554.60 page-4966190e7ca45b28.js:1:14530
  5690. DL-00096 (2026-01-02T00:00:00.000Z): page-4966190e7ca45b28.js:1:14168
     - Beef Stewing: 2.2 × 124.99350569025235 = 274.99 page-4966190e7ca45b28.js:1:14434
     - Chicken: 1.8 × 45.1049992054664 = 81.19 page-4966190e7ca45b28.js:1:14434
     - Tastic Rice: 1 × 18 = 18.00 page-4966190e7ca45b28.js:1:14434
     - Top Score Maize Meal: 0.8 × 12.2 = 9.76 page-4966190e7ca45b28.js:1:14434
     - Cooking Oil: 1 × 29.5 = 29.50 page-4966190e7ca45b28.js:1:14434
     - Cream: 0.5 × 49.01 = 24.50 page-4966190e7ca45b28.js:1:14434
     - Mayonnaise: 1 × 52.666666666666664 = 52.67 page-4966190e7ca45b28.js:1:14434
     - Onion: 1 × 7.5 = 7.50 page-4966190e7ca45b28.js:1:14434
     - Carrots: 1 × 10 = 10.00 page-4966190e7ca45b28.js:1:14434
     - Green Pepper: 1 × 13.32 = 13.32 page-4966190e7ca45b28.js:1:14434
     - Red Pepper: 0.3 × 89.89864864864865 = 26.97 page-4966190e7ca45b28.js:1:14434
     - Sweet-Chilli Sauce: 1 × 51 = 51.00 page-4966190e7ca45b28.js:1:14434
     - Still Water 500ml: 9 × 4.166666666666667 = 37.50 page-4966190e7ca45b28.js:1:14434
     - Banana: 1 × 18.995 = 19.00 page-4966190e7ca45b28.js:1:14434
     - Liqui Fruit Can 300ml: 2 × 10.25 = 20.50 page-4966190e7ca45b28.js:1:14434
     - Tomato Paste: 1 × 63.333333333333336 = 63.33 page-4966190e7ca45b28.js:1:14434
     SUBTOTAL: 739.72 page-4966190e7ca45b28.js:1:14530
  5691. DL-00124 (2026-01-02T00:00:00.000Z): page-4966190e7ca45b28.js:1:14168
     - Salt Sachets: 1 × 0.047 = 0.05 page-4966190e7ca45b28.js:1:14434
     SUBTOTAL: 0.05 page-4966190e7ca45b28.js:1:14530
  5692. DL-00123 (2026-01-02T00:00:00.000Z): page-4966190e7ca45b28.js:1:14168
     - Beef Sausages: 1 × 115.191 = 115.19 page-4966190e7ca45b28.js:1:14434
     SUBTOTAL: 115.19 page-4966190e7ca45b28.js:1:14530
  5693. DL-00095 (2026-01-02T00:00:00.000Z): page-4966190e7ca45b28.js:1:14168
     - Brown Bread: 1 × 14.589999999999998 = 14.59 page-4966190e7ca45b28.js:1:14434
     - White Bread: 1 × 16.29 = 16.29 page-4966190e7ca45b28.js:1:14434
     - Chicken Gizzards: 1 × 41.074999999999996 = 41.07 page-4966190e7ca45b28.js:1:14434
     - Mushrooms: 0.8 × 119.96 = 95.97 page-4966190e7ca45b28.js:1:14434
     - Cheese Slice: 4 × 3.0555555555555554 = 12.22 page-4966190e7ca45b28.js:1:14434
     - Rooibos Tea: 3 × 0.475 = 1.42 page-4966190e7ca45b28.js:1:14434
     - Selati Brown Sugar: 56 × 0.22915 = 12.83 page-4966190e7ca45b28.js:1:14434
     - Canderel Sugar: 3 × 0.65495 = 1.96 page-4966190e7ca45b28.js:1:14434
     - Umcenge Milk: 4 × 18.333333333333332 = 73.33 page-4966190e7ca45b28.js:1:14434
     - Eggs: 17 × 1.9998333333333334 = 34.00 page-4966190e7ca45b28.js:1:14434
     - Top Score Maize Meal: 0.6 × 12.2 = 7.32 page-4966190e7ca45b28.js:1:14434
     - Brocolli: 1 × 29.99 = 29.99 page-4966190e7ca45b28.js:1:14434
     - Baby Marrow: 1 × 19.99 = 19.99 page-4966190e7ca45b28.js:1:14434
     - Red Pepper: 0.3 × 89.89864864864865 = 26.97 page-4966190e7ca45b28.js:1:14434
     - Liqui Fruit Can 300ml: 7 × 10.25 = 71.75 page-4966190e7ca45b28.js:1:14434
     - Yellow Pepper: 0.3 × 79.86223662884927 = 23.96 page-4966190e7ca45b28.js:1:14434
     - Krush 200ML: 1 × 7.166666666666667 = 7.17 page-4966190e7ca45b28.js:1:14434
     - Yoghurt Bliss 150g: 4 × 13.604166666666666 = 54.42 page-4966190e7ca45b28.js:1:14434
     - Still Water 500ml: 2 × 4.166666666666667 = 8.33 page-4966190e7ca45b28.js:1:14434
     - Ellis Brown Sachets 4g: 3 × 1.6266 = 4.88 page-4966190e7ca45b28.js:1:14434
     SUBTOTAL: 558.47 page-4966190e7ca45b28.js:1:14530
  5694. DL-00097 (2026-01-02T00:00:00.000Z): page-4966190e7ca45b28.js:1:14168
     - Umcenge Milk: 1 × 18.333333333333332 = 18.33 page-4966190e7ca45b28.js:1:14434
     - Plain Yoghurt 150G: 3 × 13.604583333333332 = 40.81 page-4966190e7ca45b28.js:1:14434
     - Liqui Fruit Can 300ml: 1 × 10.25 = 10.25 page-4966190e7ca45b28.js:1:14434
     SUBTOTAL: 69.40 page-4966190e7ca45b28.js:1:14530
  5695. DL-00091 (2026-01-01T00:00:00.000Z): page-4966190e7ca45b28.js:1:14168
     - Brown Bread: 1 × 14.589999999999998 = 14.59 page-4966190e7ca45b28.js:1:14434
     - White Bread: 1 × 16.29 = 16.29 page-4966190e7ca45b28.js:1:14434
     - Pork Sausages: 1 × 84.58825 = 84.59 page-4966190e7ca45b28.js:1:14434
     - Beef Sausages: 1 × 115.191475 = 115.19 page-4966190e7ca45b28.js:1:14434
     - Cauli/Broc: 1 × 59.98 = 59.98 page-4966190e7ca45b28.js:1:14434
     - Rooibos Tea: 7 × 0.475 = 3.32 page-4966190e7ca45b28.js:1:14434
     - Ellis Brown Sachets 4g: 6 × 1.6266 = 9.76 page-4966190e7ca45b28.js:1:14434
     - Selati Brown Sugar: 60 × 0.22915 = 13.75 page-4966190e7ca45b28.js:1:14434
     - Top Score Maize Meal: 1 × 12.2 = 12.20 page-4966190e7ca45b28.js:1:14434
     - Emabele: 0.5 × 16 = 8.00 page-4966190e7ca45b28.js:1:14434
     - Lettuce: 1 × 5 = 5.00 page-4966190e7ca45b28.js:1:14434
     - Cheese Slice: 12 × 3.0555555555555554 = 36.67 page-4966190e7ca45b28.js:1:14434
     - Liqui Fruit Can 300ml: 10 × 10.25 = 102.50 page-4966190e7ca45b28.js:1:14434
     - Yoghurt Bliss 150g: 6 × 13.604166666666666 = 81.63 page-4966190e7ca45b28.js:1:14434
     - Krush 200ML: 2 × 7.166666666666667 = 14.33 page-4966190e7ca45b28.js:1:14434
     - Eggs: 10 × 1.9998333333333334 = 20.00 page-4966190e7ca45b28.js:1:14434
     - Rama: 0.5 × 50.666666666666664 = 25.33 page-4966190e7ca45b28.js:1:14434
     - Koo Beans 410g: 2 × 14.166666666666666 = 28.33 page-4966190e7ca45b28.js:1:14434
     - Umcenge Milk: 4 × 18.333333333333332 = 73.33 page-4966190e7ca45b28.js:1:14434
     - Cooking Oil: 1 × 29.5 = 29.50 page-4966190e7ca45b28.js:1:14434
     SUBTOTAL: 754.30 page-4966190e7ca45b28.js:1:14530
  5696. DL-00093 (2026-01-01T00:00:00.000Z): page-4966190e7ca45b28.js:1:14168
     - Russian: 1 × 62.775 = 62.77 page-4966190e7ca45b28.js:1:14434
     - Tennis Biscuits 200g: 1 × 21.67 = 21.67 page-4966190e7ca45b28.js:1:14434
     - Mozzarella Cheese: 0.4 × 180.885 = 72.35 page-4966190e7ca45b28.js:1:14434
     - Cheddar Cheese: 0.8 × 180.885 = 144.71 page-4966190e7ca45b28.js:1:14434
     - Cake Flour: 1 × 14.16 = 14.16 page-4966190e7ca45b28.js:1:14434
     - Yeast 10g: 0.1 × 42.083333333333336 = 4.21 page-4966190e7ca45b28.js:1:14434
     SUBTOTAL: 319.88 page-4966190e7ca45b28.js:1:14530
  5697. DL-00092 (2026-01-01T00:00:00.000Z): page-4966190e7ca45b28.js:1:14168
     - Beef Chuck: 0.8 × 130.674 = 104.54 page-4966190e7ca45b28.js:1:14434
     - Pork Sliced: 0.2 × 93 = 18.60 page-4966190e7ca45b28.js:1:14434
     - Chicken: 2.8 × 45.1049992054664 = 126.29 page-4966190e7ca45b28.js:1:14434
     - Tastic Rice: 1 × 18 = 18.00 page-4966190e7ca45b28.js:1:14434
     - Top Score Maize Meal: 0.5 × 12.2 = 6.10 page-4966190e7ca45b28.js:1:14434
     - Cauli/Broc: 0.5 × 59.98 = 29.99 page-4966190e7ca45b28.js:1:14434
     - Exotic Paprika: 0.5 × 124 = 62.00 page-4966190e7ca45b28.js:1:14434
     - Lettuce: 2 × 5 = 10.00 page-4966190e7ca45b28.js:1:14434
     - Koo Beans 410g: 2 × 14.166666666666666 = 28.33 page-4966190e7ca45b28.js:1:14434
     - Red Pepper: 0.2 × 89.89864864864865 = 17.98 page-4966190e7ca45b28.js:1:14434
     - Yellow Pepper: 0.3 × 79.86223662884927 = 23.96 page-4966190e7ca45b28.js:1:14434
     - Olives: 1 × 82.12372881355931 = 82.12 page-4966190e7ca45b28.js:1:14434
     - Tomatoes: 1 × 17.99 = 17.99 page-4966190e7ca45b28.js:1:14434
     - Cucumber: 1 × 7 = 7.00 page-4966190e7ca45b28.js:1:14434
     - Cooking Oil: 1 × 29.5 = 29.50 page-4966190e7ca45b28.js:1:14434
     - Still Water 500ml: 12 × 4.166666666666667 = 50.00 page-4966190e7ca45b28.js:1:14434
     - Liqui Fruit Can 300ml: 1 × 10.25 = 10.25 page-4966190e7ca45b28.js:1:14434
     SUBTOTAL: 642.66 page-4966190e7ca45b28.js:1:14530
  5698. DL-00094 (2026-01-01T00:00:00.000Z): page-4966190e7ca45b28.js:1:14168
     - Makhaya Chicken: 2 × 100 = 200.00 page-4966190e7ca45b28.js:1:14434
     - Chicken: 3.4 × 45.1049992054664 = 153.36 page-4966190e7ca45b28.js:1:14434
     - Tastic Rice: 0.5 × 18 = 9.00 page-4966190e7ca45b28.js:1:14434
     - Brocolli: 1 × 29.99 = 29.99 page-4966190e7ca45b28.js:1:14434
     - Cauliflower: 1 × 29.99 = 29.99 page-4966190e7ca45b28.js:1:14434
     - Carrots: 2 × 10 = 20.00 page-4966190e7ca45b28.js:1:14434
     - Onion: 1 × 7.5 = 7.50 page-4966190e7ca45b28.js:1:14434
     - Cabbage: 1 × 10 = 10.00 page-4966190e7ca45b28.js:1:14434
     - Self Raising Flour: 1 × 17.196 = 17.20 page-4966190e7ca45b28.js:1:14434
     - Eggs: 6 × 1.9998333333333334 = 12.00 page-4966190e7ca45b28.js:1:14434
     - Umcenge Milk: 1 × 18.333333333333332 = 18.33 page-4966190e7ca45b28.js:1:14434
     - Parsley: 1 × 13.99 = 13.99 page-4966190e7ca45b28.js:1:14434
     - Liqui Fruit Can 300ml: 11 × 10.25 = 112.75 page-4966190e7ca45b28.js:1:14434
     - Still Water 500ml: 2 × 4.166666666666667 = 8.33 page-4966190e7ca45b28.js:1:14434
     - Red Pepper: 0.2 × 89.89864864864865 = 17.98 page-4966190e7ca45b28.js:1:14434
     - Yellow Pepper: 0.4 × 79.86223662884927 = 31.94 page-4966190e7ca45b28.js:1:14434
     - Top Score Maize Meal: 0.6 × 12.2 = 7.32 page-4966190e7ca45b28.js:1:14434
     - Pork Sliced: 0.2 × 93 = 18.60 page-4966190e7ca45b28.js:1:14434
     SUBTOTAL: 718.28 page-4966190e7ca45b28.js:1:14530
  5699. DL-00089 (2025-12-31T00:00:00.000Z): page-4966190e7ca45b28.js:1:14168
     - Ox-tail: 3.8 × 141.73 = 538.57 page-4966190e7ca45b28.js:1:14434
     - Chicken: 1.8 × 45.1049992054664 = 81.19 page-4966190e7ca45b28.js:1:14434
     - Cooking Oil: 1 × 29.5 = 29.50 page-4966190e7ca45b28.js:1:14434
     - Mayonnaise: 1 × 52.666666666666664 = 52.67 page-4966190e7ca45b28.js:1:14434
     - Beetroot: 1 × 6.5 = 6.50 page-4966190e7ca45b28.js:1:14434
     - Spinach: 3 × 10 = 30.00 page-4966190e7ca45b28.js:1:14434
     - Tastic Rice: 1 × 18 = 18.00 page-4966190e7ca45b28.js:1:14434
     - Top Score Maize Meal: 0.6 × 12.2 = 7.32 page-4966190e7ca45b28.js:1:14434
     - Onion: 1 × 7.5 = 7.50 page-4966190e7ca45b28.js:1:14434
     - Red Pepper: 0.5 × 89.89864864864865 = 44.95 page-4966190e7ca45b28.js:1:14434
     - Yellow Pepper: 0.8 × 79.86223662884927 = 63.89 page-4966190e7ca45b28.js:1:14434
     - Still Water 500ml: 20 × 4.166666666666667 = 83.33 page-4966190e7ca45b28.js:1:14434
     - Pears: 1 × 21.99 = 21.99 page-4966190e7ca45b28.js:1:14434
     - Nectarines: 1 × 29.99 = 29.99 page-4966190e7ca45b28.js:1:14434
     - Banana: 1 × 18.995 = 19.00 page-4966190e7ca45b28.js:1:14434
     - Tomatoes: 1 × 17.99 = 17.99 page-4966190e7ca45b28.js:1:14434
     - Cauli/Broc: 1 × 59.98 = 59.98 page-4966190e7ca45b28.js:1:14434
     SUBTOTAL: 1112.37 page-4966190e7ca45b28.js:1:14530
  5700. DL-00090 (2025-12-31T00:00:00.000Z): page-4966190e7ca45b28.js:1:14168
     - Chicken: 5.6 × 45.1049992054664 = 252.59 page-4966190e7ca45b28.js:1:14434
     - Tastic Rice: 0.5 × 18 = 9.00 page-4966190e7ca45b28.js:1:14434
     - Potatoes: 5 × 9 = 45.00 page-4966190e7ca45b28.js:1:14434
     - Brocolli: 1 × 29.99 = 29.99 page-4966190e7ca45b28.js:1:14434
     - Cauliflower: 1 × 29.99 = 29.99 page-4966190e7ca45b28.js:1:14434
     - Lettuce: 2 × 5 = 10.00 page-4966190e7ca45b28.js:1:14434
     - Butternut: 2 × 6 = 12.00 page-4966190e7ca45b28.js:1:14434
     - Spice Mix: 0.2 × 73 = 14.60 page-4966190e7ca45b28.js:1:14434
     - Exotic Six 4 All: 1 × 83 = 83.00 page-4966190e7ca45b28.js:1:14434
     - Liqui Fruit Can 300ml: 12 × 10.25 = 123.00 page-4966190e7ca45b28.js:1:14434
     - Krush 200ML: 1 × 7.166666666666667 = 7.17 page-4966190e7ca45b28.js:1:14434
     - Still Water 500ml: 2 × 4.166666666666667 = 8.33 page-4966190e7ca45b28.js:1:14434
     - Spur Ribs: 0.3 × 118.01700000000001 = 35.41 page-4966190e7ca45b28.js:1:14434
     SUBTOTAL: 660.07 page-4966190e7ca45b28.js:1:14530
  5701. DL-00088 (2025-12-31T00:00:00.000Z): page-4966190e7ca45b28.js:1:14168
     - Brown Bread: 2 × 14.589999999999998 = 29.18 page-4966190e7ca45b28.js:1:14434
     - White Bread: 1 × 16.29 = 16.29 page-4966190e7ca45b28.js:1:14434
     - Mince Meat: 1.1 × 110.99 = 122.09 page-4966190e7ca45b28.js:1:14434
     - Hake Fillet: 1.5 × 144.33599999999998 = 216.50 page-4966190e7ca45b28.js:1:14434
     - Jungle Oats: 1 × 42.5 = 42.50 page-4966190e7ca45b28.js:1:14434
     - Canderel Sugar: 3 × 0.65495 = 1.96 page-4966190e7ca45b28.js:1:14434
     - Selati Brown Sugar: 113 × 0.26 = 29.38 page-4966190e7ca45b28.js:1:14434
     - Ellis Brown Sachets 4g: 10 × 1.6266 = 16.27 page-4966190e7ca45b28.js:1:14434
     - Rooibos Tea: 12 × 0.475 = 5.70 page-4966190e7ca45b28.js:1:14434
     - Cooking Oil: 1 × 29.5 = 29.50 page-4966190e7ca45b28.js:1:14434
     - Tomatoes: 1 × 17.99 = 17.99 page-4966190e7ca45b28.js:1:14434
     - Cucumber: 1 × 7 = 7.00 page-4966190e7ca45b28.js:1:14434
     - Top Score Maize Meal: 0.5 × 12.2 = 6.10 page-4966190e7ca45b28.js:1:14434
     - Eggs: 28 × 1.9998333333333334 = 56.00 page-4966190e7ca45b28.js:1:14434
     - Umcenge Milk: 4 × 18.333333333333332 = 73.33 page-4966190e7ca45b28.js:1:14434
     - Liqui Fruit Can 300ml: 18 × 10.25 = 184.50 page-4966190e7ca45b28.js:1:14434
     - Yoghurt Bliss 150g: 3 × 13.604166666666666 = 40.81 page-4966190e7ca45b28.js:1:14434
     - Lettuce: 1 × 5 = 5.00 page-4966190e7ca45b28.js:1:14434
     SUBTOTAL: 900.11 page-4966190e7ca45b28.js:1:14530
  5702. DL-00085 (2025-12-30T00:00:00.000Z): page-4966190e7ca45b28.js:1:14168
     - Hake Fillet: 2 × 144.33599999999998 = 288.67 page-4966190e7ca45b28.js:1:14434
     - Chicken: 3.4 × 45.1049992054664 = 153.36 page-4966190e7ca45b28.js:1:14434
     - Tastic Rice: 0.5 × 18 = 9.00 page-4966190e7ca45b28.js:1:14434
     - Top Score Maize Meal: 0.5 × 12.2 = 6.10 page-4966190e7ca45b28.js:1:14434
     - Brocolli: 2 × 29.99 = 59.98 page-4966190e7ca45b28.js:1:14434
     - Cauliflower: 1 × 29.99 = 29.99 page-4966190e7ca45b28.js:1:14434
     - Baby Marrow: 1 × 19.99 = 19.99 page-4966190e7ca45b28.js:1:14434
     - Green Pepper: 1 × 13.32 = 13.32 page-4966190e7ca45b28.js:1:14434
     - Macaroni: 1 × 32 = 32.00 page-4966190e7ca45b28.js:1:14434
     - Umcenge Milk: 1 × 18.333333333333332 = 18.33 page-4966190e7ca45b28.js:1:14434
     - Cheddar Cheese: 0.8 × 180.885 = 144.71 page-4966190e7ca45b28.js:1:14434
     - Mozzarella Cheese: 0.2 × 180.885 = 36.18 page-4966190e7ca45b28.js:1:14434
     - Lemon: 1 × 34.10588235294117 = 34.11 page-4966190e7ca45b28.js:1:14434
     - Liqui Fruit Can 300ml: 2 × 10.25 = 20.50 page-4966190e7ca45b28.js:1:14434
     SUBTOTAL: 866.23 page-4966190e7ca45b28.js:1:14530
  5703. DL-00087 (2025-12-30T00:00:00.000Z): page-4966190e7ca45b28.js:1:14168
     - Chicken: 6 × 45.1049992054664 = 270.63 page-4966190e7ca45b28.js:1:14434
     - Lettuce: 3 × 5 = 15.00 page-4966190e7ca45b28.js:1:14434
     - Tomatoes: 1 × 17.99 = 17.99 page-4966190e7ca45b28.js:1:14434
     - Red Pepper: 0.2 × 89.89864864864865 = 17.98 page-4966190e7ca45b28.js:1:14434
     - Yellow Pepper: 0.4 × 79.86223662884927 = 31.94 page-4966190e7ca45b28.js:1:14434
     - Mega Maize Rice: 0.5 × 18.4 = 9.20 page-4966190e7ca45b28.js:1:14434
     - Tastic Rice: 1 × 18 = 18.00 page-4966190e7ca45b28.js:1:14434
     - Top Score Maize Meal: 0.5 × 12.2 = 6.10 page-4966190e7ca45b28.js:1:14434
     - Brocolli: 1 × 29.99 = 29.99 page-4966190e7ca45b28.js:1:14434
     - Cauliflower: 1 × 29.99 = 29.99 page-4966190e7ca45b28.js:1:14434
     - Umcenge Milk: 1 × 18.333333333333332 = 18.33 page-4966190e7ca45b28.js:1:14434
     - Carrots: 1 × 10 = 10.00 page-4966190e7ca45b28.js:1:14434
     - Onion: 1 × 7.5 = 7.50 page-4966190e7ca45b28.js:1:14434
     - Koo Beans 410g: 3 × 14.166666666666666 = 42.50 page-4966190e7ca45b28.js:1:14434
     - Liqui Fruit Can 300ml: 18 × 10.25 = 184.50 page-4966190e7ca45b28.js:1:14434
     - Krush 200ML: 2 × 7.166666666666667 = 14.33 page-4966190e7ca45b28.js:1:14434
     SUBTOTAL: 723.99 page-4966190e7ca45b28.js:1:14530
  5704. DL-00086 (2025-12-30T00:00:00.000Z): page-4966190e7ca45b28.js:1:14168
     - Liqui Fruit Can 300ml: 1 × 10.25 = 10.25 page-4966190e7ca45b28.js:1:14434
     - Yoghurt Bliss 150g: 1 × 13.604166666666666 = 13.60 page-4966190e7ca45b28.js:1:14434
     - Plain Yoghurt 150G: 1 × 13.604583333333332 = 13.60 page-4966190e7ca45b28.js:1:14434
     SUBTOTAL: 37.46 page-4966190e7ca45b28.js:1:14530
  5705. DL-00084 (2025-12-30T00:00:00.000Z): page-4966190e7ca45b28.js:1:14168
     - Brown Bread: 2 × 14.589999999999998 = 29.18 page-4966190e7ca45b28.js:1:14434
     - White Bread: 1 × 16.29 = 16.29 page-4966190e7ca45b28.js:1:14434
     - Low GI Bread 400g : 1 × 24.99 = 24.99 page-4966190e7ca45b28.js:1:14434
     - Mushrooms: 1 × 119.96 = 119.96 page-4966190e7ca45b28.js:1:14434
     - Chicken Gizzards: 1 × 41.074999999999996 = 41.07 page-4966190e7ca45b28.js:1:14434
     - Jungle Oats: 1 × 42.5 = 42.50 page-4966190e7ca45b28.js:1:14434
     - Canderel Sugar: 6 × 0.65495 = 3.93 page-4966190e7ca45b28.js:1:14434
     - Ellis Brown Sachets 4g: 8 × 1.6266 = 13.01 page-4966190e7ca45b28.js:1:14434
     - Selati Brown Sugar: 123 × 0.26 = 31.98 page-4966190e7ca45b28.js:1:14434
     - Rooibos Tea: 11 × 0.475 = 5.22 page-4966190e7ca45b28.js:1:14434
     - Corn-flakes: 1 × 65 = 65.00 page-4966190e7ca45b28.js:1:14434
     - Cauli/Broc: 0.5 × 59.98 = 29.99 page-4966190e7ca45b28.js:1:14434
     - Top Score Maize Meal: 0.7 × 12.2 = 8.54 page-4966190e7ca45b28.js:1:14434
     - Jacobs Sachets: 2 × 4.25 = 8.50 page-4966190e7ca45b28.js:1:14434
     - Red Pepper: 0.4 × 89.89864864864865 = 35.96 page-4966190e7ca45b28.js:1:14434
     - Yellow Pepper: 0.2 × 79.86223662884927 = 15.97 page-4966190e7ca45b28.js:1:14434
     - Liqui Fruit Can 300ml: 11 × 10.25 = 112.75 page-4966190e7ca45b28.js:1:14434
     - Mini Butter 7g: 20 × 2.29 = 45.80 page-4966190e7ca45b28.js:1:14434
     - Cheese Slice: 4 × 3.0555555555555554 = 12.22 page-4966190e7ca45b28.js:1:14434
     - Eggs: 21 × 1.9998333333333334 = 42.00 page-4966190e7ca45b28.js:1:14434
     - Umcenge Milk: 4 × 18.333333333333332 = 73.33 page-4966190e7ca45b28.js:1:14434
     - Krush 200ML: 1 × 7.166666666666667 = 7.17 page-4966190e7ca45b28.js:1:14434
     - Plain Yoghurt 150G: 2 × 13.604583333333332 = 27.21 page-4966190e7ca45b28.js:1:14434
     SUBTOTAL: 812.58 page-4966190e7ca45b28.js:1:14530
  5706. DL-00082 (2025-12-29T00:00:00.000Z): page-4966190e7ca45b28.js:1:14168
     - Lamb: 1.5 × 189.888 = 284.83 page-4966190e7ca45b28.js:1:14434
     - Chicken: 3.6 × 45.1049992054664 = 162.38 page-4966190e7ca45b28.js:1:14434
     - Mega Star Samp: 0.5 × 14.6 = 7.30 page-4966190e7ca45b28.js:1:14434
     - Tastic Rice: 1 × 18 = 18.00 page-4966190e7ca45b28.js:1:14434
     - Beetroot: 1 × 6.5 = 6.50 page-4966190e7ca45b28.js:1:14434
     - Potatoes: 5 × 9 = 45.00 page-4966190e7ca45b28.js:1:14434
     - Cabbage: 1 × 10 = 10.00 page-4966190e7ca45b28.js:1:14434
     - Red Pepper: 0.5 × 89.89864864864865 = 44.95 page-4966190e7ca45b28.js:1:14434
     - Yellow Pepper: 0.6 × 79.86223662884927 = 47.92 page-4966190e7ca45b28.js:1:14434
     - Top Score Maize Meal: 0.8 × 12.2 = 9.76 page-4966190e7ca45b28.js:1:14434
     - Cream: 1 × 49.01 = 49.01 page-4966190e7ca45b28.js:1:14434
     - Umcenge Milk: 1 × 18.333333333333332 = 18.33 page-4966190e7ca45b28.js:1:14434
     - Cheddar Cheese: 0.3 × 180.885 = 54.27 page-4966190e7ca45b28.js:1:14434
     - Rama: 0.5 × 50.666666666666664 = 25.33 page-4966190e7ca45b28.js:1:14434
     - Banana: 2 × 18.995 = 37.99 page-4966190e7ca45b28.js:1:14434
     - Pears: 2 × 21.99 = 43.98 page-4966190e7ca45b28.js:1:14434
     - Still Water 500ml: 18 × 4.166666666666667 = 75.00 page-4966190e7ca45b28.js:1:14434
     - Cooking Oil: 1 × 29.5 = 29.50 page-4966190e7ca45b28.js:1:14434
     SUBTOTAL: 970.05 page-4966190e7ca45b28.js:1:14530
  5707. DL-00083 (2025-12-29T00:00:00.000Z): page-4966190e7ca45b28.js:1:14168
     - Chicken: 1 × 45.1049992054664 = 45.10 page-4966190e7ca45b28.js:1:14434
     - Tastic Rice: 1 × 18 = 18.00 page-4966190e7ca45b28.js:1:14434
     - Potatoes: 1 × 9 = 9.00 page-4966190e7ca45b28.js:1:14434
     - Brocolli: 1 × 29.99 = 29.99 page-4966190e7ca45b28.js:1:14434
     - Red Pepper: 1 × 89.89864864864865 = 89.90 page-4966190e7ca45b28.js:1:14434
     - Yellow Pepper: 1 × 79.86223662884927 = 79.86 page-4966190e7ca45b28.js:1:14434
     - Lettuce: 1 × 5 = 5.00 page-4966190e7ca45b28.js:1:14434
     - Cucumber: 1 × 7 = 7.00 page-4966190e7ca45b28.js:1:14434
     - Tomatoes: 1 × 17.99 = 17.99 page-4966190e7ca45b28.js:1:14434
     - Pork Sliced: 1 × 93 = 93.00 page-4966190e7ca45b28.js:1:14434
     - Liqui Fruit Can 300ml: 1 × 10.25 = 10.25 page-4966190e7ca45b28.js:1:14434
     - Krush 200ML: 1 × 7.166666666666667 = 7.17 page-4966190e7ca45b28.js:1:14434
     - Chutney: 1 × 48 = 48.00 page-4966190e7ca45b28.js:1:14434
     SUBTOTAL: 460.26 page-4966190e7ca45b28.js:1:14530
  5708. DL-00081 (2025-12-29T00:00:00.000Z): page-4966190e7ca45b28.js:1:14168
     - Brown Bread: 1 × 14.589999999999998 = 14.59 page-4966190e7ca45b28.js:1:14434
     - White Bread: 1 × 16.29 = 16.29 page-4966190e7ca45b28.js:1:14434
     - Pork Sausages: 1 × 84.58825 = 84.59 page-4966190e7ca45b28.js:1:14434
     - Beef Sausages: 1 × 115.191475 = 115.19 page-4966190e7ca45b28.js:1:14434
     - Umcenge Milk: 3 × 18.333333333333332 = 55.00 page-4966190e7ca45b28.js:1:14434
     - Eggs: 8 × 1.9998333333333334 = 16.00 page-4966190e7ca45b28.js:1:14434
     - Selati Brown Sugar: 65 × 0.26 = 16.90 page-4966190e7ca45b28.js:1:14434
     - Rooibos Tea: 1 × 0.475 = 0.47 page-4966190e7ca45b28.js:1:14434
     - Ellis Brown Sachets 4g: 5 × 1.6266 = 8.13 page-4966190e7ca45b28.js:1:14434
     - Canderel Sugar: 9 × 0.65495 = 5.89 page-4966190e7ca45b28.js:1:14434
     - Top Score Maize Meal: 0.6 × 12.2 = 7.32 page-4966190e7ca45b28.js:1:14434
     - Jungle Oats: 1 × 42.5 = 42.50 page-4966190e7ca45b28.js:1:14434
     - Brocolli: 1 × 29.99 = 29.99 page-4966190e7ca45b28.js:1:14434
     - Tomatoes: 1 × 17.99 = 17.99 page-4966190e7ca45b28.js:1:14434
     - Lettuce: 1 × 5 = 5.00 page-4966190e7ca45b28.js:1:14434
     - Cheese Slice: 12 × 3.0555555555555554 = 36.67 page-4966190e7ca45b28.js:1:14434
     - Yellow Pepper: 0.3 × 79.86223662884927 = 23.96 page-4966190e7ca45b28.js:1:14434
     - Chicken Breast: 0.9 × 45.11 = 40.60 page-4966190e7ca45b28.js:1:14434
     - Cooking Oil: 1 × 29.5 = 29.50 page-4966190e7ca45b28.js:1:14434
     - Koo Beans 410g: 3 × 14.166666666666666 = 42.50 page-4966190e7ca45b28.js:1:14434
     - Krush 200ML: 2 × 7.166666666666667 = 14.33 page-4966190e7ca45b28.js:1:14434
     - Still Water 500ml: 3 × 4.166666666666667 = 12.50 page-4966190e7ca45b28.js:1:14434
     - Liqui Fruit Can 300ml: 11 × 10.25 = 112.75 page-4966190e7ca45b28.js:1:14434
     - Bacon: 0.5 × 88.35 = 44.17 page-4966190e7ca45b28.js:1:14434
     - Ham: 0.5 × 112.995 = 56.50 page-4966190e7ca45b28.js:1:14434
     SUBTOTAL: 849.34 page-4966190e7ca45b28.js:1:14530
  5709. DL-00077 (2025-12-28T00:00:00.000Z): page-4966190e7ca45b28.js:1:14168
     - Brown Bread: 1 × 14.589999999999998 = 14.59 page-4966190e7ca45b28.js:1:14434
     - White Bread: 1 × 16.29 = 16.29 page-4966190e7ca45b28.js:1:14434
     - Ox-Liver: 0.5 × 29.86 = 14.93 page-4966190e7ca45b28.js:1:14434
     - Chicken Breast: 0.7 × 45.11 = 31.58 page-4966190e7ca45b28.js:1:14434
     - Top Score Maize Meal: 0.5 × 12.2 = 6.10 page-4966190e7ca45b28.js:1:14434
     - Rama: 0.5 × 50.666666666666664 = 25.33 page-4966190e7ca45b28.js:1:14434
     - Selati Brown Sugar: 50 × 0.26 = 13.00 page-4966190e7ca45b28.js:1:14434
     - Rooibos Tea: 6 × 0.475 = 2.85 page-4966190e7ca45b28.js:1:14434
     - Ellis Brown Sachets 4g: 6 × 1.6266 = 9.76 page-4966190e7ca45b28.js:1:14434
     - Canderel Sugar: 6 × 0.65495 = 3.93 page-4966190e7ca45b28.js:1:14434
     - Umcenge Milk: 2 × 18.333333333333332 = 36.67 page-4966190e7ca45b28.js:1:14434
     - Onion: 1 × 7.5 = 7.50 page-4966190e7ca45b28.js:1:14434
     - Eggs: 9 × 1.9998333333333334 = 18.00 page-4966190e7ca45b28.js:1:14434
     - Cauli/Broc: 0.5 × 59.98 = 29.99 page-4966190e7ca45b28.js:1:14434
     - Red Pepper: 0.5 × 89.89864864864865 = 44.95 page-4966190e7ca45b28.js:1:14434
     - Green Pepper: 0.5 × 13.32 = 6.66 page-4966190e7ca45b28.js:1:14434
     - Tomatoes: 1 × 17.99 = 17.99 page-4966190e7ca45b28.js:1:14434
     - Cucumber: 1 × 7 = 7.00 page-4966190e7ca45b28.js:1:14434
     - Krush 200ML: 2 × 7.166666666666667 = 14.33 page-4966190e7ca45b28.js:1:14434
     - Still Water 500ml: 3 × 4.166666666666667 = 12.50 page-4966190e7ca45b28.js:1:14434
     - Liqui Fruit Can 300ml: 7 × 10.25 = 71.75 page-4966190e7ca45b28.js:1:14434
     SUBTOTAL: 405.70 page-4966190e7ca45b28.js:1:14530
  5710. DL-00080 (2025-12-28T00:00:00.000Z): page-4966190e7ca45b28.js:1:14168
     - Makhaya Chicken: 1 × 100 = 100.00 page-4966190e7ca45b28.js:1:14434
     - Top Score Maize Meal: 1 × 12.2 = 12.20 page-4966190e7ca45b28.js:1:14434
     - Baby Marrow: 1 × 19.99 = 19.99 page-4966190e7ca45b28.js:1:14434
     - Carrots: 1 × 10 = 10.00 page-4966190e7ca45b28.js:1:14434
     - Green Pepper: 1 × 13.32 = 13.32 page-4966190e7ca45b28.js:1:14434
     - Onion: 1 × 7.5 = 7.50 page-4966190e7ca45b28.js:1:14434
     - Red Pepper: 1 × 89.89864864864865 = 89.90 page-4966190e7ca45b28.js:1:14434
     - Pork Chops: 1 × 93.288 = 93.29 page-4966190e7ca45b28.js:1:14434
     - Cauli/Broc: 1 × 59.98 = 59.98 page-4966190e7ca45b28.js:1:14434
     - Tastic Rice: 1 × 18 = 18.00 page-4966190e7ca45b28.js:1:14434
     - Krush 200ML: 1 × 7.166666666666667 = 7.17 page-4966190e7ca45b28.js:1:14434
     - Still Water 500ml: 1 × 4.166666666666667 = 4.17 page-4966190e7ca45b28.js:1:14434
     - Liqui Fruit Can 300ml: 1 × 10.25 = 10.25 page-4966190e7ca45b28.js:1:14434
     SUBTOTAL: 445.76 page-4966190e7ca45b28.js:1:14530
  5711. DL-00078 (2025-12-28T00:00:00.000Z): page-4966190e7ca45b28.js:1:14168
     - Pork Chops: 0.9 × 93.288 = 83.96 page-4966190e7ca45b28.js:1:14434
     - Beef Chuck: 0.8 × 130.674 = 104.54 page-4966190e7ca45b28.js:1:14434
     - Chicken: 1.7 × 45.1049992054664 = 76.68 page-4966190e7ca45b28.js:1:14434
     - Tastic Rice: 1 × 18 = 18.00 page-4966190e7ca45b28.js:1:14434
     - Onion: 1 × 7.5 = 7.50 page-4966190e7ca45b28.js:1:14434
     - Top Class Aromat: 0.4 × 73 = 29.20 page-4966190e7ca45b28.js:1:14434
     - Lettuce: 3 × 5 = 15.00 page-4966190e7ca45b28.js:1:14434
     - Top Score Maize Meal: 1 × 12.2 = 12.20 page-4966190e7ca45b28.js:1:14434
     - Brocolli: 1 × 29.99 = 29.99 page-4966190e7ca45b28.js:1:14434
     - Cauli/Broc: 0.5 × 59.98 = 29.99 page-4966190e7ca45b28.js:1:14434
     - Koo Beans 410g: 3 × 14.166666666666666 = 42.50 page-4966190e7ca45b28.js:1:14434
     - Red Pepper: 0.3 × 89.89864864864865 = 26.97 page-4966190e7ca45b28.js:1:14434
     - Still Water 500ml: 15 × 4.166666666666667 = 62.50 page-4966190e7ca45b28.js:1:14434
     - Liqui Fruit Can 300ml: 1 × 10.25 = 10.25 page-4966190e7ca45b28.js:1:14434
     SUBTOTAL: 549.28 page-4966190e7ca45b28.js:1:14530
  5712. DL-00079 (2025-12-28T00:00:00.000Z): page-4966190e7ca45b28.js:1:14168
     - Watermelon: 1 × 0 = 0.00 page-4966190e7ca45b28.js:1:14434
     - Pineapple : 2 × 18.99 = 37.98 page-4966190e7ca45b28.js:1:14434
     - Apple: 1.1 × 15.909090909090908 = 17.50 page-4966190e7ca45b28.js:1:14434
     - Dragon Fruit : 3 × 23.23 = 69.69 page-4966190e7ca45b28.js:1:14434
     - Blueberries: 0.4 × 143.92 = 57.57 page-4966190e7ca45b28.js:1:14434
     - Grape: 0.5 × 79.98 = 39.99 page-4966190e7ca45b28.js:1:14434
     - Liqui Fruit 1L: 1 × 0 = 0.00 page-4966190e7ca45b28.js:1:14434
     - Liqui Fruit Can 300ml: 1 × 10.25 = 10.25 page-4966190e7ca45b28.js:1:14434
     SUBTOTAL: 232.98 page-4966190e7ca45b28.js:1:14530
  5713. DL-00075 (2025-12-27T00:00:00.000Z): page-4966190e7ca45b28.js:1:14168
     - Spur Ribs: 3.7 × 118.01700000000001 = 436.66 page-4966190e7ca45b28.js:1:14434
     - Chicken: 1.6 × 45.1049992054664 = 72.17 page-4966190e7ca45b28.js:1:14434
     - Tastic Rice: 1 × 18 = 18.00 page-4966190e7ca45b28.js:1:14434
     - Potatoes: 5 × 9 = 45.00 page-4966190e7ca45b28.js:1:14434
     - Cooking Oil: 2 × 29.5 = 59.00 page-4966190e7ca45b28.js:1:14434
     - Onion: 1 × 7.5 = 7.50 page-4966190e7ca45b28.js:1:14434
     - Lettuce: 2 × 5 = 10.00 page-4966190e7ca45b28.js:1:14434
     - Cauli/Broc: 1 × 59.98 = 59.98 page-4966190e7ca45b28.js:1:14434
     - Top Score Maize Meal: 1 × 12.2 = 12.20 page-4966190e7ca45b28.js:1:14434
     - Baby Marrow: 1 × 19.99 = 19.99 page-4966190e7ca45b28.js:1:14434
     - Apple: 1.2 × 15.909090909090908 = 19.09 page-4966190e7ca45b28.js:1:14434
     - Still Water 500ml: 10 × 4.166666666666667 = 41.67 page-4966190e7ca45b28.js:1:14434
     - Liqui Fruit Can 300ml: 3 × 10.25 = 30.75 page-4966190e7ca45b28.js:1:14434
     SUBTOTAL: 832.01 page-4966190e7ca45b28.js:1:14530
  5714. DL-00074 (2025-12-27T00:00:00.000Z): page-4966190e7ca45b28.js:1:14168
     - Brown Bread: 1 × 14.59 = 14.59 page-4966190e7ca45b28.js:1:14434
     - White Bread: 1 × 16.29 = 16.29 page-4966190e7ca45b28.js:1:14434
     - Eggs: 15 × 1.9998333333333334 = 30.00 page-4966190e7ca45b28.js:1:14434
     - Chicken Breast: 1.3 × 45.11 = 58.64 page-4966190e7ca45b28.js:1:14434
     - Umcenge Milk: 2 × 18.333333333333332 = 36.67 page-4966190e7ca45b28.js:1:14434
     - Cheese Slice: 9 × 3.0555555555555554 = 27.50 page-4966190e7ca45b28.js:1:14434
     - Selati Brown Sugar: 73 × 0.26 = 18.98 page-4966190e7ca45b28.js:1:14434
     - Rooibos Tea: 6 × 0.475 = 2.85 page-4966190e7ca45b28.js:1:14434
     - Ellis Brown Sachets 4g: 6 × 1.6266 = 9.76 page-4966190e7ca45b28.js:1:14434
     - Canderel Sugar: 3 × 0.65495 = 1.96 page-4966190e7ca45b28.js:1:14434
     - Top Score Maize Meal: 0.6 × 12.2 = 7.32 page-4966190e7ca45b28.js:1:14434
     - Cauli/Broc: 0.5 × 59.98 = 29.99 page-4966190e7ca45b28.js:1:14434
     - Red Pepper: 0.3 × 89.89864864864865 = 26.97 page-4966190e7ca45b28.js:1:14434
     - Lettuce: 1 × 5 = 5.00 page-4966190e7ca45b28.js:1:14434
     - Tomatoes: 1 × 17.99 = 17.99 page-4966190e7ca45b28.js:1:14434
     - Cucumber: 1 × 7 = 7.00 page-4966190e7ca45b28.js:1:14434
     - Koo Beans 410g: 1 × 14.166666666666666 = 14.17 page-4966190e7ca45b28.js:1:14434
     - Onion: 1 × 7.5 = 7.50 page-4966190e7ca45b28.js:1:14434
     - Jacobs Sachets: 1 × 4.25 = 4.25 page-4966190e7ca45b28.js:1:14434
     - Still Water 500ml: 6 × 4.166666666666667 = 25.00 page-4966190e7ca45b28.js:1:14434
     - Krush 200ML: 1 × 7.166666666666667 = 7.17 page-4966190e7ca45b28.js:1:14434
     - Liqui Fruit Can 300ml: 11 × 10.25 = 112.75 page-4966190e7ca45b28.js:1:14434
     SUBTOTAL: 482.34 page-4966190e7ca45b28.js:1:14530
  5715. DL-00076 (2025-12-27T00:00:00.000Z): page-4966190e7ca45b28.js:1:14168
     - Chicken: 1.8 × 45.1049992054664 = 81.19 page-4966190e7ca45b28.js:1:14434
     - Potatoes: 5 × 9 = 45.00 page-4966190e7ca45b28.js:1:14434
     - Beetroot: 2 × 6.5 = 13.00 page-4966190e7ca45b28.js:1:14434
     - Onion: 1 × 7.5 = 7.50 page-4966190e7ca45b28.js:1:14434
     - Lemon juice: 2 × 35.5 = 71.00 page-4966190e7ca45b28.js:1:14434
     - Sweet-Chilli Sauce: 2 × 51 = 102.00 page-4966190e7ca45b28.js:1:14434
     - Still Water 500ml: 2 × 4.166666666666667 = 8.33 page-4966190e7ca45b28.js:1:14434
     - Krush 200ML: 1 × 7.166666666666667 = 7.17 page-4966190e7ca45b28.js:1:14434
     - Liqui Fruit Can 300ml: 7 × 10.25 = 71.75 page-4966190e7ca45b28.js:1:14434
     - Jimmy's SAUCE (Steakhouse): 0.8 × 63.5 = 50.80 page-4966190e7ca45b28.js:1:14434
     SUBTOTAL: 457.74 page-4966190e7ca45b28.js:1:14530
  5716. DL-00072 (2025-12-26T00:00:00.000Z): page-4966190e7ca45b28.js:1:14168
     - Beef Stewing: 2.8 × 124.99350569025235 = 349.98 page-4966190e7ca45b28.js:1:14434
     - Chicken: 1.7 × 45.1049992054664 = 76.68 page-4966190e7ca45b28.js:1:14434
     - Tastic Rice: 1 × 18 = 18.00 page-4966190e7ca45b28.js:1:14434
     - Potatoes: 5 × 9 = 45.00 page-4966190e7ca45b28.js:1:14434
     - Butternut: 2 × 6 = 12.00 page-4966190e7ca45b28.js:1:14434
     - Pumpkin Leaves : 5 × 13.99 = 69.95 page-4966190e7ca45b28.js:1:14434
     - Mega Star Samp: 0.6 × 14.6 = 8.76 page-4966190e7ca45b28.js:1:14434
     - Top Score Maize Meal: 1 × 12.2 = 12.20 page-4966190e7ca45b28.js:1:14434
     - Spinach: 2 × 10 = 20.00 page-4966190e7ca45b28.js:1:14434
     - Cremora: 0.4 × 68 = 27.20 page-4966190e7ca45b28.js:1:14434
     - Baby Marrow: 1 × 19.99 = 19.99 page-4966190e7ca45b28.js:1:14434
     - Cheddar Cheese: 0.2 × 180.885 = 36.18 page-4966190e7ca45b28.js:1:14434
     - Yellow Pepper: 0.2 × 79.86223662884927 = 15.97 page-4966190e7ca45b28.js:1:14434
     - Red Pepper: 0.2 × 89.89864864864865 = 17.98 page-4966190e7ca45b28.js:1:14434
     - Pears: 1 × 21.99 = 21.99 page-4966190e7ca45b28.js:1:14434
     - Liqui Fruit Can 300ml: 1 × 10.25 = 10.25 page-4966190e7ca45b28.js:1:14434
     - Still Water 500ml: 13 × 4.166666666666667 = 54.17 page-4966190e7ca45b28.js:1:14434
     SUBTOTAL: 816.30 page-4966190e7ca45b28.js:1:14530
  5717. DL-00071 (2025-12-26T00:00:00.000Z): page-4966190e7ca45b28.js:1:14168
     - Brown Bread: 1 × 14.59 = 14.59 page-4966190e7ca45b28.js:1:14434
     - White Bread: 1 × 16.29 = 16.29 page-4966190e7ca45b28.js:1:14434
     - Chicken Gizzards: 1 × 41.074999999999996 = 41.07 page-4966190e7ca45b28.js:1:14434
     - Mushrooms: 0.3 × 119.96 = 35.99 page-4966190e7ca45b28.js:1:14434
     - Top Score Maize Meal: 0.6 × 12.2 = 7.32 page-4966190e7ca45b28.js:1:14434
     - Selati Brown Sugar: 51 × 0.26 = 13.26 page-4966190e7ca45b28.js:1:14434
     - Rooibos Tea: 5 × 0.475 = 2.38 page-4966190e7ca45b28.js:1:14434
     - Ellis Brown Sachets 4g: 4 × 1.6266 = 6.51 page-4966190e7ca45b28.js:1:14434
     - Canderel Sugar: 15 × 0.65495 = 9.82 page-4966190e7ca45b28.js:1:14434
     - Umcenge Milk: 4 × 18.333333333333332 = 73.33 page-4966190e7ca45b28.js:1:14434
     - Eggs: 27 × 1.9998333333333334 = 54.00 page-4966190e7ca45b28.js:1:14434
     - Custard: 1 × 19 = 19.00 page-4966190e7ca45b28.js:1:14434
     - Cauli/Broc: 0.5 × 59.98 = 29.99 page-4966190e7ca45b28.js:1:14434
     - Jacobs Sachets: 2 × 4.25 = 8.50 page-4966190e7ca45b28.js:1:14434
     - Yellow Pepper: 0.4 × 79.86223662884927 = 31.94 page-4966190e7ca45b28.js:1:14434
     - Red Pepper: 0.2 × 89.89864864864865 = 17.98 page-4966190e7ca45b28.js:1:14434
     - Cheese Slice: 6 × 3.0555555555555554 = 18.33 page-4966190e7ca45b28.js:1:14434
     - Mini Butter 7g: 0 × 262.14375 = 0.00 page-4966190e7ca45b28.js:1:14434
     - Plain Yoghurt 150G: 2 × 13.604583333333332 = 27.21 page-4966190e7ca45b28.js:1:14434
     - Still Water 500ml: 5 × 4.166666666666667 = 20.83 page-4966190e7ca45b28.js:1:14434
     - Liqui Fruit Can 300ml: 12 × 10.25 = 123.00 page-4966190e7ca45b28.js:1:14434
     SUBTOTAL: 571.35 page-4966190e7ca45b28.js:1:14530
  5718. DL-00073 (2025-12-26T00:00:00.000Z): page-4966190e7ca45b28.js:1:14168
     - Chicken: 5.2 × 45.1049992054664 = 234.55 page-4966190e7ca45b28.js:1:14434
     - Mega Maize Rice: 0.5 × 18.4 = 9.20 page-4966190e7ca45b28.js:1:14434
     - Tastic Rice: 0.5 × 18 = 9.00 page-4966190e7ca45b28.js:1:14434
     - Green Beans: 2 × 0 = 0.00 page-4966190e7ca45b28.js:1:14434
     - Top Score Maize Meal: 1 × 12.2 = 12.20 page-4966190e7ca45b28.js:1:14434
     - Emabele: 0.2 × 16 = 3.20 page-4966190e7ca45b28.js:1:14434
     - Red Cabbage: 1 × 29.99 = 29.99 page-4966190e7ca45b28.js:1:14434
     - Mayonnaise: 3 × 52.666666666666664 = 158.00 page-4966190e7ca45b28.js:1:14434
     - Sun Sun Cooking Oil: 2 × 30.5 = 61.00 page-4966190e7ca45b28.js:1:14434
     - Red Pepper: 0.2 × 89.89864864864865 = 17.98 page-4966190e7ca45b28.js:1:14434
     - Still Water 500ml: 2 × 4.166666666666667 = 8.33 page-4966190e7ca45b28.js:1:14434
     - Liqui Fruit Can 300ml: 14 × 10.25 = 143.50 page-4966190e7ca45b28.js:1:14434
     SUBTOTAL: 686.95 page-4966190e7ca45b28.js:1:14530
  5719. DL-00068 (2025-12-25T00:00:00.000Z): page-4966190e7ca45b28.js:1:14168
     - Kingklip fillet: 5 × 271.05 = 1355.25 page-4966190e7ca45b28.js:1:14434
     - Chicken: 1.8 × 45.1049992054664 = 81.19 page-4966190e7ca45b28.js:1:14434
     - Tastic Rice: 1 × 18 = 18.00 page-4966190e7ca45b28.js:1:14434
     - Sun Sun Cooking Oil: 2 × 30.5 = 61.00 page-4966190e7ca45b28.js:1:14434
     - Potatoes: 5 × 9 = 45.00 page-4966190e7ca45b28.js:1:14434
     - Top Class Aromat: 0.6 × 73 = 43.80 page-4966190e7ca45b28.js:1:14434
     - Green Beans: 0.7 × 0 = 0.00 page-4966190e7ca45b28.js:1:14434
     - Brocolli: 2 × 29.99 = 59.98 page-4966190e7ca45b28.js:1:14434
     - Mushrooms: 1 × 39.989999999999995 = 39.99 page-4966190e7ca45b28.js:1:14434
     - Cream: 1 × 49.01 = 49.01 page-4966190e7ca45b28.js:1:14434
     - Pork Chops: 0.3 × 93.288 = 27.99 page-4966190e7ca45b28.js:1:14434
     - Yellow Pepper: 0.5 × 79.86223662884927 = 39.93 page-4966190e7ca45b28.js:1:14434
     - Red Pepper: 0.4 × 89.89864864864865 = 35.96 page-4966190e7ca45b28.js:1:14434
     - Top Score Maize Meal: 0.8 × 12.2 = 9.76 page-4966190e7ca45b28.js:1:14434
     - Liqui Fruit Can 300ml: 18 × 10.25 = 184.50 page-4966190e7ca45b28.js:1:14434
     SUBTOTAL: 2051.36 page-4966190e7ca45b28.js:1:14530
  5720. DL-00069 (2025-12-25T00:00:00.000Z): page-4966190e7ca45b28.js:1:14168
     - Ice-Cream: 1.8 × 21.997999999999998 = 39.60 page-4966190e7ca45b28.js:1:14434
     - Black Forest Cake: 2 × 79.965 = 159.93 page-4966190e7ca45b28.js:1:14434
     - Grape: 2 × 79.98 = 159.96 page-4966190e7ca45b28.js:1:14434
     SUBTOTAL: 359.49 page-4966190e7ca45b28.js:1:14530
  5721. DL-00070 (2025-12-25T00:00:00.000Z): page-4966190e7ca45b28.js:1:14168
     - Chicken: 3.9 × 45.1049992054664 = 175.91 page-4966190e7ca45b28.js:1:14434
     - Tastic Rice: 1.5 × 18 = 27.00 page-4966190e7ca45b28.js:1:14434
     - Potatoes: 5 × 9 = 45.00 page-4966190e7ca45b28.js:1:14434
     - Lettuce: 3 × 5 = 15.00 page-4966190e7ca45b28.js:1:14434
     - Exotic Six 4 All: 1 × 83 = 83.00 page-4966190e7ca45b28.js:1:14434
     - Yoghurt Bliss 150g: 2 × 13.604166666666666 = 27.21 page-4966190e7ca45b28.js:1:14434
     - Plain Yoghurt 150G: 2 × 13.604583333333332 = 27.21 page-4966190e7ca45b28.js:1:14434
     - Liqui Fruit Can 300ml: 2 × 10.25 = 20.50 page-4966190e7ca45b28.js:1:14434
     - Still Water 500ml: 17 × 4.166666666666667 = 70.83 page-4966190e7ca45b28.js:1:14434
     SUBTOTAL: 491.66 page-4966190e7ca45b28.js:1:14530
  5722. DL-00067 (2025-12-25T00:00:00.000Z): page-4966190e7ca45b28.js:1:14168
     - Long French Bread : 6 × 16.99 = 101.94 page-4966190e7ca45b28.js:1:14434
     - Top Score Maize Meal: 0.7 × 12.2 = 8.54 page-4966190e7ca45b28.js:1:14434
     - Jungle Oats: 1 × 42.5 = 42.50 page-4966190e7ca45b28.js:1:14434
     - Emabele: 1 × 16 = 16.00 page-4966190e7ca45b28.js:1:14434
     - Self Raising Flour: 0.9 × 15.996 = 14.40 page-4966190e7ca45b28.js:1:14434
     - Umcenge Milk: 4 × 18.333333333333332 = 73.33 page-4966190e7ca45b28.js:1:14434
     - Eggs: 10 × 2 = 20.00 page-4966190e7ca45b28.js:1:14434
     - Cheese Slice: 24 × 3.0555555555555554 = 73.33 page-4966190e7ca45b28.js:1:14434
     - Lettuce: 1 × 5 = 5.00 page-4966190e7ca45b28.js:1:14434
     - Rama: 0.5 × 50.666666666666664 = 25.33 page-4966190e7ca45b28.js:1:14434
     - White Sugar: 0.5 × 19.4 = 9.70 page-4966190e7ca45b28.js:1:14434
     - Selati Brown Sugar: 65 × 0.26 = 16.90 page-4966190e7ca45b28.js:1:14434
     - Rooibos Tea: 7 × 0.48125 = 3.37 page-4966190e7ca45b28.js:1:14434
     - Ellis Brown Sachets 4g: 5 × 1.6266 = 8.13 page-4966190e7ca45b28.js:1:14434
     - Canderel Sugar: 15 × 0.65495 = 9.82 page-4966190e7ca45b28.js:1:14434
     - Jacobs Sachets: 2 × 4.25 = 8.50 page-4966190e7ca45b28.js:1:14434
     - Red Pepper: 0.6 × 89.89864864864865 = 53.94 page-4966190e7ca45b28.js:1:14434
     - Yellow Pepper: 0.5 × 79.86223662884927 = 39.93 page-4966190e7ca45b28.js:1:14434
     - Green Pepper: 0.7 × 13.32 = 9.32 page-4966190e7ca45b28.js:1:14434
     - Tomatoes: 1 × 20.49 = 20.49 page-4966190e7ca45b28.js:1:14434
     - Cucumber: 1 × 7 = 7.00 page-4966190e7ca45b28.js:1:14434
     - Corn-flakes: 1 × 65 = 65.00 page-4966190e7ca45b28.js:1:14434
     - Still Water 500ml: 6 × 4.166666666666667 = 25.00 page-4966190e7ca45b28.js:1:14434
     - Liqui Fruit Can 300ml: 20 × 10.25 = 205.00 page-4966190e7ca45b28.js:1:14434
     SUBTOTAL: 862.49 page-4966190e7ca45b28.js:1:14530
  5723. DL-00063 (2025-12-24T00:00:00.000Z): page-4966190e7ca45b28.js:1:14168
     - Brown Bread: 3 × 14.589999999999998 = 43.77 page-4966190e7ca45b28.js:1:14434
     - White Bread: 1 × 16.29 = 16.29 page-4966190e7ca45b28.js:1:14434
     - Mince Meat: 1.1 × 110.99 = 122.09 page-4966190e7ca45b28.js:1:14434
     - Hake Fillet: 2 × 144.33599999999998 = 288.67 page-4966190e7ca45b28.js:1:14434
     - Top Score Maize Meal: 0.7 × 12.2 = 8.54 page-4966190e7ca45b28.js:1:14434
     - Jungle Oats: 1 × 42.5 = 42.50 page-4966190e7ca45b28.js:1:14434
     - All-Bran: 1 × 76 = 76.00 page-4966190e7ca45b28.js:1:14434
     - Yellow Pepper: 0.2 × 79.86223662884927 = 15.97 page-4966190e7ca45b28.js:1:14434
     - Red Pepper: 0.3 × 89.89864864864865 = 26.97 page-4966190e7ca45b28.js:1:14434
     - Green Pepper: 0.7 × 13.32 = 9.32 page-4966190e7ca45b28.js:1:14434
     - Umcenge Milk: 4 × 18.333333333333332 = 73.33 page-4966190e7ca45b28.js:1:14434
     - Eggs: 33 × 2 = 66.00 page-4966190e7ca45b28.js:1:14434
     - Tomatoes: 1 × 20.49 = 20.49 page-4966190e7ca45b28.js:1:14434
     - Cucumber: 1 × 7 = 7.00 page-4966190e7ca45b28.js:1:14434
     - Selati Brown Sugar: 100 × 0.26 = 26.00 page-4966190e7ca45b28.js:1:14434
     - Rooibos Tea: 9 × 0.48125 = 4.33 page-4966190e7ca45b28.js:1:14434
     - Ellis Brown Sachets 4g: 8 × 1.6266 = 13.01 page-4966190e7ca45b28.js:1:14434
     - Canderel Sugar: 6 × 0.65495 = 3.93 page-4966190e7ca45b28.js:1:14434
     - Mini Butter 7g: 0 × 262.14375 = 0.00 page-4966190e7ca45b28.js:1:14434
     - Cheese Slice: 1 × 3.0555555555555554 = 3.06 page-4966190e7ca45b28.js:1:14434
     - Still Water 500ml: 6 × 4.166666666666667 = 25.00 page-4966190e7ca45b28.js:1:14434
     - Krush 200ML: 3 × 7.166666666666667 = 21.50 page-4966190e7ca45b28.js:1:14434
     - Liqui Fruit Can 300ml: 15 × 10.25 = 153.75 page-4966190e7ca45b28.js:1:14434
     SUBTOTAL: 1067.53 page-4966190e7ca45b28.js:1:14530
  5724. DL-00065 (2025-12-24T00:00:00.000Z): page-4966190e7ca45b28.js:1:14168
     - Makhaya Chicken: 3 × 100 = 300.00 page-4966190e7ca45b28.js:1:14434
     - Chicken: 1.5 × 45.1049992054664 = 67.66 page-4966190e7ca45b28.js:1:14434
     - Tastic Rice: 1 × 18 = 18.00 page-4966190e7ca45b28.js:1:14434
     - Self Raising Flour: 1 × 15.996 = 16.00 page-4966190e7ca45b28.js:1:14434
     - Eggs: 4 × 2 = 8.00 page-4966190e7ca45b28.js:1:14434
     - Baby Marrow: 4 × 19.99 = 79.96 page-4966190e7ca45b28.js:1:14434
     - Carrots: 1 × 12.99 = 12.99 page-4966190e7ca45b28.js:1:14434
     - Spring Onion: 1 × 18.99 = 18.99 page-4966190e7ca45b28.js:1:14434
     - Yellow Pepper: 0.3 × 79.86223662884927 = 23.96 page-4966190e7ca45b28.js:1:14434
     - Red Pepper: 0.2 × 89.89864864864865 = 17.98 page-4966190e7ca45b28.js:1:14434
     - Still Water 500ml: 2 × 4.166666666666667 = 8.33 page-4966190e7ca45b28.js:1:14434
     - Liqui Fruit Can 300ml: 18 × 10.25 = 184.50 page-4966190e7ca45b28.js:1:14434
     - Umcenge Milk: 1 × 18.333333333333332 = 18.33 page-4966190e7ca45b28.js:1:14434
     SUBTOTAL: 774.70 page-4966190e7ca45b28.js:1:14530
  5725. DL-00066 (2025-12-24T00:00:00.000Z): page-4966190e7ca45b28.js:1:14168
     - Plain Yoghurt 150G: 1 × 13.604583333333332 = 13.60 page-4966190e7ca45b28.js:1:14434
     - Liqui Fruit Can 300ml: 1 × 10.25 = 10.25 page-4966190e7ca45b28.js:1:14434
     SUBTOTAL: 23.85 page-4966190e7ca45b28.js:1:14530
  5726. DL-00064 (2025-12-24T00:00:00.000Z): page-4966190e7ca45b28.js:1:14168
     - Ox-tail: 3.9 × 141.73 = 552.75 page-4966190e7ca45b28.js:1:14434
     - Chicken: 1.8 × 45.1049992054664 = 81.19 page-4966190e7ca45b28.js:1:14434
     - Tastic Rice: 1.5 × 18 = 27.00 page-4966190e7ca45b28.js:1:14434
     - Beetroot: 2 × 6.5 = 13.00 page-4966190e7ca45b28.js:1:14434
     - Exotic BBQ Spice: 1 × 68 = 68.00 page-4966190e7ca45b28.js:1:14434
     - Spinach: 10 × 10 = 100.00 page-4966190e7ca45b28.js:1:14434
     - Top Score Maize Meal: 1 × 12.2 = 12.20 page-4966190e7ca45b28.js:1:14434
     - Yellow Pepper: 0.2 × 79.86223662884927 = 15.97 page-4966190e7ca45b28.js:1:14434
     - Red Pepper: 0.3 × 89.89864864864865 = 26.97 page-4966190e7ca45b28.js:1:14434
     - Sweet-Chilli Sauce: 1 × 51 = 51.00 page-4966190e7ca45b28.js:1:14434
     - Sun Sun Cooking Oil: 1 × 30.5 = 30.50 page-4966190e7ca45b28.js:1:14434
     - Cauli/Broc: 1 × 0 = 0.00 page-4966190e7ca45b28.js:1:14434
     - Banana: 1 × 18.995 = 19.00 page-4966190e7ca45b28.js:1:14434
     - Pears: 1 × 21.99 = 21.99 page-4966190e7ca45b28.js:1:14434
     - Red Apples: 1.3 × 54.99 = 71.49 page-4966190e7ca45b28.js:1:14434
     - Still Water 500ml: 20 × 4.166666666666667 = 83.33 page-4966190e7ca45b28.js:1:14434
     SUBTOTAL: 1174.38 page-4966190e7ca45b28.js:1:14530
  5727. DL-00061 (2025-12-23T00:00:00.000Z): page-4966190e7ca45b28.js:1:14168
     - Chicken: 5.5 × 45.1049992054664 = 248.08 page-4966190e7ca45b28.js:1:14434
     - Mega Maize Rice: 0.3 × 18.4 = 5.52 page-4966190e7ca45b28.js:1:14434
     - Tastic Rice: 1.8 × 18 = 32.40 page-4966190e7ca45b28.js:1:14434
     - Potatoes: 5 × 9 = 45.00 page-4966190e7ca45b28.js:1:14434
     - Cake Flour: 1 × 14.16 = 14.16 page-4966190e7ca45b28.js:1:14434
     - Cabbage: 1 × 10 = 10.00 page-4966190e7ca45b28.js:1:14434
     - Carrots: 1 × 12.99 = 12.99 page-4966190e7ca45b28.js:1:14434
     - Onion: 1.5 × 7.5 = 11.25 page-4966190e7ca45b28.js:1:14434
     - Sun Sun Cooking Oil: 2 × 30.5 = 61.00 page-4966190e7ca45b28.js:1:14434
     - Yellow Pepper: 0.5 × 79.86223662884927 = 39.93 page-4966190e7ca45b28.js:1:14434
     - Red Pepper: 0.3 × 89.89864864864865 = 26.97 page-4966190e7ca45b28.js:1:14434
     - Still Water 500ml: 2 × 4.166666666666667 = 8.33 page-4966190e7ca45b28.js:1:14434
     - Liqui Fruit Can 300ml: 17 × 10.25 = 174.25 page-4966190e7ca45b28.js:1:14434
     - Krush 200ML: 4 × 7.166666666666667 = 28.67 page-4966190e7ca45b28.js:1:14434
     - Plain Yoghurt 150G: 1 × 13.604583333333332 = 13.60 page-4966190e7ca45b28.js:1:14434
     SUBTOTAL: 732.15 page-4966190e7ca45b28.js:1:14530
  5728. DL-00060 (2025-12-23T00:00:00.000Z): page-4966190e7ca45b28.js:1:14168
     - Hake Fillet: 2 × 144.33599999999998 = 288.67 page-4966190e7ca45b28.js:1:14434
     - Chicken: 1.9 × 45.1049992054664 = 85.70 page-4966190e7ca45b28.js:1:14434
     - Tastic Rice: 1 × 18 = 18.00 page-4966190e7ca45b28.js:1:14434
     - Macaroni: 0.5 × 32 = 16.00 page-4966190e7ca45b28.js:1:14434
     - Top Score Maize Meal: 1 × 12.2 = 12.20 page-4966190e7ca45b28.js:1:14434
     - Umcenge Milk: 1 × 18.333333333333332 = 18.33 page-4966190e7ca45b28.js:1:14434
     - Onion: 1 × 7.5 = 7.50 page-4966190e7ca45b28.js:1:14434
     - Cauli/Broc: 1 × 0 = 0.00 page-4966190e7ca45b28.js:1:14434
     - Baby Marrow: 2 × 19.99 = 39.98 page-4966190e7ca45b28.js:1:14434
     - Brocolli: 3 × 29.99 = 89.97 page-4966190e7ca45b28.js:1:14434
     - Cream: 1 × 49.01 = 49.01 page-4966190e7ca45b28.js:1:14434
     - Mushrooms: 0.3 × 39.989999999999995 = 12.00 page-4966190e7ca45b28.js:1:14434
     - Cheddar Cheese: 0.6 × 180.885 = 108.53 page-4966190e7ca45b28.js:1:14434
     - Mozzarella Cheese: 0.3 × 180.885 = 54.27 page-4966190e7ca45b28.js:1:14434
     - Potatoes: 5 × 9 = 45.00 page-4966190e7ca45b28.js:1:14434
     - Top Class Aromat: 0.4 × 73 = 29.20 page-4966190e7ca45b28.js:1:14434
     - Pears: 2 × 21.99 = 43.98 page-4966190e7ca45b28.js:1:14434
     - Banana: 1.1 × 18.995 = 20.89 page-4966190e7ca45b28.js:1:14434
     - Liqui Fruit Can 300ml: 2 × 10.25 = 20.50 page-4966190e7ca45b28.js:1:14434
     - Still Water 500ml: 20 × 4.166666666666667 = 83.33 page-4966190e7ca45b28.js:1:14434
     SUBTOTAL: 1043.07 page-4966190e7ca45b28.js:1:14530
  5729. DL-00062 (2025-12-23T00:00:00.000Z): page-4966190e7ca45b28.js:1:14168
     - Yoghurt Bliss 150g: 2 × 13.604166666666666 = 27.21 page-4966190e7ca45b28.js:1:14434
     - Liqui Fruit Can 300ml: 2 × 10.25 = 20.50 page-4966190e7ca45b28.js:1:14434
     SUBTOTAL: 47.71 page-4966190e7ca45b28.js:1:14530
  5730. DL-00059 (2025-12-23T00:00:00.000Z): page-4966190e7ca45b28.js:1:14168
     - Brown Bread: 3 × 14.589999999999998 = 43.77 page-4966190e7ca45b28.js:1:14434
     - White Bread: 1 × 16.29 = 16.29 page-4966190e7ca45b28.js:1:14434
     - Chicken Gizzards: 2 × 41.074999999999996 = 82.15 page-4966190e7ca45b28.js:1:14434
     - Mushrooms: 1.3 × 39.989999999999995 = 51.99 page-4966190e7ca45b28.js:1:14434
     - Umcenge Milk: 3 × 18.333333333333332 = 55.00 page-4966190e7ca45b28.js:1:14434
     - Eggs: 33 × 2 = 66.00 page-4966190e7ca45b28.js:1:14434
     - Selati Brown Sugar: 128 × 0.26 = 33.28 page-4966190e7ca45b28.js:1:14434
     - Rooibos Tea: 6 × 0.48125 = 2.89 page-4966190e7ca45b28.js:1:14434
     - Ellis Brown Sachets 4g: 6 × 1.6266 = 9.76 page-4966190e7ca45b28.js:1:14434
     - Canderel Sugar: 3 × 0.65495 = 1.96 page-4966190e7ca45b28.js:1:14434
     - Weet-Bix 900g: 0.9 × 51.11111111111111 = 46.00 page-4966190e7ca45b28.js:1:14434
     - Green Pepper: 0.8 × 13.32 = 10.66 page-4966190e7ca45b28.js:1:14434
     - Yellow Pepper: 0.5 × 79.86223662884927 = 39.93 page-4966190e7ca45b28.js:1:14434
     - Red Pepper: 0.3 × 89.89864864864865 = 26.97 page-4966190e7ca45b28.js:1:14434
     - Cream: 1 × 49.01 = 49.01 page-4966190e7ca45b28.js:1:14434
     - Cucumber: 1 × 7 = 7.00 page-4966190e7ca45b28.js:1:14434
     - Tomatoes: 1 × 20.49 = 20.49 page-4966190e7ca45b28.js:1:14434
     - Cheese Slice: 4 × 3.0555555555555554 = 12.22 page-4966190e7ca45b28.js:1:14434
     - Top Score Maize Meal: 0.8 × 12.2 = 9.76 page-4966190e7ca45b28.js:1:14434
     - Mini Butter 7g: 0 × 262.14375 = 0.00 page-4966190e7ca45b28.js:1:14434
     - Yoghurt Bliss 150g: 2 × 13.604166666666666 = 27.21 page-4966190e7ca45b28.js:1:14434
     - Krush 200ML: 1 × 7.166666666666667 = 7.17 page-4966190e7ca45b28.js:1:14434
     - Still Water 500ml: 8 × 4.166666666666667 = 33.33 page-4966190e7ca45b28.js:1:14434
     - Liqui Fruit Can 300ml: 17 × 10.25 = 174.25 page-4966190e7ca45b28.js:1:14434
     SUBTOTAL: 827.09 page-4966190e7ca45b28.js:1:14530
  5731. DL-00058 (2025-12-22T00:00:00.000Z): page-4966190e7ca45b28.js:1:14168
     - Chicken: 6.9 × 45.105001366493575 = 311.22 page-4966190e7ca45b28.js:1:14434
     - Tastic Rice: 1 × 18 = 18.00 page-4966190e7ca45b28.js:1:14434
     - Top Score Maize Meal: 1 × 12.2 = 12.20 page-4966190e7ca45b28.js:1:14434
     - Potatoes: 10 × 9 = 90.00 page-4966190e7ca45b28.js:1:14434
     - Lettuce: 4 × 5 = 20.00 page-4966190e7ca45b28.js:1:14434
     - Hake Fillet: 0.5 × 144.33599999999998 = 72.17 page-4966190e7ca45b28.js:1:14434
     - Rama: 0.5 × 50.666666666666664 = 25.33 page-4966190e7ca45b28.js:1:14434
     - Onion: 1.5 × 7.5 = 11.25 page-4966190e7ca45b28.js:1:14434
     - Cucumber: 1 × 7 = 7.00 page-4966190e7ca45b28.js:1:14434
     - Red Pepper: 0.2 × 89.89864864864865 = 17.98 page-4966190e7ca45b28.js:1:14434
     - Yellow Pepper: 0.3 × 79.86223662884927 = 23.96 page-4966190e7ca45b28.js:1:14434
     - Self Raising Flour: 1 × 15.996 = 16.00 page-4966190e7ca45b28.js:1:14434
     - Still Water 500ml: 1 × 4.166666666666667 = 4.17 page-4966190e7ca45b28.js:1:14434
     - Krush 200ML: 3 × 7.166666666666667 = 21.50 page-4966190e7ca45b28.js:1:14434
     - Liqui Fruit Can 300ml: 28 × 10.25 = 287.00 page-4966190e7ca45b28.js:1:14434
     SUBTOTAL: 937.78 page-4966190e7ca45b28.js:1:14530
  5732. DL-00056 (2025-12-22T00:00:00.000Z): page-4966190e7ca45b28.js:1:14168
     - Brown Bread: 3 × 14.589999999999998 = 43.77 page-4966190e7ca45b28.js:1:14434
     - White Bread: 1 × 16.29 = 16.29 page-4966190e7ca45b28.js:1:14434
     - Pork Sausages: 1 × 96.995 = 97.00 page-4966190e7ca45b28.js:1:14434
     - Beef Sausages: 2 × 160 = 320.00 page-4966190e7ca45b28.js:1:14434
     - Selati Brown Sugar: 80 × 0.26 = 20.80 page-4966190e7ca45b28.js:1:14434
     - Rooibos Tea: 11 × 0.48125 = 5.29 page-4966190e7ca45b28.js:1:14434
     - Ellis Brown Sachets 4g: 8 × 1.6266 = 13.01 page-4966190e7ca45b28.js:1:14434
     - Canderel Sugar: 6 × 0.65495 = 3.93 page-4966190e7ca45b28.js:1:14434
     - Eggs: 23 × 2 = 46.00 page-4966190e7ca45b28.js:1:14434
     - Umcenge Milk: 4 × 18.333333333333332 = 73.33 page-4966190e7ca45b28.js:1:14434
     - M/Meal IWISA: 1.2 × 13.2 = 15.84 page-4966190e7ca45b28.js:1:14434
     - Emabele: 1.2 × 16 = 19.20 page-4966190e7ca45b28.js:1:14434
     - Corn-flakes: 1 × 65 = 65.00 page-4966190e7ca45b28.js:1:14434
     - Honey 375g: 1 × 70 = 70.00 page-4966190e7ca45b28.js:1:14434
     - Jacobs Sachets: 2 × 4.25 = 8.50 page-4966190e7ca45b28.js:1:14434
     - Ham: 0.5 × 112.995 = 56.50 page-4966190e7ca45b28.js:1:14434
     - Cheese Slice: 20 × 3.0555555555555554 = 61.11 page-4966190e7ca45b28.js:1:14434
     - Lettuce: 1 × 5 = 5.00 page-4966190e7ca45b28.js:1:14434
     - Tomatoes: 1 × 20.49 = 20.49 page-4966190e7ca45b28.js:1:14434
     - Yoghurt Bliss 150g: 4 × 13.604166666666666 = 54.42 page-4966190e7ca45b28.js:1:14434
     - Krush 200ML: 2 × 7.166666666666667 = 14.33 page-4966190e7ca45b28.js:1:14434
     - Liqui Fruit Can 300ml: 14 × 10.25 = 143.50 page-4966190e7ca45b28.js:1:14434
     SUBTOTAL: 1173.31 page-4966190e7ca45b28.js:1:14530
  5733. DL-00057 (2025-12-22T00:00:00.000Z): page-4966190e7ca45b28.js:1:14168
     - Chicken: 5.3 × 45.105001366493575 = 239.06 page-4966190e7ca45b28.js:1:14434
     - Tastic Rice: 0.7 × 18 = 12.60 page-4966190e7ca45b28.js:1:14434
     - Shanu Samp: 1 × 10.6 = 10.60 page-4966190e7ca45b28.js:1:14434
     - Beetroot: 2 × 6.5 = 13.00 page-4966190e7ca45b28.js:1:14434
     - Spinach: 5 × 10 = 50.00 page-4966190e7ca45b28.js:1:14434
     - Sun Sun Cooking Oil: 2 × 30.5 = 61.00 page-4966190e7ca45b28.js:1:14434
     - Onion: 2 × 7.5 = 15.00 page-4966190e7ca45b28.js:1:14434
     - Carrots: 1 × 12.99 = 12.99 page-4966190e7ca45b28.js:1:14434
     - Yellow Pepper: 0.3 × 79.86223662884927 = 23.96 page-4966190e7ca45b28.js:1:14434
     - Red Pepper: 0.4 × 89.89864864864865 = 35.96 page-4966190e7ca45b28.js:1:14434
     - Green Pepper: 0.4 × 13.32 = 5.33 page-4966190e7ca45b28.js:1:14434
     - Umcenge Milk: 1 × 18.333333333333332 = 18.33 page-4966190e7ca45b28.js:1:14434
     - Cheddar Cheese: 0.3 × 180.89 = 54.27 page-4966190e7ca45b28.js:1:14434
     - Top Class Aromat: 0.4 × 73 = 29.20 page-4966190e7ca45b28.js:1:14434
     - Cream: 1 × 49.01 = 49.01 page-4966190e7ca45b28.js:1:14434
     - Tomatoes: 1 × 20.49 = 20.49 page-4966190e7ca45b28.js:1:14434
     - Pears: 2 × 21.99 = 43.98 page-4966190e7ca45b28.js:1:14434
     - Banana: 1 × 18.995 = 19.00 page-4966190e7ca45b28.js:1:14434
     - Liqui Fruit Can 300ml: 5 × 10.25 = 51.25 page-4966190e7ca45b28.js:1:14434
     - Still Water 500ml: 21 × 4.166666666666667 = 87.50 page-4966190e7ca45b28.js:1:14434
     - Lamb: 1.8 × 189.888 = 341.80 page-4966190e7ca45b28.js:1:14434
     SUBTOTAL: 1194.32 page-4966190e7ca45b28.js:1:14530
  5734. DL-00054 (2025-12-21T00:00:00.000Z): page-4966190e7ca45b28.js:1:14168
     - Black Forest Cake: 2 × 79.965 = 159.93 page-4966190e7ca45b28.js:1:14434
     - Blueberries: 1 × 143.92 = 143.92 page-4966190e7ca45b28.js:1:14434
     - Umcenge Milk: 1 × 18.333333333333332 = 18.33 page-4966190e7ca45b28.js:1:14434
     - Yoghurt Bliss 150g: 2 × 13.604166666666666 = 27.21 page-4966190e7ca45b28.js:1:14434
     - Plain Yoghurt 150G: 2 × 13.604583333333332 = 27.21 page-4966190e7ca45b28.js:1:14434
     SUBTOTAL: 376.60 page-4966190e7ca45b28.js:1:14530
  5735. DL-00053 (2025-12-21T00:00:00.000Z): page-4966190e7ca45b28.js:1:14168
     - Beef Chuck: 2.2 × 130.674 = 287.48 page-4966190e7ca45b28.js:1:14434
     - Chicken: 3.6 × 45.105001366493575 = 162.38 page-4966190e7ca45b28.js:1:14434
     - Tastic Rice: 1 × 18 = 18.00 page-4966190e7ca45b28.js:1:14434
     - Sweet-Chilli Sauce: 1 × 51 = 51.00 page-4966190e7ca45b28.js:1:14434
     - Koo Beans 410g: 3 × 14.166666666666666 = 42.50 page-4966190e7ca45b28.js:1:14434
     - Lettuce: 3 × 5 = 15.00 page-4966190e7ca45b28.js:1:14434
     - Red Pepper: 0.3 × 89.89864864864865 = 26.97 page-4966190e7ca45b28.js:1:14434
     - Yellow Pepper: 0.4 × 79.86223662884927 = 31.94 page-4966190e7ca45b28.js:1:14434
     - M/Meal IWISA: 1.2 × 13.2 = 15.84 page-4966190e7ca45b28.js:1:14434
     - Tomatoes: 1 × 20.49 = 20.49 page-4966190e7ca45b28.js:1:14434
     - Still Water 500ml: 18 × 4.166666666666667 = 75.00 page-4966190e7ca45b28.js:1:14434
     - Liqui Fruit Can 300ml: 3 × 10.25 = 30.75 page-4966190e7ca45b28.js:1:14434
     - Spring Onion: 1 × 18.99 = 18.99 page-4966190e7ca45b28.js:1:14434
     SUBTOTAL: 796.35 page-4966190e7ca45b28.js:1:14530
  5736. DL-00052 (2025-12-21T00:00:00.000Z): page-4966190e7ca45b28.js:1:14168
     - White Bread: 2 × 16.29 = 32.58 page-4966190e7ca45b28.js:1:14434
     - Brown Bread: 2 × 14.589999999999998 = 29.18 page-4966190e7ca45b28.js:1:14434
     - Chicken Breast: 1.2 × 45.11 = 54.13 page-4966190e7ca45b28.js:1:14434
     - Ox-Liver: 1.2 × 0 = 0.00 page-4966190e7ca45b28.js:1:14434
     - Jungle Oats: 1 × 42.5 = 42.50 page-4966190e7ca45b28.js:1:14434
     - Canderel Sugar: 6 × 0.65495 = 3.93 page-4966190e7ca45b28.js:1:14434
     - Rooibos Tea: 10 × 0.48125 = 4.81 page-4966190e7ca45b28.js:1:14434
     - Selati Brown Sugar: 104 × 0.26 = 27.04 page-4966190e7ca45b28.js:1:14434
     - Ellis Brown Sachets 4g: 8 × 1.6266 = 13.01 page-4966190e7ca45b28.js:1:14434
     - Weet-Bix 900g: 1 × 51.11111111111111 = 51.11 page-4966190e7ca45b28.js:1:14434
     - M/Meal IWISA: 0.6 × 13.2 = 7.92 page-4966190e7ca45b28.js:1:14434
     - Butter: 1 × 25.33 = 25.33 page-4966190e7ca45b28.js:1:14434
     - Plain Yoghurt 150G: 1 × 13.604583333333332 = 13.60 page-4966190e7ca45b28.js:1:14434
     - Yoghurt Bliss 150g: 2 × 13.604166666666666 = 27.21 page-4966190e7ca45b28.js:1:14434
     - Eggs: 25 × 2 = 50.00 page-4966190e7ca45b28.js:1:14434
     - Umcenge Milk: 6 × 18.333333333333332 = 110.00 page-4966190e7ca45b28.js:1:14434
     - Cooking Oil: 2 × 30.5 = 61.00 page-4966190e7ca45b28.js:1:14434
     - Green Pepper: 1 × 13.32 = 13.32 page-4966190e7ca45b28.js:1:14434
     - Red Pepper: 0.5 × 89.89864864864865 = 44.95 page-4966190e7ca45b28.js:1:14434
     - Yellow Pepper: 0.5 × 79.86223662884927 = 39.93 page-4966190e7ca45b28.js:1:14434
     - Tomatoes: 1 × 20.49 = 20.49 page-4966190e7ca45b28.js:1:14434
     - Still Water 500ml: 3 × 4.166666666666667 = 12.50 page-4966190e7ca45b28.js:1:14434
     - Cucumber: 1 × 7 = 7.00 page-4966190e7ca45b28.js:1:14434
     - Krush 200ML: 2 × 7.166666666666667 = 14.33 page-4966190e7ca45b28.js:1:14434
     - Liqui Fruit Can 300ml: 13 × 10.25 = 133.25 page-4966190e7ca45b28.js:1:14434
     SUBTOTAL: 839.13 page-4966190e7ca45b28.js:1:14530
  5737. DL-00055 (2025-12-21T00:00:00.000Z): page-4966190e7ca45b28.js:1:14168
     - Makhaya Chicken: 3 × 100 = 300.00 page-4966190e7ca45b28.js:1:14434
     - Chicken: 1.8 × 45.105001366493575 = 81.19 page-4966190e7ca45b28.js:1:14434
     - Mayonnaise: 1 × 52.666666666666664 = 52.67 page-4966190e7ca45b28.js:1:14434
     - Cabbage: 1 × 10 = 10.00 page-4966190e7ca45b28.js:1:14434
     - Red Pepper: 0.2 × 89.89864864864865 = 17.98 page-4966190e7ca45b28.js:1:14434
     - Yellow Pepper: 0.2 × 79.86223662884927 = 15.97 page-4966190e7ca45b28.js:1:14434
     - Umcenge Milk: 2 × 18.333333333333332 = 36.67 page-4966190e7ca45b28.js:1:14434
     - Eggs: 8 × 2 = 16.00 page-4966190e7ca45b28.js:1:14434
     - Butter: 1 × 25.33 = 25.33 page-4966190e7ca45b28.js:1:14434
     - Tastic Rice: 1 × 18 = 18.00 page-4966190e7ca45b28.js:1:14434
     - Liqui Fruit Can 300ml: 17 × 10.25 = 174.25 page-4966190e7ca45b28.js:1:14434
     - Krush 200ML: 2 × 7.166666666666667 = 14.33 page-4966190e7ca45b28.js:1:14434
     - Still Water 500ml: 2 × 4.166666666666667 = 8.33 page-4966190e7ca45b28.js:1:14434
     SUBTOTAL: 770.72 page-4966190e7ca45b28.js:1:14530
  5738. DL-00050 (2025-12-20T00:00:00.000Z): page-4966190e7ca45b28.js:1:14168
     - Yoghurt Bliss 150g: 1 × 13.6 = 13.60 page-4966190e7ca45b28.js:1:14434
     - Liqui Fruit Can 300ml: 1 × 10.25 = 10.25 page-4966190e7ca45b28.js:1:14434
     SUBTOTAL: 23.85 page-4966190e7ca45b28.js:1:14530
  5739. DL-00051 (2025-12-20T00:00:00.000Z): page-4966190e7ca45b28.js:1:14168
     - Chicken: 8.5 × 45.11778344671202 = 383.50 page-4966190e7ca45b28.js:1:14434
     - Brocolli: 1 × 29.99 = 29.99 page-4966190e7ca45b28.js:1:14434
     - Cauliflower: 1 × 29.99 = 29.99 page-4966190e7ca45b28.js:1:14434
     - Beetroot: 2.5 × 6.5 = 16.25 page-4966190e7ca45b28.js:1:14434
     - Baby Marrow: 3 × 19.99 = 59.97 page-4966190e7ca45b28.js:1:14434
     - Tastic Rice: 1.5 × 18 = 27.00 page-4966190e7ca45b28.js:1:14434
     - Onion: 1 × 7.5 = 7.50 page-4966190e7ca45b28.js:1:14434
     - Carrots: 1 × 12.99 = 12.99 page-4966190e7ca45b28.js:1:14434
     - M/Meal IWISA: 1.2 × 13.2 = 15.84 page-4966190e7ca45b28.js:1:14434
     - Top Score Maize Meal: 0.5 × 12.2 = 6.10 page-4966190e7ca45b28.js:1:14434
     - Mayonnaise: 1 × 52.666666666666664 = 52.67 page-4966190e7ca45b28.js:1:14434
     - Liqui Fruit Can 300ml: 24 × 10.25 = 246.00 page-4966190e7ca45b28.js:1:14434
     - Krush 200ML: 1 × 6.5 = 6.50 page-4966190e7ca45b28.js:1:14434
     - Still Water 500ml: 2 × 4.166666666666667 = 8.33 page-4966190e7ca45b28.js:1:14434
     SUBTOTAL: 902.63 page-4966190e7ca45b28.js:1:14530
  5740. DL-00048 (2025-12-20T00:00:00.000Z): page-4966190e7ca45b28.js:1:14168
     - Brown Bread: 13 × 14.589999999999998 = 189.67 page-4966190e7ca45b28.js:1:14434
     - Chicken Breast: 1.3 × 45.11 = 58.64 page-4966190e7ca45b28.js:1:14434
     - Low GI Bread 400g : 1 × 24.99 = 24.99 page-4966190e7ca45b28.js:1:14434
     - White Bread: 1 × 16.29 = 16.29 page-4966190e7ca45b28.js:1:14434
     - Mushrooms: 1 × 39.989999999999995 = 39.99 page-4966190e7ca45b28.js:1:14434
     - Beef Sausages: 1 × 160 = 160.00 page-4966190e7ca45b28.js:1:14434
     - Eggs: 40 × 2 = 80.00 page-4966190e7ca45b28.js:1:14434
     - Umcenge Milk: 5 × 18.333333333333332 = 91.67 page-4966190e7ca45b28.js:1:14434
     - Selati Brown Sugar: 96 × 0.26 = 24.96 page-4966190e7ca45b28.js:1:14434
     - Ellis Brown Sachets 4g: 8 × 1.6266 = 13.01 page-4966190e7ca45b28.js:1:14434
     - Rooibos Tea: 10 × 0.48125 = 4.81 page-4966190e7ca45b28.js:1:14434
     - Jungle Oats: 1 × 42.5 = 42.50 page-4966190e7ca45b28.js:1:14434
     - Brocolli: 1 × 29.99 = 29.99 page-4966190e7ca45b28.js:1:14434
     - Cauliflower: 1 × 29.99 = 29.99 page-4966190e7ca45b28.js:1:14434
     - Red Pepper: 0.5 × 89.89864864864865 = 44.95 page-4966190e7ca45b28.js:1:14434
     - Yellow Pepper: 0.5 × 79.86223662884927 = 39.93 page-4966190e7ca45b28.js:1:14434
     - Tomatoes: 1 × 20.49 = 20.49 page-4966190e7ca45b28.js:1:14434
     - Top Score Maize Meal: 0.8 × 12.2 = 9.76 page-4966190e7ca45b28.js:1:14434
     - Cheese Slice: 19 × 3.0555555555555554 = 58.06 page-4966190e7ca45b28.js:1:14434
     - Honey 375g: 1 × 70 = 70.00 page-4966190e7ca45b28.js:1:14434
     - Liqui Fruit Can 300ml: 15 × 10.25 = 153.75 page-4966190e7ca45b28.js:1:14434
     - Krush 200ML: 2 × 6.5 = 13.00 page-4966190e7ca45b28.js:1:14434
     - Canderel Sugar: 6 × 0.65495 = 3.93 page-4966190e7ca45b28.js:1:14434
     - Mini Butter 7g: 0.1 × 263.14 = 26.31 page-4966190e7ca45b28.js:1:14434
     SUBTOTAL: 1246.69 page-4966190e7ca45b28.js:1:14530
  5741. DL-00049 (2025-12-20T00:00:00.000Z): page-4966190e7ca45b28.js:1:14168
     - Spur Ribs: 4.4 × 118.01700000000001 = 519.27 page-4966190e7ca45b28.js:1:14434
     - Chicken: 5 × 45.11778344671202 = 225.59 page-4966190e7ca45b28.js:1:14434
     - Potatoes: 5 × 9 = 45.00 page-4966190e7ca45b28.js:1:14434
     - Tastic Rice: 0.7 × 18 = 12.60 page-4966190e7ca45b28.js:1:14434
     - Lettuce: 2 × 5 = 10.00 page-4966190e7ca45b28.js:1:14434
     - Tomatoes: 1 × 20.49 = 20.49 page-4966190e7ca45b28.js:1:14434
     - Carrots: 1 × 12.99 = 12.99 page-4966190e7ca45b28.js:1:14434
     - Pears: 1 × 21.99 = 21.99 page-4966190e7ca45b28.js:1:14434
     - Red Apples: 1 × 54.99 = 54.99 page-4966190e7ca45b28.js:1:14434
     - Banana: 1 × 18.995 = 19.00 page-4966190e7ca45b28.js:1:14434
     - Liqui Fruit Can 300ml: 6 × 10.25 = 61.50 page-4966190e7ca45b28.js:1:14434
     - Onion: 1 × 7.5 = 7.50 page-4966190e7ca45b28.js:1:14434
     SUBTOTAL: 1010.92 page-4966190e7ca45b28.js:1:14530
  5742. DL-00045 (2025-12-19T00:00:00.000Z): page-4966190e7ca45b28.js:1:14168
     - Brown Bread: 3 × 14.59 = 43.77 page-4966190e7ca45b28.js:1:14434
     - White Bread: 1 × 16.29 = 16.29 page-4966190e7ca45b28.js:1:14434
     - Mushrooms: 2 × 29.99 = 59.98 page-4966190e7ca45b28.js:1:14434
     - Chicken Gizzards: 1 × 41.074999999999996 = 41.07 page-4966190e7ca45b28.js:1:14434
     - Green Pepper: 0.7 × 19.99 = 13.99 page-4966190e7ca45b28.js:1:14434
     - Red Pepper: 0.4 × 89.89864864864865 = 35.96 page-4966190e7ca45b28.js:1:14434
     - Yellow Pepper: 0.4 × 79.86223662884927 = 31.94 page-4966190e7ca45b28.js:1:14434
     - Selati Brown Sugar: 63 × 0.26 = 16.38 page-4966190e7ca45b28.js:1:14434
     - Rooibos Tea: 7 × 0.48 = 3.36 page-4966190e7ca45b28.js:1:14434
     - Rama: 0.5 × 50.666666666666664 = 25.33 page-4966190e7ca45b28.js:1:14434
     - Eggs: 22 × 2 = 44.00 page-4966190e7ca45b28.js:1:14434
     - Umcenge Milk: 3 × 18.333333333333332 = 55.00 page-4966190e7ca45b28.js:1:14434
     - Traditional Oats: 1 × 30 = 30.00 page-4966190e7ca45b28.js:1:14434
     - Top Score Maize Meal: 0.7 × 12.2 = 8.54 page-4966190e7ca45b28.js:1:14434
     - Tomatoes: 1 × 17.99 = 17.99 page-4966190e7ca45b28.js:1:14434
     - Cheese Slice: 8 × 3.0555555555555554 = 24.44 page-4966190e7ca45b28.js:1:14434
     - Liqui Fruit Can 300ml: 9 × 10.25 = 92.25 page-4966190e7ca45b28.js:1:14434
     - Krush 200ML: 2 × 6.5 = 13.00 page-4966190e7ca45b28.js:1:14434
     - Russian: 1 × 101.649 = 101.65 page-4966190e7ca45b28.js:1:14434
     - Ellis Brown Sachets 4g: 7 × 1.6266 = 11.39 page-4966190e7ca45b28.js:1:14434
     SUBTOTAL: 686.35 page-4966190e7ca45b28.js:1:14530
  5743. DL-00046 (2025-12-19T00:00:00.000Z): page-4966190e7ca45b28.js:1:14168
     - Beef Stewing: 2 × 124.1884 = 248.38 page-4966190e7ca45b28.js:1:14434
     - Chicken: 1.7 × 45.11778344671202 = 76.70 page-4966190e7ca45b28.js:1:14434
     - Tastic Rice: 1 × 18 = 18.00 page-4966190e7ca45b28.js:1:14434
     - Cooking Oil: 2 × 30.5 = 61.00 page-4966190e7ca45b28.js:1:14434
     - Butternut: 3 × 11.665 = 34.99 page-4966190e7ca45b28.js:1:14434
     - Cabbage: 1 × 10 = 10.00 page-4966190e7ca45b28.js:1:14434
     - Potatoes: 2 × 9 = 18.00 page-4966190e7ca45b28.js:1:14434
     - Banana: 1 × 18.995 = 19.00 page-4966190e7ca45b28.js:1:14434
     - Still Water 500ml: 12 × 4.166666666666667 = 50.00 page-4966190e7ca45b28.js:1:14434
     - Green Pepper: 1 × 19.99 = 19.99 page-4966190e7ca45b28.js:1:14434
     - Red Pepper: 0.4 × 89.89864864864865 = 35.96 page-4966190e7ca45b28.js:1:14434
     - Yellow Pepper: 0.4 × 79.86223662884927 = 31.94 page-4966190e7ca45b28.js:1:14434
     - Top Score Maize Meal: 0.6 × 12.2 = 7.32 page-4966190e7ca45b28.js:1:14434
     - Spice Mix: 1 × 28 = 28.00 page-4966190e7ca45b28.js:1:14434
     SUBTOTAL: 659.28 page-4966190e7ca45b28.js:1:14530
  5744. DL-00047 (2025-12-19T00:00:00.000Z): page-4966190e7ca45b28.js:1:14168
     - Chicken: 7.2 × 45.11778344671202 = 324.85 page-4966190e7ca45b28.js:1:14434
     - Cooking Oil: 2 × 30.5 = 61.00 page-4966190e7ca45b28.js:1:14434
     - Mega Maize Rice: 0.4 × 18.4 = 7.36 page-4966190e7ca45b28.js:1:14434
     - Cauliflower: 1 × 29.99 = 29.99 page-4966190e7ca45b28.js:1:14434
     - Cake Flour: 1.3 × 14.16 = 18.41 page-4966190e7ca45b28.js:1:14434
     - Ruchi Sea Food Spice: 1 × 47 = 47.00 page-4966190e7ca45b28.js:1:14434
     - Tastic Rice: 1.5 × 18 = 27.00 page-4966190e7ca45b28.js:1:14434
     - Lettuce: 3 × 5 = 15.00 page-4966190e7ca45b28.js:1:14434
     - Red Pepper: 0.2 × 89.89864864864865 = 17.98 page-4966190e7ca45b28.js:1:14434
     - Yellow Pepper: 0.2 × 79.86223662884927 = 15.97 page-4966190e7ca45b28.js:1:14434
     - Red Cabbage: 1 × 29.99 = 29.99 page-4966190e7ca45b28.js:1:14434
     - Spur Ribs: 0.3 × 118.01700000000001 = 35.41 page-4966190e7ca45b28.js:1:14434
     - T-bone: 0.2 × 194.384 = 38.88 page-4966190e7ca45b28.js:1:14434
     - Top Score Maize Meal: 0.6 × 12.2 = 7.32 page-4966190e7ca45b28.js:1:14434
     - Liqui Fruit Can 300ml: 25 × 10.25 = 256.25 page-4966190e7ca45b28.js:1:14434
     - Still Water 500ml: 2 × 4.166666666666667 = 8.33 page-4966190e7ca45b28.js:1:14434
     - Krush 200ML: 2 × 6.5 = 13.00 page-4966190e7ca45b28.js:1:14434
     - Hake Fillet: 0.5 × 152.52 = 76.26 page-4966190e7ca45b28.js:1:14434
     SUBTOTAL: 1029.99 page-4966190e7ca45b28.js:1:14530
  5745. DL-00038 (2025-12-18T00:00:00.000Z): page-4966190e7ca45b28.js:1:14168
     - Salt: 1 × 6.7 = 6.70 page-4966190e7ca45b28.js:1:14434
     SUBTOTAL: 6.70 page-4966190e7ca45b28.js:1:14530
  5746. DL-00040 (2025-12-18T00:00:00.000Z): page-4966190e7ca45b28.js:1:14168
     - Brown Bread: 2 × 14.59 = 29.18 page-4966190e7ca45b28.js:1:14434
     - White Bread: 1 × 16.29 = 16.29 page-4966190e7ca45b28.js:1:14434
     - Beef Sausages: 1 × 160 = 160.00 page-4966190e7ca45b28.js:1:14434
     - Pork Sausages: 1 × 96 = 96.00 page-4966190e7ca45b28.js:1:14434
     - Umcenge Milk: 3 × 18.333333333333332 = 55.00 page-4966190e7ca45b28.js:1:14434
     - Eggs: 16 × 2 = 32.00 page-4966190e7ca45b28.js:1:14434
     - Selati Brown Sugar: 60 × 0.26 = 15.60 page-4966190e7ca45b28.js:1:14434
     - Ellis Brown Sachets 4g: 5 × 1.6266 = 8.13 page-4966190e7ca45b28.js:1:14434
     - Rooibos Tea: 5 × 0.48 = 2.40 page-4966190e7ca45b28.js:1:14434
     - Jacobs Sachets: 1 × 4.25 = 4.25 page-4966190e7ca45b28.js:1:14434
     - Brocolli: 1 × 29.99 = 29.99 page-4966190e7ca45b28.js:1:14434
     - Cauliflower: 1 × 29.99 = 29.99 page-4966190e7ca45b28.js:1:14434
     - Liqui Fruit Can 300ml: 9 × 10.25 = 92.25 page-4966190e7ca45b28.js:1:14434
     - Yoghurt Bliss 150g: 2 × 13.6 = 27.20 page-4966190e7ca45b28.js:1:14434
     - Top Score Maize Meal: 0.6 × 12.2 = 7.32 page-4966190e7ca45b28.js:1:14434
     - Cheese Slice: 12 × 3.0555555555555554 = 36.67 page-4966190e7ca45b28.js:1:14434
     SUBTOTAL: 642.27 page-4966190e7ca45b28.js:1:14530
  5747. DL-00043 (2025-12-18T00:00:00.000Z): page-4966190e7ca45b28.js:1:14168
     - Chicken: 1.4 × 45.11778344671202 = 63.16 page-4966190e7ca45b28.js:1:14434
     - Hake Fillet: 1 × 152.52 = 152.52 page-4966190e7ca45b28.js:1:14434
     - Crushed Garlic: 1.5 × 350.61 = 525.91 page-4966190e7ca45b28.js:1:14434
     - Brocolli: 4 × 29.99 = 119.96 page-4966190e7ca45b28.js:1:14434
     - Cauliflower: 2 × 29.99 = 59.98 page-4966190e7ca45b28.js:1:14434
     - Baby Marrow: 1 × 19.99 = 19.99 page-4966190e7ca45b28.js:1:14434
     - Cooking Oil: 2 × 30.5 = 61.00 page-4966190e7ca45b28.js:1:14434
     - Still Water 500ml: 10 × 4.166666666666667 = 41.67 page-4966190e7ca45b28.js:1:14434
     - Red Pepper: 0.5 × 89.89864864864865 = 44.95 page-4966190e7ca45b28.js:1:14434
     - Beetroot: 1 × 6.5 = 6.50 page-4966190e7ca45b28.js:1:14434
     - Macaroni: 1 × 32 = 32.00 page-4966190e7ca45b28.js:1:14434
     - Umcenge Milk: 1 × 18.333333333333332 = 18.33 page-4966190e7ca45b28.js:1:14434
     - Mozzarella Cheese: 0.2 × 180.88521739130437 = 36.18 page-4966190e7ca45b28.js:1:14434
     - Cheddar Cheese: 0.4 × 180.89 = 72.36 page-4966190e7ca45b28.js:1:14434
     - Yoghurt Bliss 150g: 1 × 13.6 = 13.60 page-4966190e7ca45b28.js:1:14434
     - Liqui Fruit Can 300ml: 1 × 10.25 = 10.25 page-4966190e7ca45b28.js:1:14434
     - Lemon: 1 × 34.10588235294117 = 34.11 page-4966190e7ca45b28.js:1:14434
     - Yellow Pepper: 0.6 × 79.86223662884927 = 47.92 page-4966190e7ca45b28.js:1:14434
     - Spice Mix: 1 × 28 = 28.00 page-4966190e7ca45b28.js:1:14434
     - Red Apples: 1 × 54.99 = 54.99 page-4966190e7ca45b28.js:1:14434
     - Tastic Rice: 0.5 × 18 = 9.00 page-4966190e7ca45b28.js:1:14434
     SUBTOTAL: 1452.38 page-4966190e7ca45b28.js:1:14530
  5748. DL-00041 (2025-12-18T00:00:00.000Z): page-4966190e7ca45b28.js:1:14168
     - Aquelle Drink 500ml: 1 × 7.166666666666667 = 7.17 page-4966190e7ca45b28.js:1:14434
     SUBTOTAL: 7.17 page-4966190e7ca45b28.js:1:14530
  5749. DL-00042 (2025-12-18T00:00:00.000Z): page-4966190e7ca45b28.js:1:14168
     - Aquelle Drink 500ml: 1 × 7.166666666666667 = 7.17 page-4966190e7ca45b28.js:1:14434
     SUBTOTAL: 7.17 page-4966190e7ca45b28.js:1:14530
  5750. DL-00044 (2025-12-18T00:00:00.000Z): page-4966190e7ca45b28.js:1:14168
     - Chicken: 4.5 × 45.11778344671202 = 203.03 page-4966190e7ca45b28.js:1:14434
     - Potatoes: 5 × 9 = 45.00 page-4966190e7ca45b28.js:1:14434
     - Tastic Rice: 1 × 18 = 18.00 page-4966190e7ca45b28.js:1:14434
     - Lettuce: 1 × 5 = 5.00 page-4966190e7ca45b28.js:1:14434
     - Top Score Maize Meal: 1 × 12.2 = 12.20 page-4966190e7ca45b28.js:1:14434
     - Carrots: 1 × 7 = 7.00 page-4966190e7ca45b28.js:1:14434
     - Onion: 1 × 7.5 = 7.50 page-4966190e7ca45b28.js:1:14434
     - Liqui Fruit Can 300ml: 9 × 10.25 = 92.25 page-4966190e7ca45b28.js:1:14434
     - Still Water 500ml: 1 × 4.166666666666667 = 4.17 page-4966190e7ca45b28.js:1:14434
     - Plain Yoghurt 150G: 1 × 13.99 = 13.99 page-4966190e7ca45b28.js:1:14434
     SUBTOTAL: 408.14 page-4966190e7ca45b28.js:1:14530
  5751. DL-00039 (2025-12-18T00:00:00.000Z): page-4966190e7ca45b28.js:1:14168
     - Beef Sausages: 1 × 160 = 160.00 page-4966190e7ca45b28.js:1:14434
     SUBTOTAL: 160.00 page-4966190e7ca45b28.js:1:14530
  5752. DL-00037 (2025-12-18T00:00:00.000Z): page-4966190e7ca45b28.js:1:14168
     - Salt Sachets: 10 × 0.047 = 0.47 page-4966190e7ca45b28.js:1:14434
     SUBTOTAL: 0.47 page-4966190e7ca45b28.js:1:14530
  5753. DL-00035 (2025-12-17T00:00:00.000Z): page-4966190e7ca45b28.js:1:14168
     - Ox-tail: 4.8 × 141.73 = 680.30 page-4966190e7ca45b28.js:1:14434
     - Chicken: 1.6 × 45.11778344671202 = 72.19 page-4966190e7ca45b28.js:1:14434
     - Tastic Rice: 1.5 × 18 = 27.00 page-4966190e7ca45b28.js:1:14434
     - Beetroot: 3 × 6.5 = 19.50 page-4966190e7ca45b28.js:1:14434
     - Cabbage: 1 × 10 = 10.00 page-4966190e7ca45b28.js:1:14434
     - Onion: 1 × 7.5 = 7.50 page-4966190e7ca45b28.js:1:14434
     - Yellow Pepper: 0.4 × 79.86223662884927 = 31.94 page-4966190e7ca45b28.js:1:14434
     - Red Pepper: 0.4 × 89.89864864864865 = 35.96 page-4966190e7ca45b28.js:1:14434
     - Exotic Six 4 All: 1 × 83 = 83.00 page-4966190e7ca45b28.js:1:14434
     - Green Pepper: 1 × 19.99 = 19.99 page-4966190e7ca45b28.js:1:14434
     - Top Score Maize Meal: 1 × 12.2 = 12.20 page-4966190e7ca45b28.js:1:14434
     - Umcenge Milk: 1 × 18.333333333333332 = 18.33 page-4966190e7ca45b28.js:1:14434
     - Sun Sun Cooking Oil: 2 × 29.5 = 59.00 page-4966190e7ca45b28.js:1:14434
     - Koo Beans 410g: 1 × 14.58 = 14.58 page-4966190e7ca45b28.js:1:14434
     - Cream: 1 × 49.01 = 49.01 page-4966190e7ca45b28.js:1:14434
     - Pears: 1 × 21.99 = 21.99 page-4966190e7ca45b28.js:1:14434
     - Liqui Fruit Can 300ml: 2 × 10.25 = 20.50 page-4966190e7ca45b28.js:1:14434
     - Still Water 500ml: 15 × 4.166666666666667 = 62.50 page-4966190e7ca45b28.js:1:14434
     SUBTOTAL: 1245.50 page-4966190e7ca45b28.js:1:14530
  5754. DL-00034 (2025-12-17T00:00:00.000Z): page-4966190e7ca45b28.js:1:14168
     - Brown Bread: 2 × 14.59 = 29.18 page-4966190e7ca45b28.js:1:14434
     - White Bread: 1 × 16.29 = 16.29 page-4966190e7ca45b28.js:1:14434
     - Mince Meat: 1.1 × 110.99 = 122.09 page-4966190e7ca45b28.js:1:14434
     - Hake Fillet: 1.5 × 152.52 = 228.78 page-4966190e7ca45b28.js:1:14434
     - Top Score Maize Meal: 0.6 × 12.2 = 7.32 page-4966190e7ca45b28.js:1:14434
     - Selati Brown Sugar: 84 × 0.26 = 21.84 page-4966190e7ca45b28.js:1:14434
     - Rooibos Tea: 7 × 0.48 = 3.36 page-4966190e7ca45b28.js:1:14434
     - Ellis Brown Sachets 4g: 7 × 1.6266 = 11.39 page-4966190e7ca45b28.js:1:14434
     - Umcenge Milk: 3 × 18.333333333333332 = 55.00 page-4966190e7ca45b28.js:1:14434
     - Eggs: 26 × 2 = 52.00 page-4966190e7ca45b28.js:1:14434
     - Honey 375g: 1 × 184 = 184.00 page-4966190e7ca45b28.js:1:14434
     - Yellow Pepper: 0.4 × 79.86223662884927 = 31.94 page-4966190e7ca45b28.js:1:14434
     - Red Pepper: 0.3 × 89.89864864864865 = 26.97 page-4966190e7ca45b28.js:1:14434
     - Tomatoes: 1 × 17.99 = 17.99 page-4966190e7ca45b28.js:1:14434
     - Parsley: 1 × 13.99 = 13.99 page-4966190e7ca45b28.js:1:14434
     - Top Class Aromat: 400 × 0.07 = 28.00 page-4966190e7ca45b28.js:1:14434
     - Sun Sun Cooking Oil: 2 × 29.5 = 59.00 page-4966190e7ca45b28.js:1:14434
     - Onion: 1 × 7.5 = 7.50 page-4966190e7ca45b28.js:1:14434
     - Still Water 500ml: 1 × 4.166666666666667 = 4.17 page-4966190e7ca45b28.js:1:14434
     - Butter: 1 × 25.33 = 25.33 page-4966190e7ca45b28.js:1:14434
     - Cheese Slice: 4 × 3.0555555555555554 = 12.22 page-4966190e7ca45b28.js:1:14434
     - Yoghurt Bliss 150g: 2 × 13.6 = 27.20 page-4966190e7ca45b28.js:1:14434
     - Krush 200ML: 2 × 6.5 = 13.00 page-4966190e7ca45b28.js:1:14434
     - Liqui Fruit Can 300ml: 14 × 10.25 = 143.50 page-4966190e7ca45b28.js:1:14434
     SUBTOTAL: 1142.06 page-4966190e7ca45b28.js:1:14530
  5755. DL-00032 (2025-12-17T00:00:00.000Z): page-4966190e7ca45b28.js:1:14168
     - Salt Sachets: 10 × 0.047 = 0.47 page-4966190e7ca45b28.js:1:14434
     SUBTOTAL: 0.47 page-4966190e7ca45b28.js:1:14530
  5756. DL-00031 (2025-12-17T00:00:00.000Z): page-4966190e7ca45b28.js:1:14168
     - Beef Sausages: 0.1 × 160 = 16.00 page-4966190e7ca45b28.js:1:14434
     - Beetroot: 1 × 6.5 = 6.50 page-4966190e7ca45b28.js:1:14434
     - Brocolli: 1 × 29.99 = 29.99 page-4966190e7ca45b28.js:1:14434
     SUBTOTAL: 52.49 page-4966190e7ca45b28.js:1:14530
  5757. DL-00033 (2025-12-17T00:00:00.000Z): page-4966190e7ca45b28.js:1:14168
     - Tastic Rice: 7.65 × 18 = 137.70 page-4966190e7ca45b28.js:1:14434
     SUBTOTAL: 137.70 page-4966190e7ca45b28.js:1:14530
  5758. DL-00036 (2025-12-17T00:00:00.000Z): page-4966190e7ca45b28.js:1:14168
     - Makhaya Chicken: 3 × 100 = 300.00 page-4966190e7ca45b28.js:1:14434
     - Tastic Rice: 1 × 18 = 18.00 page-4966190e7ca45b28.js:1:14434
     - Self Raising Flour: 1 × 16 = 16.00 page-4966190e7ca45b28.js:1:14434
     - Eggs: 4 × 2 = 8.00 page-4966190e7ca45b28.js:1:14434
     - Rama: 0.5 × 50.666666666666664 = 25.33 page-4966190e7ca45b28.js:1:14434
     - Baby Marrow: 3 × 19.99 = 59.97 page-4966190e7ca45b28.js:1:14434
     - Carrots: 1 × 7 = 7.00 page-4966190e7ca45b28.js:1:14434
     - Onion: 1 × 7.5 = 7.50 page-4966190e7ca45b28.js:1:14434
     - Yellow Pepper: 0.5 × 79.86223662884927 = 39.93 page-4966190e7ca45b28.js:1:14434
     - Red Pepper: 0.4 × 89.89864864864865 = 35.96 page-4966190e7ca45b28.js:1:14434
     - Umcenge Milk: 1 × 18.333333333333332 = 18.33 page-4966190e7ca45b28.js:1:14434
     - Yoghurt Bliss 150g: 1 × 13.6 = 13.60 page-4966190e7ca45b28.js:1:14434
     - Liqui Fruit Can 300ml: 13 × 10.25 = 133.25 page-4966190e7ca45b28.js:1:14434
     SUBTOTAL: 682.88 page-4966190e7ca45b28.js:1:14530
  5759. DL-00028 (2025-12-16T00:00:00.000Z): page-4966190e7ca45b28.js:1:14168
     - Tastic Rice: 1 × 18 = 18.00 page-4966190e7ca45b28.js:1:14434
     - Onion: 1 × 7.5 = 7.50 page-4966190e7ca45b28.js:1:14434
     - Chicken: 5.9 × 45.11778344671202 = 266.19 page-4966190e7ca45b28.js:1:14434
     - Cabbage: 1 × 10 = 10.00 page-4966190e7ca45b28.js:1:14434
     - Top Score Maize Meal: 1 × 12.2 = 12.20 page-4966190e7ca45b28.js:1:14434
     - Mega Maize Rice: 0.8 × 18.4 = 14.72 page-4966190e7ca45b28.js:1:14434
     - Carrots: 1 × 7 = 7.00 page-4966190e7ca45b28.js:1:14434
     - Umcenge Milk: 1 × 18.333333333333332 = 18.33 page-4966190e7ca45b28.js:1:14434
     - Salad Dressing: 1 × 33.99 = 33.99 page-4966190e7ca45b28.js:1:14434
     - Still Water 500ml: 1 × 4.166666666666667 = 4.17 page-4966190e7ca45b28.js:1:14434
     - Liqui Fruit Can 300ml: 18 × 10.25 = 184.50 page-4966190e7ca45b28.js:1:14434
     - Krush 200ML: 1 × 6.5 = 6.50 page-4966190e7ca45b28.js:1:14434
     SUBTOTAL: 583.10 page-4966190e7ca45b28.js:1:14530
  5760. DL-00025 (2025-12-16T00:00:00.000Z): page-4966190e7ca45b28.js:1:14168
     - Cabana: 1 × 0 = 0.00 page-4966190e7ca45b28.js:1:14434
     SUBTOTAL: 0.00 page-4966190e7ca45b28.js:1:14530
  5761. DL-00024 (2025-12-16T00:00:00.000Z): page-4966190e7ca45b28.js:1:14168
     - All-Bran: 1 × 26.333333333333332 = 26.33 page-4966190e7ca45b28.js:1:14434
     SUBTOTAL: 26.33 page-4966190e7ca45b28.js:1:14530
  5762. DL-00030 (2025-12-16T00:00:00.000Z): page-4966190e7ca45b28.js:1:14168
     - Aquelle Drink 500ml: 2 × 7.166666666666667 = 14.33 page-4966190e7ca45b28.js:1:14434
     - Feta Cheese: 1 × 168.64000000000001 = 168.64 page-4966190e7ca45b28.js:1:14434
     SUBTOTAL: 182.97 page-4966190e7ca45b28.js:1:14530
  5763. DL-00026 (2025-12-16T00:00:00.000Z): page-4966190e7ca45b28.js:1:14168
     - Brown Bread: 2 × 14.59 = 29.18 page-4966190e7ca45b28.js:1:14434
     - White Bread: 1 × 16.29 = 16.29 page-4966190e7ca45b28.js:1:14434
     - Chicken Gizzards: 2 × 41.074999999999996 = 82.15 page-4966190e7ca45b28.js:1:14434
     - Mushrooms: 4 × 29.99 = 119.96 page-4966190e7ca45b28.js:1:14434
     - Top Score Maize Meal: 0.9 × 12.2 = 10.98 page-4966190e7ca45b28.js:1:14434
     - Traditional Oats: 1 × 30 = 30.00 page-4966190e7ca45b28.js:1:14434
     - Brocolli: 1 × 29.99 = 29.99 page-4966190e7ca45b28.js:1:14434
     - Baby Marrow: 1 × 19.99 = 19.99 page-4966190e7ca45b28.js:1:14434
     - Ellis Brown Sachets 4g: 6 × 1.6266 = 9.76 page-4966190e7ca45b28.js:1:14434
     - Canderel Sugar: 10 × 0.65495 = 6.55 page-4966190e7ca45b28.js:1:14434
     - Rooibos Tea: 8 × 0.48 = 3.84 page-4966190e7ca45b28.js:1:14434
     - Selati Brown Sugar: 98 × 0.26 = 25.48 page-4966190e7ca45b28.js:1:14434
     - Cream: 1 × 49.01 = 49.01 page-4966190e7ca45b28.js:1:14434
     - Cucumber: 2 × 10 = 20.00 page-4966190e7ca45b28.js:1:14434
     - Umcenge Milk: 5 × 18.333333333333332 = 91.67 page-4966190e7ca45b28.js:1:14434
     - Eggs: 29 × 2 = 58.00 page-4966190e7ca45b28.js:1:14434
     - Krush 200ML: 1 × 6.5 = 6.50 page-4966190e7ca45b28.js:1:14434
     - Liqui Fruit Can 300ml: 10 × 10.25 = 102.50 page-4966190e7ca45b28.js:1:14434
     - Yoghurt Bliss 150g: 1 × 13.6 = 13.60 page-4966190e7ca45b28.js:1:14434
     - Cheese Slice: 6 × 3.0555555555555554 = 18.33 page-4966190e7ca45b28.js:1:14434
     - Yellow Pepper: 0.4 × 79.86223662884927 = 31.94 page-4966190e7ca45b28.js:1:14434
     - Red Pepper: 0.4 × 89.89864864864865 = 35.96 page-4966190e7ca45b28.js:1:14434
     - Green Pepper: 0.6 × 17.839285714285715 = 10.70 page-4966190e7ca45b28.js:1:14434
     - Still Water 500ml: 3 × 4.166666666666667 = 12.50 page-4966190e7ca45b28.js:1:14434
     SUBTOTAL: 834.89 page-4966190e7ca45b28.js:1:14530
  5764. DL-00027 (2025-12-16T00:00:00.000Z): page-4966190e7ca45b28.js:1:14168
     - Hake Fillet: 2 × 152.52 = 305.04 page-4966190e7ca45b28.js:1:14434
     - Macaroni: 1 × 32 = 32.00 page-4966190e7ca45b28.js:1:14434
     - Chicken: 1.8 × 45.11778344671202 = 81.21 page-4966190e7ca45b28.js:1:14434
     - Tastic Rice: 1 × 18 = 18.00 page-4966190e7ca45b28.js:1:14434
     - Brocolli: 5 × 29.99 = 149.95 page-4966190e7ca45b28.js:1:14434
     - Baby Marrow: 2 × 19.99 = 39.98 page-4966190e7ca45b28.js:1:14434
     - Yellow Pepper: 0.4 × 79.86223662884927 = 31.94 page-4966190e7ca45b28.js:1:14434
     - Red Pepper: 0.3 × 89.89864864864865 = 26.97 page-4966190e7ca45b28.js:1:14434
     - Umcenge Milk: 1 × 18.333333333333332 = 18.33 page-4966190e7ca45b28.js:1:14434
     - Rama: 1 × 50.666666666666664 = 50.67 page-4966190e7ca45b28.js:1:14434
     - Cheddar Cheese: 0.6 × 180.89 = 108.53 page-4966190e7ca45b28.js:1:14434
     - Mozzarella Cheese: 0.3 × 180.88521739130437 = 54.27 page-4966190e7ca45b28.js:1:14434
     - Onion: 1 × 7.5 = 7.50 page-4966190e7ca45b28.js:1:14434
     - Still Water 500ml: 20 × 4.166666666666667 = 83.33 page-4966190e7ca45b28.js:1:14434
     - Sun Sun Cooking Oil: 2 × 29.5 = 59.00 page-4966190e7ca45b28.js:1:14434
     - Yoghurt Bliss 150g: 1 × 13.6 = 13.60 page-4966190e7ca45b28.js:1:14434
     SUBTOTAL: 1080.33 page-4966190e7ca45b28.js:1:14530
  5765. DL-00029 (2025-12-15T00:00:00.000Z): page-4966190e7ca45b28.js:1:14168
     - White Bread: 1 × 16.29 = 16.29 page-4966190e7ca45b28.js:1:14434
     - Brown Bread: 1 × 14.59 = 14.59 page-4966190e7ca45b28.js:1:14434
     - Hake Fillet: 1 × 152.52 = 152.52 page-4966190e7ca45b28.js:1:14434
     - Top Score Maize Meal: 0.7 × 12.2 = 8.54 page-4966190e7ca45b28.js:1:14434
     - Umcenge Milk: 3 × 18.333333333333332 = 55.00 page-4966190e7ca45b28.js:1:14434
     - Eggs: 14 × 2 = 28.00 page-4966190e7ca45b28.js:1:14434
     - Selati Brown Sugar: 12 × 0.26 = 3.12 page-4966190e7ca45b28.js:1:14434
     - Rooibos Tea: 4 × 0.48 = 1.92 page-4966190e7ca45b28.js:1:14434
     - Ellis Brown Sachets 4g: 4 × 1.6266 = 6.51 page-4966190e7ca45b28.js:1:14434
     - Yellow Pepper: 0.4 × 79.86223662884927 = 31.94 page-4966190e7ca45b28.js:1:14434
     - Lettuce: 1 × 5 = 5.00 page-4966190e7ca45b28.js:1:14434
     - Cheese Slice: 10 × 3.0555555555555554 = 30.56 page-4966190e7ca45b28.js:1:14434
     - Cauliflower: 1 × 26.99 = 26.99 page-4966190e7ca45b28.js:1:14434
     - Koo Beans 410g: 3 × 14.58 = 43.74 page-4966190e7ca45b28.js:1:14434
     - Yoghurt Bliss 150g: 2 × 13.6 = 27.20 page-4966190e7ca45b28.js:1:14434
     - Still Water 500ml: 1 × 4.166666666666667 = 4.17 page-4966190e7ca45b28.js:1:14434
     - Emabele: 1 × 16 = 16.00 page-4966190e7ca45b28.js:1:14434
     - Liqui Fruit Can 300ml: 13 × 10.25 = 133.25 page-4966190e7ca45b28.js:1:14434
     - Brocolli: 1 × 29.99 = 29.99 page-4966190e7ca45b28.js:1:14434
     SUBTOTAL: 635.32 page-4966190e7ca45b28.js:1:14530
  5766. DL-00023 (2025-12-14T00:00:00.000Z): page-4966190e7ca45b28.js:1:14168
     - Black Forest Cake: 2 × 79.965 = 159.93 page-4966190e7ca45b28.js:1:14434
     SUBTOTAL: 159.93 page-4966190e7ca45b28.js:1:14530
  5767. DL-00021 (2025-12-14T00:00:00.000Z): page-4966190e7ca45b28.js:1:14168
     - Pork Chops: 1 × 105.0318407960199 = 105.03 page-4966190e7ca45b28.js:1:14434
     - Chicken: 3.3 × 45.11778344671202 = 148.89 page-4966190e7ca45b28.js:1:14434
     - T-bone: 2.4 × 194.384 = 466.52 page-4966190e7ca45b28.js:1:14434
     - Tastic Rice: 1 × 18 = 18.00 page-4966190e7ca45b28.js:1:14434
     - Lettuce: 3 × 5 = 15.00 page-4966190e7ca45b28.js:1:14434
     - Red Pepper: 0.3 × 89.89864864864865 = 26.97 page-4966190e7ca45b28.js:1:14434
     - Yellow Pepper: 0.4 × 79.86223662884927 = 31.94 page-4966190e7ca45b28.js:1:14434
     - Rama: 0.5 × 50.666666666666664 = 25.33 page-4966190e7ca45b28.js:1:14434
     - Top Score Maize Meal: 1 × 12.2 = 12.20 page-4966190e7ca45b28.js:1:14434
     - Koo Beans 410g: 4 × 14.58 = 58.32 page-4966190e7ca45b28.js:1:14434
     - Cooking Oil: 2 × 30.5 = 61.00 page-4966190e7ca45b28.js:1:14434
     - Still Water 500ml: 16 × 4.166666666666667 = 66.67 page-4966190e7ca45b28.js:1:14434
     - Liqui Fruit Can 300ml: 1 × 10.25 = 10.25 page-4966190e7ca45b28.js:1:14434
     SUBTOTAL: 1046.13 page-4966190e7ca45b28.js:1:14530
  5768. DL-00022 (2025-12-14T00:00:00.000Z): page-4966190e7ca45b28.js:1:14168
     - Makhaya Chicken: 4 × 100 = 400.00 page-4966190e7ca45b28.js:1:14434
     - Chicken: 1.8 × 45.11778344671202 = 81.21 page-4966190e7ca45b28.js:1:14434
     - Self Raising Flour: 1 × 16 = 16.00 page-4966190e7ca45b28.js:1:14434
     - Umcenge Milk: 1 × 18.333333333333332 = 18.33 page-4966190e7ca45b28.js:1:14434
     - Eggs: 4 × 2 = 8.00 page-4966190e7ca45b28.js:1:14434
     - Baby Marrow: 1 × 19.99 = 19.99 page-4966190e7ca45b28.js:1:14434
     - Carrots: 1 × 7 = 7.00 page-4966190e7ca45b28.js:1:14434
     - Yellow Pepper: 0.4 × 79.86223662884927 = 31.94 page-4966190e7ca45b28.js:1:14434
     - Red Pepper: 0.3 × 89.89864864864865 = 26.97 page-4966190e7ca45b28.js:1:14434
     - Spring Onion: 1 × 18.99 = 18.99 page-4966190e7ca45b28.js:1:14434
     - Still Water 500ml: 2 × 4.166666666666667 = 8.33 page-4966190e7ca45b28.js:1:14434
     - Liqui Fruit Can 300ml: 12 × 10.25 = 123.00 page-4966190e7ca45b28.js:1:14434
     SUBTOTAL: 759.77 page-4966190e7ca45b28.js:1:14530
  5769. DL-00020 (2025-12-14T00:00:00.000Z): page-4966190e7ca45b28.js:1:14168
     - Brown Bread: 1 × 14.59 = 14.59 page-4966190e7ca45b28.js:1:14434
     - White Bread: 1 × 16.29 = 16.29 page-4966190e7ca45b28.js:1:14434
     - Chicken Breast: 1 × 45.11 = 45.11 page-4966190e7ca45b28.js:1:14434
     - Top Score Maize Meal: 0.7 × 12.2 = 8.54 page-4966190e7ca45b28.js:1:14434
     - Selati Brown Sugar: 54 × 0.26 = 14.04 page-4966190e7ca45b28.js:1:14434
     - Rooibos Tea: 6 × 0.48 = 2.88 page-4966190e7ca45b28.js:1:14434
     - Ellis Brown Sachets 4g: 6 × 1.6266 = 9.76 page-4966190e7ca45b28.js:1:14434
     - Canderel Sugar: 3 × 0.65495 = 1.96 page-4966190e7ca45b28.js:1:14434
     - Traditional Oats: 1 × 30 = 30.00 page-4966190e7ca45b28.js:1:14434
     - Brocolli: 1 × 29.99 = 29.99 page-4966190e7ca45b28.js:1:14434
     - Cauliflower: 1 × 26.99 = 26.99 page-4966190e7ca45b28.js:1:14434
     - Yellow Pepper: 0.2 × 79.86223662884927 = 15.97 page-4966190e7ca45b28.js:1:14434
     - Red Pepper: 0.2 × 89.89864864864865 = 17.98 page-4966190e7ca45b28.js:1:14434
     - Tomatoes: 1 × 17.99 = 17.99 page-4966190e7ca45b28.js:1:14434
     - Lettuce: 1 × 5 = 5.00 page-4966190e7ca45b28.js:1:14434
     - Eggs: 22 × 2 = 44.00 page-4966190e7ca45b28.js:1:14434
     - Umcenge Milk: 2 × 18.333333333333332 = 36.67 page-4966190e7ca45b28.js:1:14434
     - Sunny Milk: 1 × 16.665 = 16.66 page-4966190e7ca45b28.js:1:14434
     - Yoghurt Bliss 150g: 1 × 13.6 = 13.60 page-4966190e7ca45b28.js:1:14434
     - Liqui Fruit Can 300ml: 13 × 10.25 = 133.25 page-4966190e7ca45b28.js:1:14434
     SUBTOTAL: 501.28 page-4966190e7ca45b28.js:1:14530
  5770. DL-00019 (2025-12-12T00:00:00.000Z): page-4966190e7ca45b28.js:1:14168
     - Tastic Rice: 1.5 × 18 = 27.00 page-4966190e7ca45b28.js:1:14434
     - Chicken: 5.7 × 45.11778344671202 = 257.17 page-4966190e7ca45b28.js:1:14434
     - Mega Maize Rice: 0.5 × 18.4 = 9.20 page-4966190e7ca45b28.js:1:14434
     - Lemon juice: 2 × 35.5 = 71.00 page-4966190e7ca45b28.js:1:14434
     - Butternut: 6 × 11.665 = 69.99 page-4966190e7ca45b28.js:1:14434
     - Krush 200ML: 4 × 6.5 = 26.00 page-4966190e7ca45b28.js:1:14434
     - Cabbage: 1 × 10 = 10.00 page-4966190e7ca45b28.js:1:14434
     - Still Water 500ml: 2 × 4.166666666666667 = 8.33 page-4966190e7ca45b28.js:1:14434
     - Liqui Fruit Can 300ml: 14 × 10.25 = 143.50 page-4966190e7ca45b28.js:1:14434
     - Onion: 1 × 7.5 = 7.50 page-4966190e7ca45b28.js:1:14434
     SUBTOTAL: 629.69 page-4966190e7ca45b28.js:1:14530
  5771. DL-00003 (2025-12-12T00:00:00.000Z): page-4966190e7ca45b28.js:1:14168
     - Salt Sachets: 2 × 0.04 = 0.08 page-4966190e7ca45b28.js:1:14434
     SUBTOTAL: 0.08 page-4966190e7ca45b28.js:1:14530
  5772. DL-00018 (2025-12-12T00:00:00.000Z): page-4966190e7ca45b28.js:1:14168
     - Beef Stewing: 5.1 × 139.98962224989623 = 713.95 page-4966190e7ca45b28.js:1:14434
     - Chicken: 1.8 × 45.11778344671202 = 81.21 page-4966190e7ca45b28.js:1:14434
     - Tastic Rice: 1 × 18 = 18.00 page-4966190e7ca45b28.js:1:14434
     - Spinach: 5 × 0 = 0.00 page-4966190e7ca45b28.js:1:14434
     - Top Score Maize Meal: 1.5 × 12.2 = 18.30 page-4966190e7ca45b28.js:1:14434
     - Red Cabbage: 1 × 29.99 = 29.99 page-4966190e7ca45b28.js:1:14434
     - Top Class Aromat: 0.4 × 0.07 = 0.03 page-4966190e7ca45b28.js:1:14434
     - Exotic Six 4 All: 1 × 83 = 83.00 page-4966190e7ca45b28.js:1:14434
     - Cream: 1 × 49.01 = 49.01 page-4966190e7ca45b28.js:1:14434
     - Banana: 1 × 18.995 = 19.00 page-4966190e7ca45b28.js:1:14434
     - Liqui Fruit Can 300ml: 2 × 10.25 = 20.50 page-4966190e7ca45b28.js:1:14434
     - Cheddar Cheese: 0.1 × 0 = 0.00 page-4966190e7ca45b28.js:1:14434
     - Potatoes: 10 × 9 = 90.00 page-4966190e7ca45b28.js:1:14434
     - Onion: 1 × 7.5 = 7.50 page-4966190e7ca45b28.js:1:14434
     - Sweet-Chilli Sauce: 2 × 51 = 102.00 page-4966190e7ca45b28.js:1:14434
     - Pears: 1 × 21.99 = 21.99 page-4966190e7ca45b28.js:1:14434
     - Still Water 500ml: 21 × 4.166666666666667 = 87.50 page-4966190e7ca45b28.js:1:14434
     SUBTOTAL: 1341.97 page-4966190e7ca45b28.js:1:14530
  5773. DL-00017 (2025-12-12T00:00:00.000Z): page-4966190e7ca45b28.js:1:14168
     - Brown Bread: 3 × 14.59 = 43.77 page-4966190e7ca45b28.js:1:14434
     - White Bread: 1 × 16.29 = 16.29 page-4966190e7ca45b28.js:1:14434
     - Chicken Gizzards: 2 × 41.074999999999996 = 82.15 page-4966190e7ca45b28.js:1:14434
     - Mushrooms: 3 × 29.99 = 89.97 page-4966190e7ca45b28.js:1:14434
     - Top Score Maize Meal: 0.8 × 12.2 = 9.76 page-4966190e7ca45b28.js:1:14434
     - Umcenge Milk: 4 × 18.333333333333332 = 73.33 page-4966190e7ca45b28.js:1:14434
     - Eggs: 32 × 2 = 64.00 page-4966190e7ca45b28.js:1:14434
     - Traditional Oats: 1 × 30 = 30.00 page-4966190e7ca45b28.js:1:14434
     - Selati Brown Sugar: 150 × 0.26 = 39.00 page-4966190e7ca45b28.js:1:14434
     - Rooibos Tea: 20 × 0.48 = 9.60 page-4966190e7ca45b28.js:1:14434
     - Ellis Brown Sachets 4g: 10 × 1.6266 = 16.27 page-4966190e7ca45b28.js:1:14434
     - Canderel Sugar: 3 × 0.65495 = 1.96 page-4966190e7ca45b28.js:1:14434
     - Yellow Pepper: 0.3 × 79.86223662884927 = 23.96 page-4966190e7ca45b28.js:1:14434
     - Red Pepper: 0.3 × 89.89864864864865 = 26.97 page-4966190e7ca45b28.js:1:14434
     - Cauliflower: 1 × 26.99 = 26.99 page-4966190e7ca45b28.js:1:14434
     - Brocolli: 1 × 29.99 = 29.99 page-4966190e7ca45b28.js:1:14434
     - Lettuce: 2 × 5 = 10.00 page-4966190e7ca45b28.js:1:14434
     - Tomatoes: 1 × 17.99 = 17.99 page-4966190e7ca45b28.js:1:14434
     - Cooking Oil: 2 × 30.5 = 61.00 page-4966190e7ca45b28.js:1:14434
     - Cucumber: 1 × 10 = 10.00 page-4966190e7ca45b28.js:1:14434
     - Liqui Fruit Can 300ml: 13 × 10.25 = 133.25 page-4966190e7ca45b28.js:1:14434
     - Krush 200ML: 3 × 6.5 = 19.50 page-4966190e7ca45b28.js:1:14434
     - Cheese Slice: 4 × 3.0555555555555554 = 12.22 page-4966190e7ca45b28.js:1:14434
     - Emabele: 1 × 16 = 16.00 page-4966190e7ca45b28.js:1:14434
     SUBTOTAL: 863.97 page-4966190e7ca45b28.js:1:14530
  5774. DL-00015 (2025-12-11T00:00:00.000Z): page-4966190e7ca45b28.js:1:14168
     - Hake Fillet: 2 × 152.52 = 305.04 page-4966190e7ca45b28.js:1:14434
     - Chicken: 3.3 × 45.11778344671202 = 148.89 page-4966190e7ca45b28.js:1:14434
     - Tastic Rice: 1 × 18 = 18.00 page-4966190e7ca45b28.js:1:14434
     - Macaroni: 2 × 32 = 64.00 page-4966190e7ca45b28.js:1:14434
     - Brocolli: 6 × 29.99 = 179.94 page-4966190e7ca45b28.js:1:14434
     - Cauliflower: 4 × 26.99 = 107.96 page-4966190e7ca45b28.js:1:14434
     - Baby Marrow: 2 × 19.99 = 39.98 page-4966190e7ca45b28.js:1:14434
     - Red Cabbage: 1 × 29.99 = 29.99 page-4966190e7ca45b28.js:1:14434
     - Cream: 2 × 49.01 = 98.02 page-4966190e7ca45b28.js:1:14434
     - Umcenge Milk: 1 × 18.333333333333332 = 18.33 page-4966190e7ca45b28.js:1:14434
     - Cheddar Cheese: 0.7 × 0 = 0.00 page-4966190e7ca45b28.js:1:14434
     - Mozzarella Cheese: 0.4 × 180.88521739130437 = 72.35 page-4966190e7ca45b28.js:1:14434
     - Top Score Maize Meal: 1 × 12.2 = 12.20 page-4966190e7ca45b28.js:1:14434
     - Yellow Pepper: 0.4 × 79.86223662884927 = 31.94 page-4966190e7ca45b28.js:1:14434
     - Red Pepper: 0.3 × 89.89864864864865 = 26.97 page-4966190e7ca45b28.js:1:14434
     - Top Class Aromat: 0.4 × 0.07 = 0.03 page-4966190e7ca45b28.js:1:14434
     - Pears: 1 × 21.99 = 21.99 page-4966190e7ca45b28.js:1:14434
     - Red Apples: 1 × 54.99 = 54.99 page-4966190e7ca45b28.js:1:14434
     - Rama: 0.5 × 50.666666666666664 = 25.33 page-4966190e7ca45b28.js:1:14434
     - Onion: 1 × 7.5 = 7.50 page-4966190e7ca45b28.js:1:14434
     - Carrots: 1 × 7 = 7.00 page-4966190e7ca45b28.js:1:14434
     - Liqui Fruit Can 300ml: 2 × 10.25 = 20.50 page-4966190e7ca45b28.js:1:14434
     - Still Water 500ml: 23 × 4.166666666666667 = 95.83 page-4966190e7ca45b28.js:1:14434
     SUBTOTAL: 1386.80 page-4966190e7ca45b28.js:1:14530
  5775. DL-00014 (2025-12-11T00:00:00.000Z): page-4966190e7ca45b28.js:1:14168
     - Brown Bread: 3 × 14.59 = 43.77 page-4966190e7ca45b28.js:1:14434
     - White Bread: 2 × 16.29 = 32.58 page-4966190e7ca45b28.js:1:14434
     - Eggs: 15 × 2 = 30.00 page-4966190e7ca45b28.js:1:14434
     - Umcenge Milk: 5 × 18.333333333333332 = 91.67 page-4966190e7ca45b28.js:1:14434
     - Selati Brown Sugar: 184 × 0.26 = 47.84 page-4966190e7ca45b28.js:1:14434
     - Rooibos Tea: 15 × 0.48 = 7.20 page-4966190e7ca45b28.js:1:14434
     - Canderel Sugar: 6 × 0 = 0.00 page-4966190e7ca45b28.js:1:14434
     - Pork Sausages: 4 × 96 = 384.00 page-4966190e7ca45b28.js:1:14434
     - Beef Sausages: 4 × 160 = 640.00 page-4966190e7ca45b28.js:1:14434
     - Chicken Breast: 0.9 × 93.56 = 84.20 page-4966190e7ca45b28.js:1:14434
     - Lettuce: 1 × 5 = 5.00 page-4966190e7ca45b28.js:1:14434
     - Ellis Brown Sachets 4g: 10 × 1.6266 = 16.27 page-4966190e7ca45b28.js:1:14434
     - Traditional Oats: 1 × 30 = 30.00 page-4966190e7ca45b28.js:1:14434
     - Koo Beans 410g: 5 × 14.58 = 72.90 page-4966190e7ca45b28.js:1:14434
     - Yellow Pepper: 0.3 × 79.86223662884927 = 23.96 page-4966190e7ca45b28.js:1:14434
     - Red Pepper: 0.3 × 89.89864864864865 = 26.97 page-4966190e7ca45b28.js:1:14434
     - Salad Dressing: 1 × 33.99 = 33.99 page-4966190e7ca45b28.js:1:14434
     - Cheese Slice: 23 × 3.0555555555555554 = 70.28 page-4966190e7ca45b28.js:1:14434
     - Top Score Maize Meal: 1 × 12.2 = 12.20 page-4966190e7ca45b28.js:1:14434
     - Rama: 0.5 × 50.666666666666664 = 25.33 page-4966190e7ca45b28.js:1:14434
     - Yoghurt Bliss 150g: 1 × 13.6 = 13.60 page-4966190e7ca45b28.js:1:14434
     - Plain Yoghurt 150G: 1 × 0 = 0.00 page-4966190e7ca45b28.js:1:14434
     - Krush 200ML: 7 × 0 = 0.00 page-4966190e7ca45b28.js:1:14434
     - Liqui Fruit Can 300ml: 20 × 10.25 = 205.00 page-4966190e7ca45b28.js:1:14434
     - Still Water 500ml: 18 × 4.166666666666667 = 75.00 page-4966190e7ca45b28.js:1:14434
     SUBTOTAL: 1971.76 page-4966190e7ca45b28.js:1:14530
  5776. DL-00016 (2025-12-11T00:00:00.000Z): page-4966190e7ca45b28.js:1:14168
     - Chicken: 7.9 × 45.11778344671202 = 356.43 page-4966190e7ca45b28.js:1:14434
     - Potatoes: 10 × 9 = 90.00 page-4966190e7ca45b28.js:1:14434
     - Tastic Rice: 1.5 × 18 = 27.00 page-4966190e7ca45b28.js:1:14434
     - Lettuce: 3 × 5 = 15.00 page-4966190e7ca45b28.js:1:14434
     - Yellow Pepper: 0.2 × 79.86223662884927 = 15.97 page-4966190e7ca45b28.js:1:14434
     - Red Pepper: 0.2 × 89.89864864864865 = 17.98 page-4966190e7ca45b28.js:1:14434
     - Top Score Maize Meal: 1 × 12.2 = 12.20 page-4966190e7ca45b28.js:1:14434
     - Onion: 1 × 7.5 = 7.50 page-4966190e7ca45b28.js:1:14434
     - Carrots: 1 × 7 = 7.00 page-4966190e7ca45b28.js:1:14434
     - Still Water 500ml: 2 × 4.166666666666667 = 8.33 page-4966190e7ca45b28.js:1:14434
     - Krush 200ML: 6 × 6.5 = 39.00 page-4966190e7ca45b28.js:1:14434
     - Liqui Fruit Can 300ml: 17 × 10.25 = 174.25 page-4966190e7ca45b28.js:1:14434
     SUBTOTAL: 770.67 page-4966190e7ca45b28.js:1:14530
  5777. DL-00013 (2025-12-10T00:00:00.000Z): page-4966190e7ca45b28.js:1:14168
     - Makhaya Chicken: 4 × 0 = 0.00 page-4966190e7ca45b28.js:1:14434
     - Chicken: 3.5 × 45.11778344671202 = 157.91 page-4966190e7ca45b28.js:1:14434
     - Onion: 1 × 7.5 = 7.50 page-4966190e7ca45b28.js:1:14434
     - Cabbage: 1 × 10 = 10.00 page-4966190e7ca45b28.js:1:14434
     - Sugar Beans: 1.5 × 31.2 = 46.80 page-4966190e7ca45b28.js:1:14434
     - Top Score Maize Meal: 2 × 12.2 = 24.40 page-4966190e7ca45b28.js:1:14434
     - Self Raising Flour: 1.3 × 16 = 20.80 page-4966190e7ca45b28.js:1:14434
     - Baby Marrow: 1 × 19.99 = 19.99 page-4966190e7ca45b28.js:1:14434
     - Carrots: 3 × 7 = 21.00 page-4966190e7ca45b28.js:1:14434
     - Cooking Oil: 2 × 30.5 = 61.00 page-4966190e7ca45b28.js:1:14434
     - Eggs: 6 × 2 = 12.00 page-4966190e7ca45b28.js:1:14434
     - Umcenge Milk: 1 × 18.333333333333332 = 18.33 page-4966190e7ca45b28.js:1:14434
     - Yoghurt Bliss 150g: 2 × 13.6 = 27.20 page-4966190e7ca45b28.js:1:14434
     - Krush 200ML: 7 × 0 = 0.00 page-4966190e7ca45b28.js:1:14434
     - Liqui Fruit Can 300ml: 33 × 10.25 = 338.25 page-4966190e7ca45b28.js:1:14434
     SUBTOTAL: 765.19 page-4966190e7ca45b28.js:1:14530
  5778. DL-00001 (2025-12-10T00:00:00.000Z): page-4966190e7ca45b28.js:1:14168
     - Umcenge Milk: 1 × 18.333333333333332 = 18.33 page-4966190e7ca45b28.js:1:14434
     - Yoghurt Bliss 150g: 1 × 13.6 = 13.60 page-4966190e7ca45b28.js:1:14434
     - Liqui Fruit Can 300ml: 1 × 10.25 = 10.25 page-4966190e7ca45b28.js:1:14434
     SUBTOTAL: 42.18 page-4966190e7ca45b28.js:1:14530
  5779. DL-00011 (2025-12-10T00:00:00.000Z): page-4966190e7ca45b28.js:1:14168
     - Brown Bread: 4 × 14.59 = 58.36 page-4966190e7ca45b28.js:1:14434
     - White Bread: 2 × 16.29 = 32.58 page-4966190e7ca45b28.js:1:14434
     - Mince Meat: 1.5 × 0 = 0.00 page-4966190e7ca45b28.js:1:14434
     - Hake Fillet: 2 × 152.52 = 305.04 page-4966190e7ca45b28.js:1:14434
     - Traditional Oats: 1 × 30 = 30.00 page-4966190e7ca45b28.js:1:14434
     - Top Score Maize Meal: 0.9 × 12.2 = 10.98 page-4966190e7ca45b28.js:1:14434
     - Red Pepper: 0.3 × 89.89864864864865 = 26.97 page-4966190e7ca45b28.js:1:14434
     - Yellow Pepper: 0.3 × 79.86223662884927 = 23.96 page-4966190e7ca45b28.js:1:14434
     - Selati Brown Sugar: 159 × 0.26 = 41.34 page-4966190e7ca45b28.js:1:14434
     - Rooibos Tea: 22 × 0.48 = 10.56 page-4966190e7ca45b28.js:1:14434
     - Ellis Brown Sachets 4g: 13 × 1.6266 = 21.15 page-4966190e7ca45b28.js:1:14434
     - Jacobs Sachets: 0 × 85 = 0.00 page-4966190e7ca45b28.js:1:14434
     - Cheese Slice: 8 × 3.0555555555555554 = 24.44 page-4966190e7ca45b28.js:1:14434
     - Eggs: 45 × 2 = 90.00 page-4966190e7ca45b28.js:1:14434
     - Umcenge Milk: 6 × 18.333333333333332 = 110.00 page-4966190e7ca45b28.js:1:14434
     - Yoghurt Bliss 150g: 3 × 13.6 = 40.80 page-4966190e7ca45b28.js:1:14434
     - Lettuce: 3 × 5 = 15.00 page-4966190e7ca45b28.js:1:14434
     - Tomatoes: 1 × 17.99 = 17.99 page-4966190e7ca45b28.js:1:14434
     - Butter: 25 × 0 = 0.00 page-4966190e7ca45b28.js:1:14434
     - Russian: 1 × 101.649 = 101.65 page-4966190e7ca45b28.js:1:14434
     - Still Water 500ml: 12 × 4.166666666666667 = 50.00 page-4966190e7ca45b28.js:1:14434
     - Liqui Fruit Can 300ml: 24 × 10.25 = 246.00 page-4966190e7ca45b28.js:1:14434
     - Krush 200ML: 3 × 0 = 0.00 page-4966190e7ca45b28.js:1:14434
     SUBTOTAL: 1256.82 page-4966190e7ca45b28.js:1:14530
  5780. DL-00012 (2025-12-10T00:00:00.000Z): page-4966190e7ca45b28.js:1:14168
     - Ox-tail: 5.5 × 141.73 = 779.51 page-4966190e7ca45b28.js:1:14434
     - Chicken: 5.4 × 45.11778344671202 = 243.64 page-4966190e7ca45b28.js:1:14434
     - Tastic Rice: 2 × 18 = 36.00 page-4966190e7ca45b28.js:1:14434
     - Onion: 2 × 7.5 = 15.00 page-4966190e7ca45b28.js:1:14434
     - Carrots: 1 × 7 = 7.00 page-4966190e7ca45b28.js:1:14434
     - Cream: 1 × 0 = 0.00 page-4966190e7ca45b28.js:1:14434
     - Beetroot: 3 × 6.5 = 19.50 page-4966190e7ca45b28.js:1:14434
     - Banana: 1 × 18.995 = 19.00 page-4966190e7ca45b28.js:1:14434
     - Top Score Maize Meal: 1.5 × 12.2 = 18.30 page-4966190e7ca45b28.js:1:14434
     - Koo Beans 410g: 2 × 14.58 = 29.16 page-4966190e7ca45b28.js:1:14434
     - Pears: 1 × 21.99 = 21.99 page-4966190e7ca45b28.js:1:14434
     - Red Apples: 2 × 54.99 = 109.98 page-4966190e7ca45b28.js:1:14434
     - Still Water 500ml: 33 × 4.166666666666667 = 137.50 page-4966190e7ca45b28.js:1:14434
     - Liqui Fruit Can 300ml: 2 × 10.25 = 20.50 page-4966190e7ca45b28.js:1:14434
     SUBTOTAL: 1457.08 page-4966190e7ca45b28.js:1:14530
  5781. DL-00008 (2025-12-09T00:00:00.000Z): page-4966190e7ca45b28.js:1:14168
     - Chicken: 12.4 × 45.11778344671202 = 559.46 page-4966190e7ca45b28.js:1:14434
     - Tastic Rice: 1.5 × 18 = 27.00 page-4966190e7ca45b28.js:1:14434
     - Top Score Maize Meal: 2.7 × 12.2 = 32.94 page-4966190e7ca45b28.js:1:14434
     - Cabbage: 2 × 10 = 20.00 page-4966190e7ca45b28.js:1:14434
     - Carrots: 2 × 7 = 14.00 page-4966190e7ca45b28.js:1:14434
     - Onion: 1.5 × 7.5 = 11.25 page-4966190e7ca45b28.js:1:14434
     - Brocolli: 1 × 29.990000000000002 = 29.99 page-4966190e7ca45b28.js:1:14434
     - Baby Marrow: 1 × 19.99 = 19.99 page-4966190e7ca45b28.js:1:14434
     - Cake Flour: 1.7 × 14.16 = 24.07 page-4966190e7ca45b28.js:1:14434
     - Hake Fillet: 0.5 × 152.52 = 76.26 page-4966190e7ca45b28.js:1:14434
     - Beef Chuck: 0.3 × 124.99 = 37.50 page-4966190e7ca45b28.js:1:14434
     - Liqui Fruit Can 300ml: 34 × 10.25 = 348.50 page-4966190e7ca45b28.js:1:14434
     - Krush 200ML: 8 × 0 = 0.00 page-4966190e7ca45b28.js:1:14434
     - Yoghurt Bliss 150g: 2 × 13.6 = 27.20 page-4966190e7ca45b28.js:1:14434
     - Still Water 500ml: 2 × 4.166666666666667 = 8.33 page-4966190e7ca45b28.js:1:14434
     SUBTOTAL: 1236.49 page-4966190e7ca45b28.js:1:14530
  5782. DL-00010 (2025-12-09T00:00:00.000Z): page-4966190e7ca45b28.js:1:14168
     - Yoghurt Bliss 150g: 1 × 13.6 = 13.60 page-4966190e7ca45b28.js:1:14434
     - Liqui Fruit Can 300ml: 1 × 10.25 = 10.25 page-4966190e7ca45b28.js:1:14434
     SUBTOTAL: 23.85 page-4966190e7ca45b28.js:1:14530
  5783. DL-00009 (2025-12-09T00:00:00.000Z): page-4966190e7ca45b28.js:1:14168
     - Hake Fillet: 3.5 × 152.52 = 533.82 page-4966190e7ca45b28.js:1:14434
     - Chicken: 2.9 × 45.11778344671202 = 130.84 page-4966190e7ca45b28.js:1:14434
     - Tastic Rice: 1 × 18 = 18.00 page-4966190e7ca45b28.js:1:14434
     - Macaroni: 2 × 32 = 64.00 page-4966190e7ca45b28.js:1:14434
     - Rama: 0.5 × 50.666666666666664 = 25.33 page-4966190e7ca45b28.js:1:14434
     - Brocolli: 7 × 29.990000000000002 = 209.93 page-4966190e7ca45b28.js:1:14434
     - Cauliflower: 4 × 26.99 = 107.96 page-4966190e7ca45b28.js:1:14434
     - Baby Marrow: 1 × 19.99 = 19.99 page-4966190e7ca45b28.js:1:14434
     - Top Class Aromat: 0.4 × 70 = 28.00 page-4966190e7ca45b28.js:1:14434
     - Patty Pan: 1 × 0 = 0.00 page-4966190e7ca45b28.js:1:14434
     - Yellow Pepper: 0.3 × 79.86223662884927 = 23.96 page-4966190e7ca45b28.js:1:14434
     - Red Pepper: 0.3 × 89.89864864864865 = 26.97 page-4966190e7ca45b28.js:1:14434
     - Umcenge Milk: 1 × 18.333333333333332 = 18.33 page-4966190e7ca45b28.js:1:14434
     - Cheddar Cheese: 1.2 × 0 = 0.00 page-4966190e7ca45b28.js:1:14434
     - Mozzarella Cheese: 0.8 × 180.88521739130437 = 144.71 page-4966190e7ca45b28.js:1:14434
     - Still Water 500ml: 42 × 4.166666666666667 = 175.00 page-4966190e7ca45b28.js:1:14434
     - Banana: 1 × 18.995 = 19.00 page-4966190e7ca45b28.js:1:14434
     - Pears: 3 × 21.99 = 65.97 page-4966190e7ca45b28.js:1:14434
     - Top Score Maize Meal: 1 × 12.2 = 12.20 page-4966190e7ca45b28.js:1:14434
     - Liqui Fruit Can 300ml: 3 × 10.25 = 30.75 page-4966190e7ca45b28.js:1:14434
     SUBTOTAL: 1654.76 page-4966190e7ca45b28.js:1:14530
  5784. DL-00007 (2025-12-09T00:00:00.000Z): page-4966190e7ca45b28.js:1:14168
     - Brown Bread: 4 × 14.59 = 58.36 page-4966190e7ca45b28.js:1:14434
     - White Bread: 1 × 16.29 = 16.29 page-4966190e7ca45b28.js:1:14434
     - Chicken Gizzards: 2 × 41.074999999999996 = 82.15 page-4966190e7ca45b28.js:1:14434
     - Mushrooms: 1.3 × 119.96 = 155.95 page-4966190e7ca45b28.js:1:14434
     - Selati Brown Sugar: 120 × 0.26 = 31.20 page-4966190e7ca45b28.js:1:14434
     - Rooibos Tea: 10 × 0.48 = 4.80 page-4966190e7ca45b28.js:1:14434
     - Five Roses Tea: 10 × 0.64 = 6.40 page-4966190e7ca45b28.js:1:14434
     - Ellis Brown Sachets 4g: 10 × 1.6266 = 16.27 page-4966190e7ca45b28.js:1:14434
     - Canderel Sugar: 6 × 0 = 0.00 page-4966190e7ca45b28.js:1:14434
     - Top Score Maize Meal: 1 × 12.2 = 12.20 page-4966190e7ca45b28.js:1:14434
     - Traditional Oats: 1 × 30 = 30.00 page-4966190e7ca45b28.js:1:14434
     - Yellow Pepper: 0.3 × 79.86223662884927 = 23.96 page-4966190e7ca45b28.js:1:14434
     - Red Pepper: 0.3 × 89.89864864864865 = 26.97 page-4966190e7ca45b28.js:1:14434
     - Cucumber: 1 × 10 = 10.00 page-4966190e7ca45b28.js:1:14434
     - Tomatoes: 2 × 17.99 = 35.98 page-4966190e7ca45b28.js:1:14434
     - Cooking Oil: 2 × 30.5 = 61.00 page-4966190e7ca45b28.js:1:14434
     - Umcenge Milk: 5 × 18.333333333333332 = 91.67 page-4966190e7ca45b28.js:1:14434
     - Eggs: 45 × 2 = 90.00 page-4966190e7ca45b28.js:1:14434
     - Cream: 1 × 0 = 0.00 page-4966190e7ca45b28.js:1:14434
     - Cheese Slice: 8 × 3.0555555555555554 = 24.44 page-4966190e7ca45b28.js:1:14434
     - Still Water 500ml: 1 × 4.166666666666667 = 4.17 page-4966190e7ca45b28.js:1:14434
     - Krush 200ML: 4 × 0 = 0.00 page-4966190e7ca45b28.js:1:14434
     - Liqui Fruit Can 300ml: 28 × 10.25 = 287.00 page-4966190e7ca45b28.js:1:14434
     - Yoghurt Bliss 150g: 1 × 13.6 = 13.60 page-4966190e7ca45b28.js:1:14434
     - Plain Yoghurt 150G: 2 × 0 = 0.00 page-4966190e7ca45b28.js:1:14434
     - Lettuce: 1 × 5 = 5.00 page-4966190e7ca45b28.js:1:14434
     - Corn-flakes: 1 × 65 = 65.00 page-4966190e7ca45b28.js:1:14434
     SUBTOTAL: 1152.40 page-4966190e7ca45b28.js:1:14530
  5785. DL-00006 (2025-12-08T00:00:00.000Z): page-4966190e7ca45b28.js:1:14168
     - Potatoes: 10 × 9 = 90.00 page-4966190e7ca45b28.js:1:14434
     - Chicken: 9.3 × 45.11778344671202 = 419.60 page-4966190e7ca45b28.js:1:14434
     - Tastic Rice: 1.2 × 18 = 21.60 page-4966190e7ca45b28.js:1:14434
     - Brocolli: 1 × 29.990000000000002 = 29.99 page-4966190e7ca45b28.js:1:14434
     - Cauliflower: 1 × 26.99 = 26.99 page-4966190e7ca45b28.js:1:14434
     - Red Pepper: 0.3 × 89.89864864864865 = 26.97 page-4966190e7ca45b28.js:1:14434
     - Yellow Pepper: 0.3 × 79.86223662884927 = 23.96 page-4966190e7ca45b28.js:1:14434
     - Lettuce: 4 × 5 = 20.00 page-4966190e7ca45b28.js:1:14434
     - Cucumber: 1 × 10 = 10.00 page-4966190e7ca45b28.js:1:14434
     - Top Score Maize Meal: 0.8 × 12.2 = 9.76 page-4966190e7ca45b28.js:1:14434
     - Rama: 0.5 × 50.666666666666664 = 25.33 page-4966190e7ca45b28.js:1:14434
     - Rajah (Hot): 2 × 32.7 = 65.40 page-4966190e7ca45b28.js:1:14434
     - Cooking Oil: 2 × 30.5 = 61.00 page-4966190e7ca45b28.js:1:14434
     - Liqui Fruit Can 300ml: 34 × 10.25 = 348.50 page-4966190e7ca45b28.js:1:14434
     - Still Water 500ml: 8 × 4.166666666666667 = 33.33 page-4966190e7ca45b28.js:1:14434
     - Krush 200ML: 6 × 0 = 0.00 page-4966190e7ca45b28.js:1:14434
     SUBTOTAL: 1212.43 page-4966190e7ca45b28.js:1:14530
  5786. DL-00004 (2025-12-08T00:00:00.000Z): page-4966190e7ca45b28.js:1:14168
     - Lamb: 2.8 × 0 = 0.00 page-4966190e7ca45b28.js:1:14434
     - Chicken: 4.8 × 45.11778344671202 = 216.57 page-4966190e7ca45b28.js:1:14434
     - Top Score Maize Meal: 1.3 × 12.2 = 15.86 page-4966190e7ca45b28.js:1:14434
     - Tastic Rice: 1 × 18 = 18.00 page-4966190e7ca45b28.js:1:14434
     - Sweet-Chilli Sauce: 2 × 51 = 102.00 page-4966190e7ca45b28.js:1:14434
     - Mega Star Samp: 1.2 × 15.5 = 18.60 page-4966190e7ca45b28.js:1:14434
     - Red Pepper: 0.3 × 89.89864864864865 = 26.97 page-4966190e7ca45b28.js:1:14434
     - Yellow Pepper: 0.3 × 79.86223662884927 = 23.96 page-4966190e7ca45b28.js:1:14434
     - Brocolli: 1 × 29.990000000000002 = 29.99 page-4966190e7ca45b28.js:1:14434
     - Cauliflower: 1 × 26.99 = 26.99 page-4966190e7ca45b28.js:1:14434
     - Patty Pan: 1 × 0 = 0.00 page-4966190e7ca45b28.js:1:14434
     - Chicken Stock: 1 × 27.99 = 27.99 page-4966190e7ca45b28.js:1:14434
     - Pears: 1 × 21.99 = 21.99 page-4966190e7ca45b28.js:1:14434
     - Red Apples: 1 × 54.99 = 54.99 page-4966190e7ca45b28.js:1:14434
     - Cream: 1 × 0 = 0.00 page-4966190e7ca45b28.js:1:14434
     - Ellis Brown Sachets 4g: 7 × 1.6266 = 11.39 page-4966190e7ca45b28.js:1:14434
     - Potatoes: 7 × 9 = 63.00 page-4966190e7ca45b28.js:1:14434
     - Cheddar Cheese: 0.2 × 0 = 0.00 page-4966190e7ca45b28.js:1:14434
     - Onion: 1 × 7.5 = 7.50 page-4966190e7ca45b28.js:1:14434
     - Yoghurt Bliss 150g: 1 × 13.6 = 13.60 page-4966190e7ca45b28.js:1:14434
     - Plain Yoghurt 150G: 1 × 0 = 0.00 page-4966190e7ca45b28.js:1:14434
     - Still Water 500ml: 32 × 4.166666666666667 = 133.33 page-4966190e7ca45b28.js:1:14434
     - Spinach: 4 × 0 = 0.00 page-4966190e7ca45b28.js:1:14434
     SUBTOTAL: 812.72 page-4966190e7ca45b28.js:1:14530
  5787. DL-00005 (2025-12-08T00:00:00.000Z): page-4966190e7ca45b28.js:1:14168
     - Yoghurt Bliss 150g: 3 × 13.6 = 40.80 page-4966190e7ca45b28.js:1:14434
     - Plain Yoghurt 150G: 1 × 0 = 0.00 page-4966190e7ca45b28.js:1:14434
     - Still Water 500ml: 1 × 4.166666666666667 = 4.17 page-4966190e7ca45b28.js:1:14434
     - Liqui Fruit Can 300ml: 2 × 10.25 = 20.50 page-4966190e7ca45b28.js:1:14434
     SUBTOTAL: 65.47 page-4966190e7ca45b28.js:1:14530
  5788. DL-00002 (2025-12-08T00:00:00.000Z): page-4966190e7ca45b28.js:1:14168
     - Brown Bread: 3 × 14.59 = 43.77 page-4966190e7ca45b28.js:1:14434
     - White Bread: 2 × 16.29 = 32.58 page-4966190e7ca45b28.js:1:14434
     - Beef Sausages: 2 × 160 = 320.00 page-4966190e7ca45b28.js:1:14434
     - Pork Sausages: 0.4166 × 96 = 39.99 page-4966190e7ca45b28.js:1:14434
     - Top Score Maize Meal: 0.75 × 12.2 = 9.15 page-4966190e7ca45b28.js:1:14434
     - Traditional Oats: 1 × 30 = 30.00 page-4966190e7ca45b28.js:1:14434
     - Eggs: 12 × 2 = 24.00 page-4966190e7ca45b28.js:1:14434
     - Umcenge Milk: 5 × 18.333333333333332 = 91.67 page-4966190e7ca45b28.js:1:14434
     - Brocolli: 1 × 29.990000000000002 = 29.99 page-4966190e7ca45b28.js:1:14434
     - Cauliflower: 1 × 26.99 = 26.99 page-4966190e7ca45b28.js:1:14434
     - Lettuce: 1 × 5 = 5.00 page-4966190e7ca45b28.js:1:14434
     - Tomatoes: 1 × 17.99 = 17.99 page-4966190e7ca45b28.js:1:14434
     - Red Pepper: 0.252 × 89.89864864864865 = 22.65 page-4966190e7ca45b28.js:1:14434
     - Yellow Pepper: 0.284 × 79.86223662884927 = 22.68 page-4966190e7ca45b28.js:1:14434
     - Yoghurt Bliss 150g: 3 × 13.6 = 40.80 page-4966190e7ca45b28.js:1:14434
     - Liqui Fruit Can 300ml: 20 × 10.25 = 205.00 page-4966190e7ca45b28.js:1:14434
     - Jacobs Sachets: 5 × 85 = 425.00 page-4966190e7ca45b28.js:1:14434
     - Krush 200ML: 3 × 0 = 0.00 page-4966190e7ca45b28.js:1:14434
     - Rama: 0.5 × 50.666666666666664 = 25.33 page-4966190e7ca45b28.js:1:14434
     - Rooibos Tea: 10 × 0.48 = 4.80 page-4966190e7ca45b28.js:1:14434
     - Ellis Brown Sachets 4g: 10 × 1.6266 = 16.27 page-4966190e7ca45b28.js:1:14434
     - Selati Brown Sugar: 100 × 0.26 = 26.00 page-4966190e7ca45b28.js:1:14434
     - Canderel Sugar: 9 × 0 = 0.00 page-4966190e7ca45b28.js:1:14434
     - Cheese Slice: 17 × 3.0555555555555554 = 51.94 page-4966190e7ca45b28.js:1:14434
     SUBTOTAL: 1511.61 page-4966190e7ca45b28.js:1:14530

💰 Transaction values BEFORE date: 
Object { receiptsValueBefore: "13533773.16", dispatchesValueBefore: "7545425.14", netValue: "5988348.01" }
page-4966190e7ca45b28.js:1:14594
📋 Using inventory count baseline: 25501.63 page-4966190e7ca45b28.js:1:14831
💰 FINAL Financial calculations: 
Object { openingStockValue: "25501.63", periodPurchasesExclVAT: "1081620.79", periodConsumptionExclVAT: "856960.59", periodSalesExclVAT: "1688521.70", vatOnPurchases: "162243.50", vatOnSales: "253278.25", netVATPayable: "91034.75", grossProfitBeforeVAT: "831561.11", profitPercentage: "43.9%", closingStockValue: "-884189.01" }
page-4966190e7ca45b28.js:1:17716
✅ Analytics data with client-side filtering processed successfully page-4966190e7ca45b28.js:1:29614
📊 Purchase Orders by Status - Data: 5 items page-4966190e7ca45b28.js:1:78054
📊 Purchase Orders by Status - isMounted: true page-4966190e7ca45b28.js:1:78136
📊 Purchase Orders by Status - isLoading: false page-4966190e7ca45b28.js:1:78193
📊 Purchase Orders by Site - Data: 7 items page-4966190e7ca45b28.js:1:76527
📊 Purchase Orders by Site - isMounted: true page-4966190e7ca45b28.js:1:76609
📊 Purchase Orders by Site - isLoading: false page-4966190e7ca45b28.js:1:76666
📊 Dispatches by Type - Data: 34 items page-4966190e7ca45b28.js:1:78054
📊 Dispatches by Type - isMounted: true page-4966190e7ca45b28.js:1:78136
📊 Dispatches by Type - isLoading: false page-4966190e7ca45b28.js:1:78193
📊 Inventory by Category - Data: 1 items page-4966190e7ca45b28.js:1:78054
📊 Inventory by Category - isMounted: true page-4966190e7ca45b28.js:1:78136
📊 Inventory by Category - isLoading: false page-4966190e7ca45b28.js:1:78193
🔍 Loading analytics data with VAT on mount... page-4966190e7ca45b28.js:1:57594
🔄 Starting comprehensive data fetch for analytics with VAT... 
Object { forceRefresh: false, userSiteInfo: {…}, selectedFilterSite: null }
page-4966190e7ca45b28.js:1:29920
📊 Using cached data, skipping fetch page-4966190e7ca45b28.js:1:30118
XHRGET
https://caterflow.vercel.app/api/archive/status
[HTTP/2 200  2933ms]

GET
https://caterflow.vercel.app/favicon.ico
[HTTP/2 200  0ms]

XHRPOST
https://caterflow.vercel.app/api/archive/run

📊 Snapshot cache size: 0 8695-051fd34202ba5ef3.js:1:5722
XHRGET
https://caterflow.vercel.app/api/archive/status
[HTTP/2 200  6227ms]

XHRGET
https://caterflow.vercel.app/api/archive/status
[HTTP/2 200  9647ms]

📊 Snapshot cache size: 0 8695-051fd34202ba5ef3.js:1:5722
XHRGET
https://caterflow.vercel.app/api/archive/status
[HTTP/2 200  11148ms]

XHRGET
https://caterflow.vercel.app/api/archive/status
[HTTP/2 200  7650ms]

XHRGET
https://caterflow.vercel.app/api/archive/status
[HTTP/2 200  9005ms]

XHRGET
https://caterflow.vercel.app/api/archive/status
[HTTP/2 200  7265ms]

📊 Snapshot cache size: 0 8695-051fd34202ba5ef3.js:1:5722
XHRGET
https://caterflow.vercel.app/api/archive/status
[HTTP/2 200  10502ms]

XHRGET
https://caterflow.vercel.app/api/archive/status
[HTTP/2 200  5434ms]

XHRGET
https://caterflow.vercel.app/api/archive/status
[HTTP/2 200  8240ms]

XHRGET
https://caterflow.vercel.app/api/archive/status

